collision-id,report-number,report-version,is-preliminary,ncic-code,crash-date-time,crash-time-description,beat,city-id,city-code,city-name,county-code,city-is-active,city-is-incorporated,collision-type-code,collision-type-description,collision-type-other-desc,day-of-week,dispatch-notified,has-photographs,hit-run,is-attachments-mailed,is-deleted,is-highway-related,is-tow-away,judicial-district,motor-vehicle-involved-with-code,motor-vehicle-involved-with-desc,motor-vehicle-involved-with-other-desc,number-injured,number-killed,lighting-code,lighting-description,latitude,longitude,milepost-direction,milepost-distance,milepost-marker,milepost-unit-of-measure,pedestrian-action-code,pedestrian-action-desc,prepared-date,primary-collision-factor-code,primary-collision-factor-description,primary-collision-factor-is-cited,primary-collision-party-number,primary-road,reporting-district,reporting-district-code,reviewed-date,roadway-surface-code,secondary-direction,secondary-distance,secondary-road,secondary-unit-of-measure,sketch-desc,traffic-control-device-code,created-date,modified-date,is-county-road,is-freeway,chp-555-version,is-additonal-object-struck,notification-date,notification-time-description,has-digital-media-files,evidence-number,is-location-refer-to-narrative,is-aoi-one-same-as-location
1977946,9370-2023-00164,1,False,9370,1/17/2023 7:40:00 AM,740,054,14,109,Oakland,1,True,True,C,REAR END,,Tuesday,NotApplicable,False,,,False,True,True,ALAMEDA SUPERIOR COURT WILEY W. MANUEL COURTHOUSE,C,OTHER MOTOR VEHICLE,,0,0,A,DAYLIGHT,37.80296,-122.231603,,,,,A,NO PEDESTRIANS INVOLVED,1/17/2023 7:40:00 AM,A,VC 21658 (A),False,1,I-580 W/B,,,1/26/2023 6:23:01 AM,A,W,153.0,13TH AVENUE,F,,D,1/26/2023 6:23:04 AM,1/26/2023 6:23:04 AM,False,True,4,,1/17/2023 7:48:00 AM,748,False,,,True
1977936,9370-2023-00169,1,False,9370,1/17/2023 6:10:00 PM,1810,013,14,109,Oakland,1,True,True,C,REAR END,,Tuesday,NotApplicable,False,,,False,True,False,ALAMEDA SUPERIOR COURT WILEY W. MANUEL COURTHOUSE,C,OTHER MOTOR VEHICLE,,0,0,D,DARK-NO STREET LIGHTS,37.82899,-122.21327,,,,,A,NO PEDESTRIANS INVOLVED,1/17/2023 6:10:00 PM,A,VC 22350,False,1,SR 13 NB,,,1/26/2023 6:16:25 AM,A,S,1149.0,THORNHILL DR,F,,D,1/26/2023 6:16:27 AM,1/26/2023 6:16:27 AM,False,True,4,,1/17/2023 6:15:00 PM,1815,False,,True,
1977931,9370-2023-00119,1,False,9370,1/13/2023 9:25:00 AM,925,176,14,109,Oakland,1,True,True,C,REAR END,,Friday,NotApplicable,False,,,False,True,False,ALAMEDA SUPERIOR COURT WILEY W. MANUEL COURTHOUSE,C,OTHER MOTOR VEHICLE,,1,0,A,DAYLIGHT,37.751042,-122.205758,,,,,A,NO PEDESTRIANS INVOLVED,1/13/2023 9:25:00 AM,A,VC 22350,False,1,I-880 S/B,,,1/26/2023 6:11:39 AM,B,S,1250.0,66TH AVE,F,,D,1/26/2023 6:11:42 AM,1/26/2023 6:11:42 AM,False,True,4,,1/13/2023 9:29:00 AM,929,False,,,True
1977930,9370-2023-00166,1,False,9370,1/17/2023 9:30:00 AM,930,053,14,109,Oakland,1,True,True,B,SIDE SWIPE,,Tuesday,NotApplicable,False,,,False,True,True,ALAMEDA SUPERIOR COURT WILEY W. MANUEL COURTHOUSE,C,OTHER MOTOR VEHICLE,,0,0,A,DAYLIGHT,37.794627,-122.206268,,,,,A,NO PEDESTRIANS INVOLVED,1/17/2023 9:30:00 AM,A,VC 21658(A),False,1,I-580 W/B,,,1/26/2023 6:09:51 AM,A,W,0.22,35TH AVE,M,,D,1/26/2023 6:09:53 AM,1/26/2023 6:09:53 AM,False,True,4,,1/17/2023 9:42:00 AM,942,False,,,True
1977919,9370-2023-00150,1,False,9370,1/16/2023 6:25:00 AM,625,055,14,109,Oakland,1,True,True,E,HIT OBJECT,,Monday,NotApplicable,False,,,False,True,False,ALAMEDA SUPERIOR COURT WILEY W. MANUEL COURTHOUSE,I,FIXED OBJECT,CONCRETE WALL,0,0,B,DUSK-DAWN,37.828351,-122.292715,,,,,A,NO PEDESTRIANS INVOLVED,1/16/2023 6:25:00 AM,A,VC 22350,False,1,I-580 W/B TO I-80 E/B,,,1/26/2023 5:58:34 AM,B,W,0.22,MANDELA PARKWAY,M,,D,1/26/2023 5:58:36 AM,1/26/2023 5:58:36 AM,False,True,4,,1/16/2023 6:30:00 AM,630,False,,,True
1977907,9370-2023-00052,1,False,9370,1/6/2023 6:15:00 PM,1815,054,14,109,Oakland,1,True,True,B,SIDE SWIPE,,Friday,NotApplicable,False,F,,False,True,False,ALAMEDA SUPERIOR COURT WILEY W. MANUEL COURTHOUSE,C,OTHER MOTOR VEHICLE,,1,0,C,DARK-STREET LIGHTS,37.809127,-122.243852,,,,,A,NO PEDESTRIANS INVOLVED,1/6/2023 6:15:00 PM,A,VC 21658(a),False,1,I-580 W/B,,,1/26/2023 5:36:41 AM,A,W,553.0,LAKE PARK AVE,F,,D,1/26/2023 5:36:47 AM,1/26/2023 5:36:47 AM,False,True,4,,1/6/2023 6:27:00 PM,1827,False,,True,False
1977123,9370-2023-00170,1,False,9370,1/17/2023 3:00:00 PM,1500,176,14,109,Oakland,1,True,True,C,REAR END,,Tuesday,NotApplicable,False,,,False,True,False,ALAMEDA SUPERIOR COURT WILEY W. MANUEL COURTHOUSE,C,OTHER MOTOR VEHICLE,,0,0,A,DAYLIGHT,37.773761,-122.229299,,,,,A,NO PEDESTRIANS INVOLVED,1/17/2023 3:00:00 PM,A,VC 22350,False,1,I-880 N/B,,,1/25/2023 1:13:46 PM,A,S,1258.0,29TH AVENUE,F,,D,1/25/2023 1:13:48 PM,1/25/2023 1:13:48 PM,False,True,4,,1/17/2023 3:10:00 PM,1510,False,,,True
1977078,9370-2023-00165,1,False,9370,1/17/2023 8:28:00 AM,828,052,14,109,Oakland,1,True,True,E,HIT OBJECT,,Tuesday,NotApplicable,False,M,,False,True,True,ALAMEDA SUPERIOR COURT WILEY W. MANUEL COURTHOUSE,I,FIXED OBJECT,GUARDRAIL,0,0,A,DAYLIGHT,37.783522,-122.178478,,,,,A,NO PEDESTRIANS INVOLVED,1/17/2023 8:28:00 AM,A,VC 22107,False,1,I-580 E/B,,,1/25/2023 12:43:13 PM,A,W,85.0,SR-13 S/B TO I-580 E/B,F,,D,1/25/2023 12:43:16 PM,1/25/2023 12:43:16 PM,False,True,4,,1/17/2023 8:34:00 AM,834,False,,False,True
1977059,9370-2023-00162,1,False,9370,1/17/2023 12:38:00 PM,1238,176,14,109,Oakland,1,True,True,B,SIDE SWIPE,,Tuesday,NotApplicable,False,,,False,True,True,ALAMEDA SUPERIOR COURT WILEY W. MANUEL COURTHOUSE,C,OTHER MOTOR VEHICLE,,0,0,A,DAYLIGHT,37.752531,-122.207058,,,,,A,NO PEDESTRIANS INVOLVED,1/17/2023 12:38:00 PM,A,VC 21658(A),False,1,I-880 S/B,,,1/25/2023 12:27:44 PM,A,S,565.0,66TH AVE,F,,D,1/25/2023 12:27:49 PM,1/25/2023 12:27:49 PM,False,True,4,,1/17/2023 12:41:00 PM,1241,False,,,True
1977009,9370-2023-00144,1,False,9370,1/15/2023 7:52:00 PM,1952,178,14,109,Oakland,1,True,True,B,SIDE SWIPE,,Sunday,Yes,False,,,False,True,False,ALAMEDA SUPERIOR COURT WILEY W. MANUEL COURTHOUSE,I,FIXED OBJECT,CONCRETE BARRIER WALL,2,0,C,DARK-STREET LIGHTS,37.802306,-122.296015,,,,,A,NO PEDESTRIANS INVOLVED,1/15/2023 7:52:00 PM,A,VC 22350,False,1,I-880 N/B,,,1/25/2023 11:46:47 AM,B,N,1830.0,5TH STREET,F,,A,1/25/2023 11:46:50 AM,1/25/2023 11:46:50 AM,False,True,4,,1/15/2023 8:01:00 PM,2001,False,,True,False
1976998,9370-2023-00146,1,False,9370,1/15/2023 9:35:00 PM,2135,177,14,109,Oakland,1,True,True,E,HIT OBJECT,,Sunday,NotApplicable,False,,,False,True,False,ALAMEDA SUPERIOR COURT WILEY W. MANUEL COURTHOUSE,I,FIXED OBJECT,CONCRETE WALL,0,0,C,DARK-STREET LIGHTS,37.791697,-122.261781,,,,,A,NO PEDESTRIANS INVOLVED,1/15/2023 9:35:00 PM,A,VC 22350,False,1,I-880 S/B,,,1/25/2023 11:40:38 AM,B,S,1800.0,OAK ST,F,,D,1/25/2023 11:40:41 AM,1/25/2023 11:40:41 AM,False,True,4,,1/15/2023 9:40:00 PM,2140,False,,,True
1976990,9370-2023-00147,1,False,9370,1/15/2023 10:30:00 PM,2230,024,14,109,Oakland,1,True,True,E,HIT OBJECT,,Sunday,Yes,False,,,False,True,False,ALAMEDA SUPERIOR COURT WILEY W. MANUEL COURTHOUSE,I,FIXED OBJECT,CONCRETE BARRIER,2,0,C,DARK-STREET LIGHTS,37.850032,-122.239695,,,,,A,NO PEDESTRIANS INVOLVED,1/15/2023 10:30:00 PM,A,VC 22350,False,1,SR-24 W/B,,,1/25/2023 11:35:51 AM,B,E,200.0,GOLDEN GATE AVE,F,,D,1/25/2023 11:35:54 AM,1/25/2023 11:35:54 AM,False,True,4,,1/15/2023 10:40:00 PM,2240,False,,,True
1976972,9370-2023-00149,1,False,9370,1/16/2023 3:40:00 AM,340,054,14,109,Oakland,1,True,True,E,HIT OBJECT,,Monday,Yes,False,,,False,True,False,ALAMEDA SUPERIOR COURT WILEY W. MANUEL COURTHOUSE,I,FIXED OBJECT,CONCRETE BARRIER,0,0,D,DARK-NO STREET LIGHTS,37.808738,-122.242884,,,,,A,NO PEDESTRIANS INVOLVED,1/16/2023 3:40:00 AM,A,VC 23152(a),True,1,I-580 W/B,,,1/25/2023 11:25:00 AM,B,E,1050.0,LAKESHORE AVENUE,F,,D,1/25/2023 11:25:03 AM,1/25/2023 11:25:03 AM,False,True,4,,1/16/2023 3:45:00 AM,345,False,,,True
2000085,9370-2023-00397,1,False,9370,2/6/2023 6:05:00 PM,1805,055,14,109,Oakland,1,True,True,C,REAR END,,Monday,NotApplicable,False,M,,False,True,False,ALAMEDA SUPERIOR COURT WILEY W. MANUEL COURTHOUSE,C,OTHER MOTOR VEHICLE,,1,0,C,DARK-STREET LIGHTS,37.781322,-122.173207,,,,,A,NO PEDESTRIANS INVOLVED,2/6/2023 6:05:00 PM,A,VC 22350,False,1,I-580 TO SEMINARY AVE,,,2/22/2023 12:27:01 PM,A,E,80.0,SEMINARY AVENUE,F,,D,2/22/2023 12:27:03 PM,2/22/2023 12:27:03 PM,False,True,4,,2/6/2023 6:30:00 PM,1830,False,,,True
1999853,9370-2023-00424,1,False,9370,2/9/2023 5:25:00 PM,1725,024,14,109,Oakland,1,True,True,C,REAR END,,Thursday,NotApplicable,False,,,False,True,False,ALAMEDA SUPERIOR COURT WILEY W. MANUEL COURTHOUSE,C,OTHER MOTOR VEHICLE,,0,0,D,DARK-NO STREET LIGHTS,37.853922,-122.220636,,,,,A,NO PEDESTRIANS INVOLVED,2/9/2023 5:25:00 PM,A,VC 22350,False,1,SR-24 E/B,,,2/22/2023 9:37:21 AM,A,W,975.0,CALDECOTT TUNNEL,F,,D,2/22/2023 9:37:23 AM,2/22/2023 9:37:23 AM,False,True,4,,2/9/2023 5:30:00 PM,1730,False,,False,True
1999764,9370-2023-00420,1,False,9370,2/9/2023 9:53:00 AM,953,055,14,109,Oakland,1,True,True,B,SIDE SWIPE,,Thursday,NotApplicable,False,M,,False,True,False,ALAMEDA SUPERIOR COURT WILEY W. MANUEL COURTHOUSE,C,OTHER MOTOR VEHICLE,,0,0,A,DAYLIGHT,37.828257,-122.275948,,,,,A,NO PEDESTRIANS INVOLVED,2/9/2023 9:53:00 AM,A,VC 21750(a),False,1,I-80 E/B FROM WEST MACARTHUR BLVD.,,,2/22/2023 8:43:41 AM,A,W,370.0,MARKET ST.,F,,D,2/22/2023 8:43:44 AM,2/22/2023 8:43:44 AM,False,True,4,,2/9/2023 9:58:00 AM,958,False,,,True
1999668,9370-2023-00426,2,False,9370,2/9/2023 4:42:00 PM,1642,177,14,109,Oakland,1,True,True,C,REAR END,,Thursday,NotApplicable,False,,,False,True,False,ALAMEDA SUPERIOR COURT WILEY W. MANUEL COURTHOUSE,C,OTHER MOTOR VEHICLE,,0,0,A,DAYLIGHT,37.773857,-122.229479,,,,,A,NO PEDESTRIANS INVOLVED,2/9/2023 4:42:00 PM,A,VC 22350,False,2,I-880 N/B,,,6/8/2023 12:21:40 PM,A,S,1190.0,29TH AVE,F,,D,2/22/2023 6:50:22 AM,6/8/2023 12:21:48 PM,False,True,4,,2/9/2023 4:50:00 PM,1650,False,,,True
1999649,9370-2023-00054,1,False,9370,1/6/2023 11:58:00 PM,2358,901,14,109,Oakland,1,True,True,H,OTHER,BACKING,Friday,Yes,False,,,False,False,False,ALAMEDA SUPERIOR COURT WILEY W. MANUEL COURTHOUSE,C,OTHER MOTOR VEHICLE,,0,0,C,DARK-STREET LIGHTS,37.817966,-122.255554,,,,,A,NO PEDESTRIANS INVOLVED,1/6/2023 11:58:00 PM,A,VC 23152(G),True,1,PEARL STREET S/B (100 BLOCK),,,2/22/2023 6:03:34 AM,A,N,50.0,OAKLAND AVENUE,F,,D,2/22/2023 6:03:37 AM,2/22/2023 6:03:37 AM,False,False,4,,1/6/2023 11:59:00 PM,2359,True,E20230012,False,True
1999156,9370-2023-00069,1,False,9370,1/9/2023 4:53:00 AM,453,055,14,109,Oakland,1,True,True,E,HIT OBJECT,,Monday,NotApplicable,False,,,False,True,False,ALAMEDA SUPERIOR COURT WILEY W. MANUEL COURTHOUSE,I,FIXED OBJECT,CONCRETE WALL,0,0,C,DARK-STREET LIGHTS,37.826994,-122.286693,,,,,A,NO PEDESTRIANS INVOLVED,1/9/2023 4:53:00 AM,A,VC 22350,False,1,I-580 W/B FROM WEST MACARTHUR BLVD.,,,2/21/2023 2:03:04 PM,B,W,601.0,HOLLIS ST,F,,D,2/21/2023 2:03:08 PM,2/21/2023 2:03:08 PM,False,True,4,,1/9/2023 4:54:00 AM,454,True,AREA PHOTO FILE,,True
1998879,9370-2023-00414,1,False,9370,2/9/2023 3:30:00 AM,330,177,14,109,Oakland,1,True,True,A,HEAD-ON,,Thursday,NotApplicable,False,,,False,True,False,ALAMEDA SUPERIOR COURT WILEY W. MANUEL COURTHOUSE,I,FIXED OBJECT,CONCRETE BARRIER WALL,0,0,C,DARK-STREET LIGHTS,37.79021,-122.258318,,,,,A,NO PEDESTRIANS INVOLVED,2/9/2023 3:30:00 AM,A,VC 22350,False,1,I-880 N/B TO 5TH AVE/EMBARCADERO,,,2/21/2023 10:11:07 AM,A,S,460.0,5TH AVE,F,,D,2/21/2023 10:11:10 AM,2/21/2023 10:11:10 AM,False,True,4,,2/9/2023 3:34:00 AM,334,False,,True,
1998759,9370-2023-00413,1,False,9370,2/8/2023 6:30:00 PM,1830,024,14,109,Oakland,1,True,True,B,SIDE SWIPE,,Wednesday,NotApplicable,False,M,,False,True,False,ALAMEDA SUPERIOR COURT WILEY W. MANUEL COURTHOUSE,C,OTHER MOTOR VEHICLE,,0,0,C,DARK-STREET LIGHTS,37.860762,-122.209697,,,,,A,NO PEDESTRIANS INVOLVED,2/8/2023 6:30:00 PM,A,VC 21658(a),False,1,SR-24 E/B,,,2/21/2023 8:48:35 AM,A,W,2300.0,FISH RANCH ROAD,F,,D,2/21/2023 8:48:38 AM,2/21/2023 8:48:38 AM,False,True,4,,2/8/2023 6:35:00 PM,1835,False,,,True
1998677,9370-2023-00411,1,False,9370,2/8/2023 2:05:00 PM,1405,008,14,109,Oakland,1,True,True,B,SIDE SWIPE,,Wednesday,NotApplicable,False,,,False,True,False,ALAMEDA SUPERIOR COURT WILEY W. MANUEL COURTHOUSE,C,OTHER MOTOR VEHICLE,,0,0,A,DAYLIGHT,37.826353,-122.301164,,,,,A,NO PEDESTRIANS INVOLVED,2/8/2023 2:05:00 PM,A,VC 21658(a),False,1,I-80 W/B,,,2/21/2023 7:46:49 AM,A,E,2500.0,WEST GRAND AVENUE,F,,D,2/21/2023 7:46:51 AM,2/21/2023 7:46:51 AM,False,True,4,,2/8/2023 2:35:00 PM,1435,False,,,True
1998607,9370-2023-00380,1,False,9370,2/5/2023 4:30:00 AM,430,055,14,109,Oakland,1,True,True,E,HIT OBJECT,,Sunday,NotApplicable,False,,,False,True,True,ALAMEDA SUPERIOR COURT WILEY W. MANUEL COURTHOUSE,I,FIXED OBJECT,RAISED CONCRETE CURB,0,0,D,DARK-NO STREET LIGHTS,37.825742,-122.275169,,,,,A,NO PEDESTRIANS INVOLVED,2/5/2023 4:30:00 AM,A,VC 22107,False,1,I-580 E/B TO SR-24 E/B,,,2/21/2023 6:30:24 AM,B,E,38.0,MARKET ST,F,,D,2/21/2023 6:30:26 AM,2/21/2023 6:30:26 AM,False,True,4,,2/5/2023 4:32:00 AM,432,False,,,True
1998595,9370-2023-00390,1,False,9370,2/5/2023 3:40:00 AM,340,008,14,109,Oakland,1,True,True,E,HIT OBJECT,,Sunday,Yes,False,,,False,True,False,ALAMEDA SUPERIOR COURT WILEY W. MANUEL COURTHOUSE,I,FIXED OBJECT,CONCRETE BARRIER WALL,0,0,C,DARK-STREET LIGHTS,37.825258,-122.304816,,,,,A,NO PEDESTRIANS INVOLVED,2/5/2023 3:40:00 AM,A,VC 23152(a),True,1,I-80 E/B,,,2/21/2023 6:19:34 AM,B,E,2600.0,SFOBB TOLL PLAZA,F,,D,2/21/2023 6:19:35 AM,2/21/2023 6:19:35 AM,False,True,4,,2/5/2023 3:43:00 AM,343,False,,,True
1998579,9370-2023-00272,1,False,9370,1/26/2023 7:20:00 PM,1920,177,14,109,Oakland,1,True,True,B,SIDE SWIPE,,Thursday,NotApplicable,False,M,,False,True,False,ALAMEDA SUPERIOR COURT WILEY W. MANUEL COURTHOUSE,C,OTHER MOTOR VEHICLE,,0,0,C,DARK-STREET LIGHTS,37.784596,-122.242425,,,,,A,NO PEDESTRIANS INVOLVED,1/26/2023 7:20:00 PM,A,VC 21658(A),False,1,I-880 S/B,,,2/21/2023 5:51:15 AM,A,N,2850.0,23RD AVE,F,,D,2/21/2023 5:51:18 AM,2/21/2023 5:51:18 AM,False,True,4,,1/26/2023 7:35:00 PM,1935,False,,,True
1998570,9370-2023-00393,1,False,9370,2/6/2023 2:55:00 PM,1455,025,14,109,Oakland,1,True,True,B,SIDE SWIPE,,Monday,NotApplicable,False,,,False,True,False,ALAMEDA SUPERIOR COURT WILEY W. MANUEL COURTHOUSE,C,OTHER MOTOR VEHICLE,,0,0,A,DAYLIGHT,37.84279,-122.256959,,,,,A,NO PEDESTRIANS INVOLVED,2/6/2023 2:55:00 PM,A,VC 21658(A),False,1,SR-24 W/B,,,2/21/2023 5:35:48 AM,A,W,384.0,TELEGRAPH AVENUE,F,,D,2/21/2023 5:35:54 AM,2/21/2023 5:35:54 AM,False,True,4,,2/6/2023 3:00:00 PM,1500,False,,,True
1997995,9335-2023-00295,1,False,9335,2/12/2023 1:42:00 PM,1342,082,14,109,Oakland,1,True,True,C,REAR END,,Sunday,Yes,False,,,False,True,False,ALAMEDA SUPERIOR COURT ALAMEDA,C,OTHER MOTOR VEHICLE,,3,0,A,DAYLIGHT,37.822195,-122.327214,,,,,A,NO PEDESTRIANS INVOLVED,2/12/2023 1:42:00 PM,A,VC 22350,False,1,I-80 WESTBOUND,,,2/19/2023 7:48:40 AM,A,W,2930.0,SFOBB METERING LIGHTS,F,,D,2/19/2023 7:48:43 AM,2/19/2023 7:48:43 AM,False,True,4,,2/12/2023 1:45:00 PM,1345,True,EMBEDDED,,True
1997305,9370-2023-00404,1,False,9370,2/7/2023 5:00:00 PM,1700,008,14,109,Oakland,1,True,True,E,HIT OBJECT,,Tuesday,NotApplicable,False,,,False,True,True,ALAMEDA SUPERIOR COURT WILEY W. MANUEL COURTHOUSE,I,FIXED OBJECT,METAL ATTENUATOR,0,0,A,DAYLIGHT,37.825946,-122.303517,,,,,A,NO PEDESTRIANS INVOLVED,2/7/2023 5:00:00 PM,A,VC 22107,False,1,I-80 W/B,,,2/17/2023 12:01:31 PM,A,E,735.0,I-880 N/B TO I-80 W/B TRANSITION,F,,D,2/17/2023 12:01:33 PM,2/17/2023 12:01:33 PM,False,True,4,,2/7/2023 5:03:00 PM,1703,False,,True,False
1997246,9370-2023-00405,1,False,9370,2/7/2023 4:52:00 PM,1652,008,14,109,Oakland,1,True,True,C,REAR END,,Tuesday,NotApplicable,False,M,,False,True,True,ALAMEDA SUPERIOR COURT WILEY W. MANUEL COURTHOUSE,C,OTHER MOTOR VEHICLE,,0,0,A,DAYLIGHT,37.822871,-122.301112,,,,,A,NO PEDESTRIANS INVOLVED,2/7/2023 4:52:00 PM,A,VC 22350,False,1,I-80 E/B TO WEST GRAND AVENUE,,,2/17/2023 10:57:26 AM,A,W,137.0,MARITIME STREET,F,,A,2/17/2023 10:57:36 AM,2/17/2023 10:57:36 AM,False,True,4,,2/7/2023 4:55:00 PM,1655,False,,,True
1997240,9370-2023-00403,1,False,9370,2/7/2023 1:40:00 PM,1340,055,14,109,Oakland,1,True,True,C,REAR END,,Tuesday,NotApplicable,False,M,,False,True,False,ALAMEDA SUPERIOR COURT WILEY W. MANUEL COURTHOUSE,C,OTHER MOTOR VEHICLE,,0,0,A,DAYLIGHT,37.822959,-122.262456,,,,,A,NO PEDESTRIANS INVOLVED,2/7/2023 1:40:00 PM,A,VC 22350,False,1,I-580 E/B,,,2/17/2023 10:50:16 AM,A,W,128.0,WEBSTER ST,F,,D,2/17/2023 10:50:19 AM,2/17/2023 10:50:19 AM,False,True,4,,2/7/2023 1:54:00 PM,1354,False,,,True
1997223,9370-2023-00402,1,False,9370,2/7/2023 2:45:00 PM,1445,176,14,109,Oakland,1,True,True,C,REAR END,,Tuesday,NotApplicable,False,,,False,True,False,ALAMEDA SUPERIOR COURT WILEY W. MANUEL COURTHOUSE,C,OTHER MOTOR VEHICLE,,0,0,A,DAYLIGHT,37.774127,-122.230299,,,,,A,NO PEDESTRIANS INVOLVED,2/7/2023 2:45:00 PM,A,VC 22350,False,1,I-880 N/B,,,2/17/2023 10:37:35 AM,A,S,910.0,29TH AVE,F,,D,2/17/2023 10:37:38 AM,2/17/2023 10:37:38 AM,False,True,4,,2/7/2023 2:52:00 PM,1452,False,,,True
1997190,9370-2023-00400,1,False,9370,2/7/2023 8:45:00 AM,845,008,14,109,Oakland,1,True,True,B,SIDE SWIPE,,Tuesday,NotApplicable,False,,,False,True,False,ALAMEDA SUPERIOR COURT WILEY W. MANUEL COURTHOUSE,C,OTHER MOTOR VEHICLE,,0,0,A,DAYLIGHT,37.825022,-122.313416,,,,,A,NO PEDESTRIANS INVOLVED,2/7/2023 8:45:00 AM,A,VC 21658(A),False,1,I-80 W/B,,,2/17/2023 10:20:30 AM,A,E,110.0,SAN FRANCISCO - OAKLAND BAY BRIDGE TOLL PLAZA,F,,D,2/17/2023 10:20:33 AM,2/17/2023 10:20:33 AM,False,True,4,,2/7/2023 9:00:00 AM,900,False,,,True
1997181,9370-2023-00432,1,False,9370,2/10/2023 4:45:00 PM,1645,176,14,109,Oakland,1,True,True,C,REAR END,,Friday,NotApplicable,False,,,False,True,False,ALAMEDA SUPERIOR COURT WILEY W. MANUEL COURTHOUSE,C,OTHER MOTOR VEHICLE,,0,0,A,DAYLIGHT,37.766084,-122.218806,,,,,A,NO PEDESTRIANS INVOLVED,2/10/2023 4:45:00 PM,A,VC 22350,False,1,I-880 S/B,,,2/17/2023 10:15:52 AM,A,S,850.0,HIGH STREET,F,,D,2/17/2023 10:15:55 AM,2/17/2023 10:15:55 AM,False,True,4,,2/10/2023 4:45:00 PM,1645,False,,False,True
1996990,9370-2023-00353,1,False,9370,2/3/2023 6:45:00 AM,645,177,14,109,Oakland,1,True,True,E,HIT OBJECT,,Friday,NotApplicable,False,,,False,True,True,ALAMEDA SUPERIOR COURT WILEY W. MANUEL COURTHOUSE,I,FIXED OBJECT,SAND BARRELS,0,0,A,DAYLIGHT,37.794237,-122.264467,,,,,A,NO PEDESTRIANS INVOLVED,2/3/2023 6:45:00 AM,A,VC 22107,False,1,I-880 N/B,,,2/17/2023 7:53:15 AM,B,S,300.0,JACKSON ST,F,,D,2/17/2023 7:53:17 AM,2/17/2023 7:53:17 AM,False,True,4,,2/3/2023 6:50:00 AM,650,False,,,True
1996962,9335-2023-00252,1,False,9335,2/7/2023 7:40:00 AM,740,082,14,109,Oakland,1,True,True,B,SIDE SWIPE,,Tuesday,NotApplicable,False,,,False,True,False,ALAMEDA SUPERIOR COURT ALAMEDA,C,OTHER MOTOR VEHICLE,,0,0,A,DAYLIGHT,37.824635,-122.315568,,,,,A,NO PEDESTRIANS INVOLVED,2/7/2023 7:40:00 AM,B,UNSAFE MERGE,,2,I-80 W/B,,,2/17/2023 7:27:45 AM,A,W,480.0,SAN FRANCISCO/OAKLAND BAY BRIDGE TOLL PLAZA,F,,D,2/17/2023 7:27:47 AM,2/17/2023 7:27:47 AM,False,True,4,,2/7/2023 8:22:00 AM,822,True,AREA PHOTO FILE,,True
1996942,9370-2023-00293,1,False,9370,1/28/2023 6:55:00 AM,655,177,14,109,Oakland,1,True,True,C,REAR END,,Saturday,Yes,False,,,False,True,True,ALAMEDA SUPERIOR COURT WILEY W. MANUEL COURTHOUSE,C,OTHER MOTOR VEHICLE,,1,0,B,DUSK-DAWN,37.789561,-122.256948,,,,,A,NO PEDESTRIANS INVOLVED,1/28/2023 6:55:00 AM,A,VC 23152(a),True,1,I-880 S/B,,,2/17/2023 7:02:58 AM,A,S,840.0,5TH AVENUE,F,,D,2/17/2023 7:03:00 AM,2/17/2023 7:03:00 AM,False,True,4,,1/28/2023 7:00:00 AM,700,False,,True,False
1996906,9370-2023-00163,1,False,9370,1/17/2023 8:48:00 AM,848,901,14,109,Oakland,1,True,True,B,SIDE SWIPE,,Tuesday,NotApplicable,False,M,,False,False,False,ALAMEDA SUPERIOR COURT WILEY W. MANUEL COURTHOUSE,C,OTHER MOTOR VEHICLE,,0,0,A,DAYLIGHT,37.837012,-122.260858,,,,,A,NO PEDESTRIANS INVOLVED,1/17/2023 8:48:00 AM,A,VC 21658(A),False,1,51ST ST,,,2/17/2023 6:22:08 AM,A,,,CLARKE ST,,,A,2/17/2023 6:22:10 AM,2/17/2023 6:22:10 AM,False,False,4,,1/17/2023 8:50:00 AM,850,False,,,True
1995980,9370-2023-00336,1,False,9370,2/1/2023 11:00:00 AM,1100,098,14,109,Oakland,1,True,True,C,REAR END,,Wednesday,NotApplicable,False,,,False,True,True,ALAMEDA SUPERIOR COURT WILEY W. MANUEL COURTHOUSE,C,OTHER MOTOR VEHICLE,,0,0,A,DAYLIGHT,37.8172,-122.270983,,,,,A,NO PEDESTRIANS INVOLVED,2/1/2023 11:00:00 AM,A,VC 22350,False,1,I-980 W/B TO 27TH ST.,,,2/16/2023 8:14:45 AM,A,E,50.0,27TH ST,F,,A,2/16/2023 8:14:48 AM,2/16/2023 8:14:48 AM,False,True,4,,2/1/2023 11:12:00 AM,1112,True,AREA PHOTO FILE,False,True