collision-id,report-number,report-version,is-preliminary,ncic-code,crash-date-time,crash-time-description,beat,city-id,city-code,city-name,county-code,city-is-active,city-is-incorporated,collision-type-code,collision-type-description,collision-type-other-desc,day-of-week,dispatch-notified,has-photographs,hit-run,is-attachments-mailed,is-deleted,is-highway-related,is-tow-away,judicial-district,motor-vehicle-involved-with-code,motor-vehicle-involved-with-desc,motor-vehicle-involved-with-other-desc,number-injured,number-killed,lighting-code,lighting-description,latitude,longitude,milepost-direction,milepost-distance,milepost-marker,milepost-unit-of-measure,pedestrian-action-code,pedestrian-action-desc,prepared-date,primary-collision-factor-code,primary-collision-factor-description,primary-collision-factor-is-cited,primary-collision-party-number,primary-road,reporting-district,reporting-district-code,reviewed-date,roadway-surface-code,secondary-direction,secondary-distance,secondary-road,secondary-unit-of-measure,sketch-desc,traffic-control-device-code,created-date,modified-date,is-county-road,is-freeway,chp-555-version,is-additonal-object-struck,notification-date,notification-time-description,has-digital-media-files,evidence-number,is-location-refer-to-narrative,is-aoi-one-same-as-location
2044559,9370-2023-01007,1,False,9370,3/31/2023 5:51:00 PM,1751,052,14,109,Oakland,1,True,True,C,REAR END,,Friday,No,False,M,,False,True,False,ALAMEDA SUPERIOR COURT WILEY W. MANUEL COURTHOUSE,C,OTHER MOTOR VEHICLE,,0,0,A,DAYLIGHT,37.783724,-122.18847,,,,,A,NO PEDESTRIANS INVOLVED,3/31/2023 5:51:00 PM,A,VC 22350,False,1,I-580 W/B TO MACARTHUR OFR,,,4/13/2023 3:28:06 PM,A,W,20.0,MACARTHUR BLVD,F,,A,4/13/2023 3:28:08 PM,4/13/2023 3:28:08 PM,False,True,4,,3/31/2023 6:01:00 PM,1801,False,,,True
2044545,9370-2023-01012,1,False,9370,3/31/2023 4:55:00 PM,1655,176,14,109,Oakland,1,True,True,B,SIDE SWIPE,,Friday,NotApplicable,False,M,,False,True,False,ALAMEDA SUPERIOR COURT WILEY W. MANUEL COURTHOUSE,C,OTHER MOTOR VEHICLE,,0,0,A,DAYLIGHT,37.737419,-122.19338,,,,,A,NO PEDESTRIANS INVOLVED,3/31/2023 4:55:00 PM,A,VC 21658(A),False,1,I-880 N/B,,,4/13/2023 3:17:59 PM,A,S,1402.0,HEGENBERGER RD,F,,D,4/13/2023 3:18:01 PM,4/13/2023 3:18:01 PM,False,True,4,,3/31/2023 4:56:00 PM,1656,False,,,True
2044075,9370-2023-01011,1,False,9370,3/31/2023 4:25:00 PM,1625,176,14,109,Oakland,1,True,True,C,REAR END,,Friday,NotApplicable,False,,,False,True,False,ALAMEDA SUPERIOR COURT WILEY W. MANUEL COURTHOUSE,C,OTHER MOTOR VEHICLE,,0,0,A,DAYLIGHT,37.736704,-122.192822,,,,,A,NO PEDESTRIANS INVOLVED,3/31/2023 4:25:00 PM,A,VC 22350,False,1,I-880 N/B,,,4/13/2023 10:10:59 AM,A,S,1694.0,HEGENBERGER RD,F,,D,4/13/2023 10:11:01 AM,4/13/2023 10:11:01 AM,False,True,4,,3/31/2023 4:30:00 PM,1630,False,,,True
2044058,9370-2023-00985,1,False,9370,3/29/2023 9:50:00 PM,2150,176,14,109,Oakland,1,True,True,C,REAR END,,Wednesday,NotApplicable,False,,,False,True,False,ALAMEDA SUPERIOR COURT WILEY W. MANUEL COURTHOUSE,C,OTHER MOTOR VEHICLE,,0,0,E,DARK-STREET LIGHTS NOT FUNCTIONING*,37.745994,-122.201015,,,,,A,NO PEDESTRIANS INVOLVED,3/29/2023 9:50:00 PM,A,VC 22350,False,2,I-880 N/B,,,4/13/2023 10:05:03 AM,B,S,3472.0,66TH AVE,F,,D,4/13/2023 10:05:05 AM,4/13/2023 10:05:05 AM,False,True,4,True,3/29/2023 9:51:00 PM,2151,False,,,True
2043395,9370-2023-01006,1,False,9370,3/31/2023 2:15:00 PM,1415,025,14,109,Oakland,1,True,True,B,SIDE SWIPE,,Friday,NotApplicable,False,M,,False,True,False,ALAMEDA SUPERIOR COURT WILEY W. MANUEL COURTHOUSE,C,OTHER MOTOR VEHICLE,,0,0,A,DAYLIGHT,37.82565,-122.268428,,,,,A,NO PEDESTRIANS INVOLVED,3/31/2023 2:15:00 PM,A,VC 21658(A),False,1,SR-24 W/B TO I-580 E/B,,,4/12/2023 1:49:00 PM,A,W,475.0,W. MACARTHUR BLVD,F,,D,4/12/2023 1:51:03 PM,4/12/2023 1:51:03 PM,False,True,4,,3/31/2023 2:30:00 PM,1430,False,,,True
2043087,9370-2023-01003,1,False,9370,3/31/2023 5:37:00 AM,537,176,14,109,Oakland,1,True,True,C,REAR END,,Friday,NotApplicable,False,M,,False,True,True,ALAMEDA SUPERIOR COURT WILEY W. MANUEL COURTHOUSE,C,OTHER MOTOR VEHICLE,,0,0,D,DARK-NO STREET LIGHTS,37.731208,-122.187918,,,,,A,NO PEDESTRIANS INVOLVED,3/31/2023 5:37:00 AM,A,VC 22350,False,1,I-880 N/B,,,4/12/2023 9:45:20 AM,A,S,120.0,98TH AVENUE,F,,D,4/12/2023 9:45:22 AM,4/12/2023 9:45:22 AM,False,True,4,,3/31/2023 5:42:00 AM,542,False,,,True
2043043,9370-2023-01024,1,False,9370,3/30/2023 4:45:00 PM,1645,052,14,109,Oakland,1,True,True,C,REAR END,,Thursday,NotApplicable,False,,,False,True,True,ALAMEDA SUPERIOR COURT WILEY W. MANUEL COURTHOUSE,C,OTHER MOTOR VEHICLE,,0,0,A,DAYLIGHT,37.779092,-122.170203,,,,,A,NO PEDESTRIANS INVOLVED,3/30/2023 4:45:00 PM,A,VC 22350,False,1,I-580 W/B,,,4/12/2023 9:10:27 AM,A,W,580.0,EDWARDS AVE,F,,D,4/12/2023 9:10:29 AM,4/12/2023 9:10:29 AM,False,True,4,,3/30/2023 5:20:00 PM,1720,False,,,True
2042993,9370-2023-01002,1,False,9370,3/30/2023 3:30:00 PM,1530,177,14,109,Oakland,1,True,True,C,REAR END,,Thursday,NotApplicable,False,,,False,True,True,ALAMEDA SUPERIOR COURT WILEY W. MANUEL COURTHOUSE,C,OTHER MOTOR VEHICLE,,0,0,A,DAYLIGHT,37.798256,-122.273884,,,,,A,NO PEDESTRIANS INVOLVED,3/30/2023 3:30:00 PM,A,VC 22350,False,1,I-880 N/B,,,4/12/2023 8:39:08 AM,A,S,300.0,BROADWAY,F,,D,4/12/2023 8:39:11 AM,4/12/2023 8:39:11 AM,False,True,4,,3/30/2023 3:40:00 PM,1540,False,,,True
2042928,9370-2023-00990,1,False,9370,3/30/2023 1:35:00 PM,1335,053,14,109,Oakland,1,True,True,C,REAR END,,Thursday,NotApplicable,False,,,False,True,False,ALAMEDA SUPERIOR COURT WILEY W. MANUEL COURTHOUSE,C,OTHER MOTOR VEHICLE,,1,0,A,DAYLIGHT,37.792031,-122.20353,,,,,A,NO PEDESTRIANS INVOLVED,3/30/2023 1:35:00 PM,A,VC 22350,False,1,I-580 E/B,,,4/12/2023 7:35:51 AM,A,W,1150.0,35TH AVE,F,,D,4/12/2023 7:35:54 AM,4/12/2023 7:35:54 AM,False,True,4,,3/30/2023 1:40:00 PM,1340,False,,,True
2042909,9370-2023-00993,1,False,9370,3/30/2023 1:10:00 PM,1310,053,14,109,Oakland,1,True,True,C,REAR END,,Thursday,NotApplicable,False,,,False,True,True,ALAMEDA SUPERIOR COURT WILEY W. MANUEL COURTHOUSE,C,OTHER MOTOR VEHICLE,,0,0,A,DAYLIGHT,37.793782,-122.205357,,,,,A,NO PEDESTRIANS INVOLVED,3/30/2023 1:10:00 PM,A,VC 22350,False,1,I-580 E/B,,,4/12/2023 7:10:16 AM,A,W,775.0,35TH AVE,F,,D,4/12/2023 7:10:18 AM,4/12/2023 7:10:18 AM,False,True,4,,3/30/2023 1:16:00 PM,1316,False,,,True
2042886,9345-2023-01104,1,False,9370,3/30/2023 9:10:00 AM,910,177,14,109,Oakland,1,True,True,E,HIT OBJECT,,Thursday,NotApplicable,False,,,False,True,False,ALAMEDA SUPERIOR COURT WILEY W. MANUEL COURTHOUSE,J,OTHER OBJECT,ROCK,0,0,A,DAYLIGHT,37.785442,-122.244074,,,,,A,NO PEDESTRIANS INVOLVED,3/30/2023 9:10:00 AM,C,,,,I-880 S/B,,,4/12/2023 6:50:48 AM,A,S,100.0,16TH AVE,F,,D,4/12/2023 6:50:50 AM,4/12/2023 6:50:50 AM,False,True,4,,3/30/2023 9:30:00 AM,930,False,,,True
2042843,9370-2023-00989,1,False,9370,3/30/2023 6:25:00 AM,625,054,14,109,Oakland,1,True,True,C,REAR END,,Thursday,NotApplicable,False,,,False,True,True,ALAMEDA SUPERIOR COURT WILEY W. MANUEL COURTHOUSE,C,OTHER MOTOR VEHICLE,,0,0,B,DUSK-DAWN,37.816503,-122.251858,,,,,A,NO PEDESTRIANS INVOLVED,3/30/2023 6:25:00 AM,A,VC 22350,False,1,I-580 EASTBOUND,,,4/12/2023 4:58:28 AM,A,W,65.0,CHETWOOD STREET,F,,D,4/12/2023 4:58:33 AM,4/12/2023 4:58:33 AM,False,True,4,,3/30/2023 6:30:00 AM,630,False,,,True
2042458,9335-2023-00396,2,False,9335,2/19/2023 2:00:00 PM,1400,908,14,109,Oakland,1,True,True,B,SIDE SWIPE,,Sunday,NotApplicable,False,M,,False,True,False,ALAMEDA SUPERIOR COURT WILEY W. MANUEL COURTHOUSE,C,OTHER MOTOR VEHICLE,,0,0,A,DAYLIGHT,37.822781,-122.321753,,,,,A,NO PEDESTRIANS INVOLVED,2/19/2023 2:00:00 PM,A,VC 21658(A),False,1,I-80 W/B,,,5/23/2023 1:52:10 PM,A,W,1350.0,METERING LIGHTS,F,,D,4/11/2023 7:45:07 PM,5/23/2023 1:52:28 PM,False,True,4,,2/25/2023 1:00:00 PM,1300,False,,,True
2042126,9370-2023-00978,1,False,9370,3/29/2023 6:30:00 PM,1830,055,14,109,Oakland,1,True,True,C,REAR END,,Wednesday,NotApplicable,False,,,False,True,False,ALAMEDA SUPERIOR COURT WILEY W. MANUEL COURTHOUSE,E,PARKED MOTOR VEHICLE,,0,0,A,DAYLIGHT,37.829678,-122.293299,,,,,A,NO PEDESTRIANS INVOLVED,3/29/2023 6:30:00 PM,A,VC 22350,False,1,I-580 W/B TO I-80 E/B,,,4/11/2023 12:49:17 PM,B,W,1055.0,BEACH STREET,F,,D,4/11/2023 12:49:21 PM,4/11/2023 12:49:21 PM,False,True,4,,3/29/2023 6:31:00 PM,1831,False,,,True
2042079,9370-2023-00998,1,False,9370,3/29/2023 1:40:00 PM,1340,025,14,109,Oakland,1,True,True,E,HIT OBJECT,,Wednesday,NotApplicable,False,,,False,True,False,ALAMEDA SUPERIOR COURT WILEY W. MANUEL COURTHOUSE,I,FIXED OBJECT,CONCRETE BARRIER,1,0,A,DAYLIGHT,37.844194,-122.253535,,,,,A,NO PEDESTRIANS INVOLVED,3/29/2023 1:40:00 PM,A,VC 22350,False,1,SR-24 W/B,,,4/11/2023 12:09:39 PM,B,E,210.0,FOREST STREET,F,,D,4/11/2023 12:09:41 PM,4/11/2023 12:09:41 PM,False,True,4,,3/29/2023 1:46:00 PM,1346,False,,True,False
2042043,9370-2023-00981,1,False,9370,3/29/2023 6:00:00 PM,1800,055,14,109,Oakland,1,True,True,A,HEAD-ON,,Wednesday,NotApplicable,False,,,False,True,False,ALAMEDA SUPERIOR COURT WILEY W. MANUEL COURTHOUSE,I,FIXED OBJECT,CONCRETE BARRIER,0,0,A,DAYLIGHT,37.830441,-122.293215,,,,,A,NO PEDESTRIANS INVOLVED,3/29/2023 6:00:00 PM,A,VC 22350,False,1,I-580 W/B TO I-80 E/B,,,4/11/2023 11:34:37 AM,B,E,890.0,POWELL STREET,F,,D,4/11/2023 11:34:39 AM,4/11/2023 11:34:39 AM,False,True,4,,3/29/2023 6:01:00 PM,1801,False,,,True
2041772,9370-2023-00976,1,False,9370,3/29/2023 1:58:00 PM,1358,054,14,109,Oakland,1,True,True,B,SIDE SWIPE,,Wednesday,NotApplicable,False,M,,False,True,True,ALAMEDA SUPERIOR COURT WILEY W. MANUEL COURTHOUSE,C,OTHER MOTOR VEHICLE,,0,0,A,DAYLIGHT,37.808421,-122.241572,,,,,A,NO PEDESTRIANS INVOLVED,3/29/2023 1:58:00 PM,A,VC 21658(A),False,1,I-580 W/B,,,4/11/2023 8:05:54 AM,B,E,83.0,LAKE PARK AVE,F,,D,4/11/2023 8:05:57 AM,4/11/2023 8:05:57 AM,False,True,4,,3/29/2023 2:10:00 PM,1410,False,,,True
2041754,9370-2023-00975,1,False,9370,3/29/2023 1:45:00 PM,1345,098,14,109,Oakland,1,True,True,E,HIT OBJECT,,Wednesday,NotApplicable,False,,,False,True,True,ALAMEDA SUPERIOR COURT WILEY W. MANUEL COURTHOUSE,J,OTHER OBJECT,LIGHTPOLE/METAL GUARDRAIL,0,0,A,DAYLIGHT,37.819973,-122.269867,,,,,A,NO PEDESTRIANS INVOLVED,3/29/2023 1:45:00 PM,A,VC 22350,False,1,I-980 W/B,,,4/11/2023 7:34:45 AM,B,E,150.0,30TH STREET,F,,D,4/11/2023 7:34:48 AM,4/11/2023 7:34:48 AM,False,True,4,,3/29/2023 1:50:00 PM,1350,False,,,True
2041733,9370-2023-00973,1,False,9370,3/29/2023 12:18:00 PM,1218,052,14,109,Oakland,1,True,True,C,REAR END,,Wednesday,NotApplicable,False,,,False,True,False,ALAMEDA SUPERIOR COURT WILEY W. MANUEL COURTHOUSE,C,OTHER MOTOR VEHICLE,,0,0,A,DAYLIGHT,37.776792,-122.165394,,,,,A,NO PEDESTRIANS INVOLVED,3/29/2023 12:18:00 PM,A,VC 22350,False,1,I-580 E/B,,,4/11/2023 7:10:52 AM,B,W,340.0,EDWARDS AVENUE,F,,D,4/11/2023 7:10:54 AM,4/11/2023 7:10:54 AM,False,True,4,,3/29/2023 12:38:00 PM,1238,False,,,True
2041715,9370-2023-00968,1,False,9370,3/29/2023 9:35:00 AM,935,052,14,109,Oakland,1,True,True,B,SIDE SWIPE,,Wednesday,NotApplicable,False,M,,False,True,False,ALAMEDA SUPERIOR COURT WILEY W. MANUEL COURTHOUSE,C,OTHER MOTOR VEHICLE,,0,0,A,DAYLIGHT,37.783822,-122.178596,,,,,A,NO PEDESTRIANS INVOLVED,3/29/2023 9:35:00 AM,A,VC 21658(a),False,1,I-580 W/B,,,4/11/2023 6:52:38 AM,B,W,45.0,SEMINARY AVE,F,,D,4/11/2023 6:52:41 AM,4/11/2023 6:52:41 AM,False,True,4,,3/29/2023 9:43:00 AM,943,False,,,True
2040537,9370-2023-01027,1,False,9370,4/3/2023 6:18:00 AM,618,008,14,109,Oakland,1,True,True,C,REAR END,,Monday,NotApplicable,False,,,False,True,False,ALAMEDA SUPERIOR COURT WILEY W. MANUEL COURTHOUSE,C,OTHER MOTOR VEHICLE,,0,0,A,DAYLIGHT,37.824691,-122.312439,,,,,A,NO PEDESTRIANS INVOLVED,4/3/2023 6:18:00 AM,A,VC 22350,False,1,I-80 W/B,,,4/10/2023 6:10:33 AM,A,E,1000.0,SAN FRANCISCO OAKLAND BAY BRIDGE TOLL PLAZA (SFOBB),F,,D,4/10/2023 6:10:35 AM,4/10/2023 6:10:35 AM,False,True,4,,4/3/2023 6:22:00 AM,622,False,,,True
2040532,9370-2023-00695,1,False,9370,3/6/2023 7:38:00 AM,738,901,14,109,Oakland,1,True,True,C,REAR END,,Monday,NotApplicable,False,M,,False,False,False,ALAMEDA SUPERIOR COURT WILEY W. MANUEL COURTHOUSE,C,OTHER MOTOR VEHICLE,,0,0,A,DAYLIGHT,37.783124,-122.236321,,,,,A,NO PEDESTRIANS INVOLVED,3/6/2023 7:38:00 AM,A,VC 22350,False,1,23RD AVENUE (1200 BLOCK),,,4/10/2023 5:52:40 AM,B,W,270.0,INTERNATIONAL BOULEVARD,F,,D,4/10/2023 5:52:44 AM,4/10/2023 5:52:44 AM,False,False,4,,3/6/2023 7:47:00 AM,747,False,,,True
2040368,9370-2023-00896,1,False,9370,3/21/2023 9:40:00 PM,2140,054,14,109,Oakland,1,True,True,E,HIT OBJECT,,Tuesday,Yes,False,,,False,True,True,ALAMEDA SUPERIOR COURT WILEY W. MANUEL COURTHOUSE,I,FIXED OBJECT,CENTER MEDIAN WALL,1,0,C,DARK-STREET LIGHTS,37.808604,-122.242375,,,,,A,NO PEDESTRIANS INVOLVED,3/21/2023 9:40:00 PM,A,VC 22350,False,1,I-580 W/B,,,4/9/2023 1:14:12 PM,B,W,110.0,LAKESHORE AVE,F,,D,4/9/2023 1:15:30 PM,4/9/2023 1:15:30 PM,False,True,4,,3/21/2023 9:50:00 PM,2150,False,,,True
2040364,9370-2023-00964,1,False,9370,3/28/2023 10:10:00 PM,2210,008,14,109,Oakland,1,True,True,E,HIT OBJECT,,Tuesday,NotApplicable,False,,,False,True,False,ALAMEDA SUPERIOR COURT WILEY W. MANUEL COURTHOUSE,I,FIXED OBJECT,CONCRETE BARRIER WALL,0,0,D,DARK-NO STREET LIGHTS,37.827746,-122.294625,,,,,A,NO PEDESTRIANS INVOLVED,3/28/2023 10:10:00 PM,A,VC 22350,False,1,I-80 E/B,,,4/9/2023 12:26:54 PM,B,E,3425.0,W. GRAND AVENUE,F,,D,4/9/2023 12:26:56 PM,4/9/2023 12:26:56 PM,False,True,4,,3/28/2023 10:15:00 PM,2215,False,,False,True
2040361,9370-2023-00959,1,False,9370,3/28/2023 1:45:00 PM,1345,054,14,109,Oakland,1,True,True,C,REAR END,,Tuesday,NotApplicable,False,,,False,True,False,ALAMEDA SUPERIOR COURT WILEY W. MANUEL COURTHOUSE,C,OTHER MOTOR VEHICLE,,0,0,A,DAYLIGHT,37.80815,-122.240965,,,,,A,NO PEDESTRIANS INVOLVED,3/28/2023 1:45:00 PM,A,VC 22350,False,1,I-580 W/B,,,4/9/2023 12:07:38 PM,B,E,1600.0,LAKESHORE AVE,F,,D,4/9/2023 12:08:42 PM,4/9/2023 12:08:42 PM,False,True,4,,3/28/2023 1:55:00 PM,1355,False,,,True
2040358,9370-2023-00957,1,False,9370,3/28/2023 12:40:00 PM,1240,054,14,109,Oakland,1,True,True,E,HIT OBJECT,,Tuesday,Yes,False,,,False,True,False,ALAMEDA SUPERIOR COURT WILEY W. MANUEL COURTHOUSE,I,FIXED OBJECT,CONCRETE CENTER MEDIAN,0,0,A,DAYLIGHT,37.809589,-122.245929,,,,,A,NO PEDESTRIANS INVOLVED,3/28/2023 12:40:00 PM,A,VC 22350,False,1,I-580 E/B,,,4/9/2023 11:43:46 AM,B,E,100.0,LAKESHORE AVE,F,,D,4/9/2023 11:43:48 AM,4/9/2023 11:43:48 AM,False,True,4,,3/28/2023 1:00:00 PM,1300,False,,,True
2040356,9370-2023-00953,1,False,9370,3/28/2023 12:10:00 PM,1210,025,14,109,Oakland,1,True,True,B,SIDE SWIPE,,Tuesday,NotApplicable,False,,,False,True,False,ALAMEDA SUPERIOR COURT WILEY W. MANUEL COURTHOUSE,C,OTHER MOTOR VEHICLE,,0,0,A,DAYLIGHT,37.84237,-122.258639,,,,,A,NO PEDESTRIANS INVOLVED,3/28/2023 12:10:00 PM,A,VC 21658(A),False,,SR-24 W/B,,,4/9/2023 11:42:38 AM,B,E,239.0,CLAREMONT AVE,F,,D,4/9/2023 11:42:41 AM,4/9/2023 11:42:41 AM,False,True,4,,3/28/2023 12:13:00 PM,1213,False,,,True
2040352,9370-2023-00771,1,False,9370,3/9/2023 7:50:00 PM,1950,053,14,109,Oakland,1,True,True,C,REAR END,,Thursday,Yes,False,,,False,True,False,ALAMEDA SUPERIOR COURT WILEY W. MANUEL COURTHOUSE,C,OTHER MOTOR VEHICLE,,0,0,D,DARK-NO STREET LIGHTS,37.79401,-122.205262,,,,,A,NO PEDESTRIANS INVOLVED,3/9/2023 7:50:00 PM,A,VC 22350,False,1,I-580 W/B,,,4/9/2023 9:02:50 AM,B,W,810.0,35TH AVENUE OVER-CROSSING,F,,D,4/9/2023 9:04:13 AM,4/9/2023 9:04:13 AM,False,True,4,,3/9/2023 8:00:00 PM,2000,False,,,True
2040344,9370-2023-01043,1,False,9370,1/27/2023 8:04:00 AM,804,008,14,109,Oakland,1,True,True,B,SIDE SWIPE,,Friday,NotApplicable,False,M,,False,True,False,ALAMEDA SUPERIOR COURT WILEY W. MANUEL COURTHOUSE,C,OTHER MOTOR VEHICLE,,0,0,A,DAYLIGHT,37.82507,-122.311956,,,,,A,NO PEDESTRIANS INVOLVED,1/27/2023 8:04:00 AM,A,VC 21658(A),False,1,I-80 W/B,,,4/9/2023 6:14:29 AM,A,W,506.0,SAN FRANCISCO OAKLAND BRIDGE TOLL PLAZA,F,,D,4/9/2023 6:14:34 AM,4/9/2023 6:14:34 AM,False,True,4,False,3/27/2023 5:00:00 AM,500,True,AREA PHOTO FILE,False,True
2039510,9335-2023-00684,1,False,9335,4/4/2023 12:12:00 PM,1212,082,14,109,Oakland,1,True,True,B,SIDE SWIPE,,Tuesday,NotApplicable,False,,,False,True,False,ALAMEDA SUPERIOR COURT WILEY W. MANUEL COURTHOUSE,C,OTHER MOTOR VEHICLE,,0,0,A,DAYLIGHT,37.823603,-122.318738,,,,,A,NO PEDESTRIANS INVOLVED,4/4/2023 12:12:00 PM,A,VC 21658(A),False,1,I-80 W/B,,,4/7/2023 9:45:45 AM,A,W,430.0,METERING LIGHTS,F,,D,4/7/2023 9:45:47 AM,4/7/2023 9:45:47 AM,False,True,4,,4/4/2023 12:15:00 PM,1215,False,,,True
2038972,9335-2023-00606,1,False,9335,3/25/2023 5:00:00 PM,1700,084,14,109,Oakland,1,True,True,C,REAR END,,Saturday,Yes,False,,,False,True,False,ALAMEDA SUPERIOR COURT ALAMEDA,C,OTHER MOTOR VEHICLE,,3,0,A,DAYLIGHT,37.823009,-122.318487,,,,,A,NO PEDESTRIANS INVOLVED,3/25/2023 5:00:00 PM,A,VC 22350,False,1,I-80 E/B,,,4/6/2023 4:33:51 PM,A,W,196.0,PHYSICAL GORE POINT OF I-80 E/B TO SFOBB WEST PARKING LOT,F,,D,4/6/2023 4:33:54 PM,4/6/2023 4:33:54 PM,False,True,4,,3/25/2023 5:05:00 PM,1705,True,EMBEDDED,,True
2038684,9370-2023-00960,1,False,9370,3/28/2023 2:34:00 PM,1434,053,14,109,Oakland,1,True,True,E,HIT OBJECT,,Tuesday,NotApplicable,False,,,False,True,False,ALAMEDA SUPERIOR COURT WILEY W. MANUEL COURTHOUSE,I,FIXED OBJECT,CONCRETE BARRIER,0,0,A,DAYLIGHT,37.79251,-122.203584,,,,,A,NO PEDESTRIANS INVOLVED,3/28/2023 2:34:00 PM,A,VC 22350,False,1,I-580 W/B,,,4/6/2023 11:42:59 AM,B,W,95.0,35TH AVE,F,,D,4/6/2023 11:43:00 AM,4/6/2023 11:43:00 AM,False,True,4,,3/28/2023 2:40:00 PM,1440,False,,,True
2038664,9370-2023-00956,1,False,9370,3/28/2023 1:40:00 PM,1340,055,14,109,Oakland,1,True,True,B,SIDE SWIPE,,Tuesday,NotApplicable,False,M,,False,True,False,ALAMEDA SUPERIOR COURT WILEY W. MANUEL COURTHOUSE,C,OTHER MOTOR VEHICLE,,1,0,A,DAYLIGHT,37.826602,-122.29024,,,,,A,NO PEDESTRIANS INVOLVED,3/28/2023 1:40:00 PM,A,VC 21658(a),False,1,I-580 E/B,,,4/6/2023 11:29:57 AM,B,W,135.0,MANDELA PKY,F,,D,4/6/2023 11:29:59 AM,4/6/2023 11:29:59 AM,False,True,4,,3/28/2023 2:05:00 PM,1405,False,,,True
2038638,9370-2023-00889,1,False,9370,3/21/2023 9:20:00 PM,2120,177,14,109,Oakland,1,True,True,E,HIT OBJECT,,Tuesday,NotApplicable,False,,,False,True,True,ALAMEDA SUPERIOR COURT WILEY W. MANUEL COURTHOUSE,I,FIXED OBJECT,CONCRETE BARRIER WALL,0,0,D,DARK-NO STREET LIGHTS,37.771602,-122.223595,,,,,A,NO PEDESTRIANS INVOLVED,3/21/2023 9:20:00 PM,A,VC 22107,False,1,I-880 N/B,,,4/6/2023 11:11:11 AM,B,S,1208.0,FRUITVALE AVENUE,F,,D,4/6/2023 11:11:12 AM,4/6/2023 11:11:12 AM,False,True,4,,3/21/2023 9:22:00 PM,2122,False,,,True
2038588,9370-2023-00955,1,False,9370,3/28/2023 12:50:00 PM,1250,054,14,109,Oakland,1,True,True,E,HIT OBJECT,,Tuesday,NotApplicable,False,,,False,True,True,ALAMEDA SUPERIOR COURT WILEY W. MANUEL COURTHOUSE,I,FIXED OBJECT,CONCRETE BARRIER,0,0,A,DAYLIGHT,37.809409,-122.245983,,,,,A,NO PEDESTRIANS INVOLVED,3/28/2023 12:50:00 PM,A,VC 22350,False,1,I-80 E/B,,,4/6/2023 10:39:27 AM,B,E,200.0,LAKESHORE AVE,F,,D,4/6/2023 10:39:29 AM,4/6/2023 10:39:29 AM,False,True,4,,3/28/2023 12:56:00 PM,1256,False,,,True
2038473,9370-2023-00930,1,False,9370,3/25/2023 9:50:00 PM,2150,053,14,109,Oakland,1,True,True,E,HIT OBJECT,,Saturday,NotApplicable,False,,,False,True,False,ALAMEDA SUPERIOR COURT WILEY W. MANUEL COURTHOUSE,I,FIXED OBJECT,CONCRETE BARRIER WALL,0,0,D,DARK-NO STREET LIGHTS,37.800589,-122.227412,,,,,A,NO PEDESTRIANS INVOLVED,3/25/2023 9:50:00 PM,A,VC 22107,False,1,I-580 E/B,,,4/6/2023 9:21:12 AM,A,W,400.0,FRUITVALE AVENUE,F,,D,4/6/2023 9:21:13 AM,4/6/2023 9:21:13 AM,False,True,4,,3/25/2023 9:54:00 PM,2154,False,,,True
2038272,9370-2023-00862,1,False,9370,3/19/2023 9:15:00 PM,2115,013,14,109,Oakland,1,True,True,F,OVERTURNED,,Sunday,Yes,False,,,False,True,True,ALAMEDA SUPERIOR COURT WILEY W. MANUEL COURTHOUSE,I,FIXED OBJECT,VEGITATED EMBANKMENT,1,0,D,DARK-NO STREET LIGHTS,37.787563,-122.18104,,,,,A,NO PEDESTRIANS INVOLVED,3/19/2023 9:15:00 PM,A,VC 23152(a),True,1,SR-13 S/B,,,4/6/2023 5:48:52 AM,B,S,2342.0,CARSON ST,F,,D,4/6/2023 5:48:53 AM,4/6/2023 5:48:53 AM,False,True,4,False,3/19/2023 9:18:00 PM,2118,False,,,True