collision-id,report-number,report-version,is-preliminary,ncic-code,crash-date-time,crash-time-description,beat,city-id,city-code,city-name,county-code,city-is-active,city-is-incorporated,collision-type-code,collision-type-description,collision-type-other-desc,day-of-week,dispatch-notified,has-photographs,hit-run,is-attachments-mailed,is-deleted,is-highway-related,is-tow-away,judicial-district,motor-vehicle-involved-with-code,motor-vehicle-involved-with-desc,motor-vehicle-involved-with-other-desc,number-injured,number-killed,lighting-code,lighting-description,latitude,longitude,milepost-direction,milepost-distance,milepost-marker,milepost-unit-of-measure,pedestrian-action-code,pedestrian-action-desc,prepared-date,primary-collision-factor-code,primary-collision-factor-description,primary-collision-factor-is-cited,primary-collision-party-number,primary-road,reporting-district,reporting-district-code,reviewed-date,roadway-surface-code,secondary-direction,secondary-distance,secondary-road,secondary-unit-of-measure,sketch-desc,traffic-control-device-code,created-date,modified-date,is-county-road,is-freeway,chp-555-version,is-additonal-object-struck,notification-date,notification-time-description,has-digital-media-files,evidence-number,is-location-refer-to-narrative,is-aoi-one-same-as-location
2062422,9370-2023-01278,1,False,9370,4/26/2023 7:40:00 AM,740,176,14,109,Oakland,1,True,True,C,REAR END,,Wednesday,Yes,False,,,False,True,True,ALAMEDA SUPERIOR COURT WILEY W. MANUEL COURTHOUSE,C,OTHER MOTOR VEHICLE,,1,0,A,DAYLIGHT,37.737352,-122.193447,,,,,A,NO PEDESTRIANS INVOLVED,4/26/2023 7:40:00 AM,A,VC 22350,False,1,I-880 N/B,,,5/5/2023 11:32:18 AM,A,S,1390.0,HEGENBERGER RD,F,,D,5/5/2023 11:32:21 AM,5/5/2023 11:32:21 AM,False,True,4,,4/26/2023 7:47:00 AM,747,False,,,True
2062337,9370-2023-01148,1,False,9370,4/13/2023 11:00:00 AM,1100,054,14,109,Oakland,1,True,True,E,HIT OBJECT,,Thursday,NotApplicable,False,,,False,True,True,ALAMEDA SUPERIOR COURT WILEY W. MANUEL COURTHOUSE,I,FIXED OBJECT,CENTER MEDIAN WALL,0,0,C,DARK-STREET LIGHTS,37.806997,-122.238552,,,,,A,NO PEDESTRIANS INVOLVED,4/13/2023 11:00:00 AM,A,VC 22107,False,1,I-580 W/B,,,5/5/2023 10:03:47 AM,A,E,1100.0,LAKE PARK AVE,F,,D,5/5/2023 10:03:49 AM,5/5/2023 10:03:49 AM,False,True,4,,4/13/2023 11:04:00 AM,1104,False,,,True
2062179,9370-2023-01269,1,False,9370,4/25/2023 3:25:00 PM,1525,025,14,109,Oakland,1,True,True,C,REAR END,,Tuesday,NotApplicable,False,,,False,True,False,ALAMEDA SUPERIOR COURT WILEY W. MANUEL COURTHOUSE,C,OTHER MOTOR VEHICLE,,0,0,A,DAYLIGHT,37.841934,-122.258834,,,,,A,NO PEDESTRIANS INVOLVED,4/25/2023 3:25:00 PM,A,VC 22350,False,1,SR-24 EB,,,5/5/2023 7:55:23 AM,A,E,892.0,TELEGRAPH AVENUE,F,,D,5/5/2023 7:55:25 AM,5/5/2023 7:55:25 AM,False,True,4,,4/25/2023 3:27:00 PM,1527,False,,,True
2062151,9370-2023-01267,1,False,9370,4/25/2023 9:40:00 AM,940,176,14,109,Oakland,1,True,True,C,REAR END,,Tuesday,NotApplicable,False,,,False,True,True,ALAMEDA SUPERIOR COURT WILEY W. MANUEL COURTHOUSE,C,OTHER MOTOR VEHICLE,,0,0,A,DAYLIGHT,37.727345,-122.184709,,,,,A,NO PEDESTRIANS INVOLVED,4/25/2023 9:40:00 AM,A,VC 22350,False,1,I-880 N/B,,,5/5/2023 7:29:13 AM,A,S,1900.0,98TH AVE,F,,D,5/5/2023 7:29:17 AM,5/5/2023 7:29:17 AM,False,True,4,,4/25/2023 9:42:00 AM,942,False,,,True
2062104,9370-2023-00914,1,False,9370,3/23/2023 7:15:00 PM,1915,013,14,109,Oakland,1,True,True,B,SIDE SWIPE,,Thursday,Yes,False,,,False,True,False,ALAMEDA SUPERIOR COURT WILEY W. MANUEL COURTHOUSE,C,OTHER MOTOR VEHICLE,,1,0,B,DUSK-DAWN,37.847162,-122.227663,,,,,A,NO PEDESTRIANS INVOLVED,3/23/2023 7:15:00 PM,A,VC 21658(A),False,2,SR-13 S/B,,,5/5/2023 6:02:58 AM,A,N,0.1,BROADWAY TERRACE,M,,D,5/5/2023 6:03:02 AM,5/5/2023 6:03:02 AM,False,True,4,,3/23/2023 7:18:00 PM,1918,False,,,True
2061607,9370-2023-01283,1,False,9370,4/26/2023 10:19:00 AM,1019,053,14,109,Oakland,1,True,True,C,REAR END,,Wednesday,NotApplicable,False,,,False,True,True,ALAMEDA SUPERIOR COURT WILEY W. MANUEL COURTHOUSE,C,OTHER MOTOR VEHICLE,,2,0,A,DAYLIGHT,37.796521,-122.21062,,,,,A,NO PEDESTRIANS INVOLVED,4/26/2023 10:19:00 AM,A,VC 22350,False,1,I-580 E/B,,,5/4/2023 2:22:20 PM,A,E,15.0,COOLIDGE AVE,F,,D,5/4/2023 2:22:22 PM,5/4/2023 2:22:22 PM,False,True,4,,4/26/2023 10:20:00 AM,1020,True,EMBEDDED,,True
2061567,9370-2023-00915,1,False,9370,3/24/2023 7:25:00 AM,725,008,14,109,Oakland,1,True,True,C,REAR END,,Friday,NotApplicable,False,,,False,True,False,ALAMEDA SUPERIOR COURT WILEY W. MANUEL COURTHOUSE,C,OTHER MOTOR VEHICLE,,0,0,A,DAYLIGHT,37.825219,-122.312492,,,,,A,NO PEDESTRIANS INVOLVED,3/24/2023 7:25:00 AM,A,VC 21658(a),False,1,I-80 W/B,,,5/4/2023 1:42:18 PM,A,W,795.0,WEST GRAND AVE,F,,D,5/4/2023 1:44:29 PM,5/4/2023 1:44:29 PM,False,True,4,,3/24/2023 7:30:00 AM,730,True,EMBEDDED,,True
2061523,9370-2023-01266,1,False,9370,4/25/2023 12:30:00 PM,1230,025,14,109,Oakland,1,True,True,C,REAR END,,Tuesday,NotApplicable,False,,,False,True,False,ALAMEDA SUPERIOR COURT WILEY W. MANUEL COURTHOUSE,C,OTHER MOTOR VEHICLE,,0,0,A,DAYLIGHT,37.825441,-122.274674,,,,,A,NO PEDESTRIANS INVOLVED,4/25/2023 12:30:00 PM,A,VC 22106,False,1,SR-24 E/B FROM MARKET STREET,,,5/4/2023 1:04:54 PM,A,W,138.0,MARKET ST,F,,A,5/4/2023 1:06:14 PM,5/4/2023 1:06:14 PM,False,True,4,,4/25/2023 12:32:00 PM,1232,False,,,True
2061516,9370-2023-01097,1,False,9370,4/9/2023 7:20:00 AM,720,177,14,109,Oakland,1,True,True,C,REAR END,,Sunday,NotApplicable,False,M,,False,True,False,ALAMEDA SUPERIOR COURT WILEY W. MANUEL COURTHOUSE,C,OTHER MOTOR VEHICLE,,0,0,A,DAYLIGHT,37.772414,-122.225162,,,,,A,NO PEDESTRIANS INVOLVED,4/9/2023 7:20:00 AM,A,VC 22350,False,1,I-880 N/B,,,5/4/2023 12:58:36 PM,A,S,812.0,FRUITVALE AVE,F,,D,5/4/2023 12:58:45 PM,5/4/2023 12:58:45 PM,False,True,4,,4/9/2023 7:25:00 AM,725,False,,,True
2061158,9370-2023-01268,1,False,9370,4/25/2023 5:50:00 AM,550,052,14,109,Oakland,1,True,True,E,HIT OBJECT,,Tuesday,NotApplicable,False,,,False,True,True,ALAMEDA SUPERIOR COURT WILEY W. MANUEL COURTHOUSE,I,FIXED OBJECT,CONCRETE BARRIER,0,0,B,DUSK-DAWN,37.745628,-122.149196,,,,,A,NO PEDESTRIANS INVOLVED,4/25/2023 5:50:00 AM,A,VC 22107,False,1,I-580 W/B,,,5/4/2023 8:18:43 AM,A,W,206.0,106TH AVENUE,F,,D,5/4/2023 8:18:44 AM,5/4/2023 8:18:44 AM,False,True,4,True,4/25/2023 5:52:00 AM,552,False,,,True
2061108,9370-2023-01263,1,False,9370,4/24/2023 5:00:00 PM,1700,176,14,109,Oakland,1,True,True,C,REAR END,,Monday,NotApplicable,False,,,False,True,False,ALAMEDA SUPERIOR COURT WILEY W. MANUEL COURTHOUSE,C,OTHER MOTOR VEHICLE,,0,0,A,DAYLIGHT,37.754904,-122.208495,,,,,A,NO PEDESTRIANS INVOLVED,4/24/2023 5:00:00 PM,A,VC 22350,False,1,I-880 N/B,,,5/4/2023 7:46:17 AM,A,N,333.0,66TH AVE,F,,A,5/4/2023 7:46:18 AM,5/4/2023 7:46:18 AM,False,True,4,,4/24/2023 5:30:00 PM,1730,False,,,True
2061047,9370-2023-01262,1,False,9370,4/23/2023 3:40:00 PM,1540,177,14,109,Oakland,1,True,True,B,SIDE SWIPE,,Sunday,NotApplicable,False,,,False,True,False,ALAMEDA SUPERIOR COURT WILEY W. MANUEL COURTHOUSE,C,OTHER MOTOR VEHICLE,,0,0,A,DAYLIGHT,37.789254,-122.253635,,,,,A,NO PEDESTRIANS INVOLVED,4/23/2023 3:40:00 PM,A,VC 21658(a),False,1,I-880 N/B,,,5/4/2023 7:00:16 AM,A,S,1848.0,5TH ST,F,,D,5/4/2023 7:00:18 AM,5/4/2023 7:00:18 AM,False,True,4,,4/23/2023 3:50:00 PM,1550,False,,,True
2061032,9335-2023-00852,1,False,9335,4/27/2023 4:45:00 AM,445,082,14,109,Oakland,1,True,True,B,SIDE SWIPE,,Thursday,NotApplicable,False,M,,False,True,False,ALAMEDA SUPERIOR COURT ALAMEDA,C,OTHER MOTOR VEHICLE,,0,0,C,DARK-STREET LIGHTS,37.8207,-122.3394,,,,,A,NO PEDESTRIANS INVOLVED,4/27/2023 4:45:00 AM,A,VC 21658(a),False,1,I-80 W/B,,,5/4/2023 6:42:23 AM,A,E,1.63,TREASURE ISLAND TUNNEL,M,,D,5/4/2023 6:42:25 AM,5/4/2023 6:42:25 AM,False,True,4,,4/27/2023 4:51:00 AM,451,False,,,True
2061016,9370-2023-01249,1,False,9370,4/23/2023 11:30:00 AM,1130,081,14,109,Oakland,1,True,True,C,REAR END,,Sunday,NotApplicable,False,,,False,True,False,ALAMEDA SUPERIOR COURT WILEY W. MANUEL COURTHOUSE,C,OTHER MOTOR VEHICLE,,2,0,A,DAYLIGHT,37.87201,-122.305224,,,,,A,NO PEDESTRIANS INVOLVED,4/23/2023 11:30:00 AM,A,VC 22350,False,1,I-80 E/B,,,5/4/2023 6:23:58 AM,A,E,1925.0,UNIVERSITY AVENUE,F,,D,5/4/2023 6:24:02 AM,5/4/2023 6:24:02 AM,False,True,4,,4/23/2023 8:45:00 PM,2045,False,,,True
2060540,9370-2023-01117,1,False,9370,4/10/2023 8:40:00 AM,840,053,14,109,Oakland,1,True,True,C,REAR END,,Monday,Yes,False,F,,False,True,True,ALAMEDA SUPERIOR COURT WILEY W. MANUEL COURTHOUSE,C,OTHER MOTOR VEHICLE,,1,0,A,DAYLIGHT,37.794538,-122.206617,,,,,A,NO PEDESTRIANS INVOLVED,4/10/2023 8:40:00 AM,A,VC 21658(a),False,1,I-580 E/B,,,5/3/2023 2:19:55 PM,A,W,786.0,35TH STREET,F,,D,5/3/2023 2:24:55 PM,5/3/2023 2:24:55 PM,False,True,4,,4/10/2023 8:45:00 AM,845,False,,,True
2060316,9370-2023-01232,1,False,9370,4/21/2023 8:20:00 AM,820,052,14,109,Oakland,1,True,True,C,REAR END,,Friday,NotApplicable,False,,,False,True,False,ALAMEDA SUPERIOR COURT WILEY W. MANUEL COURTHOUSE,C,OTHER MOTOR VEHICLE,,0,0,A,DAYLIGHT,37.743444,-122.14662,,,,,A,NO PEDESTRIANS INVOLVED,4/21/2023 8:20:00 AM,A,VC 22350,False,1,I-580 W/B,,,5/3/2023 11:45:41 AM,A,E,670.0,98TH AVE,F,,D,5/3/2023 11:45:43 AM,5/3/2023 11:45:43 AM,False,True,4,,4/21/2023 8:26:00 AM,826,False,,,True
2060134,9370-2023-01009,1,False,9370,4/1/2023 1:03:00 AM,103,008,14,109,Oakland,1,True,True,C,REAR END,,Saturday,NotApplicable,False,M,,False,True,False,ALAMEDA SUPERIOR COURT WILEY W. MANUEL COURTHOUSE,C,OTHER MOTOR VEHICLE,,0,0,C,DARK-STREET LIGHTS,37.837144,-122.296387,,,,,A,NO PEDESTRIANS INVOLVED,4/1/2023 1:03:00 AM,A,VC 22350,False,1,I-80 W/B,,,5/3/2023 9:28:27 AM,A,W,300.0,POWELL ST,F,,D,5/3/2023 9:28:31 AM,5/3/2023 9:28:31 AM,False,True,4,,4/1/2023 1:27:00 AM,127,False,,,True
2060041,9370-2023-01080,1,False,9370,4/7/2023 6:22:00 PM,1822,176,14,109,Oakland,1,True,True,C,REAR END,,Friday,NotApplicable,False,,,False,True,False,ALAMEDA SUPERIOR COURT WILEY W. MANUEL COURTHOUSE,C,OTHER MOTOR VEHICLE,,0,0,A,DAYLIGHT,37.753222,-122.207843,,,,,A,NO PEDESTRIANS INVOLVED,4/7/2023 6:22:00 PM,B,UNSAFE MERGE,,1,I-880 S/B,,,5/3/2023 8:44:25 AM,B,S,235.0,66TH AVE,F,,D,5/3/2023 8:44:27 AM,5/3/2023 8:44:27 AM,False,True,4,,4/7/2023 6:30:00 PM,1830,False,,,True
2060001,9370-2023-00924,1,False,9370,3/24/2023 11:45:00 PM,2345,178,14,109,Oakland,1,True,True,B,SIDE SWIPE,,Friday,NotApplicable,False,M,,False,True,False,ALAMEDA SUPERIOR COURT WILEY W. MANUEL COURTHOUSE,C,OTHER MOTOR VEHICLE,,0,0,C,DARK-STREET LIGHTS,37.82568,-122.291289,,,,,A,NO PEDESTRIANS INVOLVED,3/24/2023 11:45:00 PM,A,VC 21658(a),False,1,I-80 E/B TO I-880 S/B,,,5/3/2023 8:22:10 AM,A,N,2350.0,WEST GRAND AVENUE,F,,D,5/3/2023 8:22:14 AM,5/3/2023 8:22:14 AM,False,True,4,,3/24/2023 11:56:00 PM,2356,False,,,
2059996,9335-2023-00316,1,False,9370,2/15/2023 11:15:00 AM,1115,008,14,109,Oakland,1,True,True,B,SIDE SWIPE,,Wednesday,NotApplicable,False,,,False,True,False,ALAMEDA SUPERIOR COURT WILEY W. MANUEL COURTHOUSE,C,OTHER MOTOR VEHICLE,,0,0,A,DAYLIGHT,37.825115,-122.311755,,,,,A,NO PEDESTRIANS INVOLVED,2/15/2023 11:15:00 AM,A,VC 21658(A),False,1,I-80 WESTBOUND,,,5/3/2023 8:20:55 AM,A,E,587.0,SAN FRANCISCO/ OAKLAND BAY BRIDGE TOLL PLAZA,F,,A,5/3/2023 8:20:57 AM,5/3/2023 8:20:57 AM,False,True,4,,2/15/2023 11:20:00 AM,1120,False,,,True
2059985,9370-2023-01008,1,False,9370,4/1/2023 12:18:00 AM,18,008,14,109,Oakland,1,True,True,E,HIT OBJECT,,Saturday,NotApplicable,False,M,,False,True,True,ALAMEDA SUPERIOR COURT WILEY W. MANUEL COURTHOUSE,I,FIXED OBJECT,ATTENUATOR BARRELS,0,0,D,DARK-NO STREET LIGHTS,37.831417,-122.294041,,,,,A,NO PEDESTRIANS INVOLVED,4/1/2023 12:18:00 AM,A,VC 22107,False,1,I-80 W/B,,,5/3/2023 8:13:41 AM,A,W,2500.0,POWELL ST,F,,D,5/3/2023 8:13:43 AM,5/3/2023 8:13:43 AM,False,True,4,,4/1/2023 12:22:00 AM,22,False,,,True
2059848,9370-2023-00913,1,False,9370,3/23/2023 3:15:00 PM,1515,025,14,109,Oakland,1,True,True,B,SIDE SWIPE,,Thursday,Yes,False,,,False,True,False,ALAMEDA SUPERIOR COURT WILEY W. MANUEL COURTHOUSE,C,OTHER MOTOR VEHICLE,,1,0,A,DAYLIGHT,37.827031,-122.26712,,,,,A,NO PEDESTRIANS INVOLVED,3/23/2023 3:15:00 PM,A,VC 22107,False,1,SR-24 E/B,,,5/3/2023 6:11:36 AM,A,W,0.75,51ST ST,M,,D,5/3/2023 6:11:40 AM,5/3/2023 6:11:40 AM,False,True,4,,3/23/2023 3:16:00 PM,1516,False,,,True
2059280,9370-2023-01261,1,False,9370,4/24/2023 4:53:00 PM,1653,053,14,109,Oakland,1,True,True,C,REAR END,,Monday,NotApplicable,False,M,,False,True,False,ALAMEDA SUPERIOR COURT WILEY W. MANUEL COURTHOUSE,C,OTHER MOTOR VEHICLE,,0,0,A,DAYLIGHT,37.792273,-122.204081,,,,,A,NO PEDESTRIANS INVOLVED,4/24/2023 4:53:00 PM,A,VC 22350,False,1,I-580 EASTBOUMD,,,5/2/2023 12:10:44 PM,A,W,251.0,35TH AVENUE,F,,D,5/2/2023 12:10:48 PM,5/2/2023 12:10:48 PM,False,True,4,,4/24/2023 5:00:00 PM,1700,False,,,True
2059131,9370-2023-01264,1,False,9370,4/24/2023 8:35:00 PM,2035,052,14,109,Oakland,1,True,True,E,HIT OBJECT,,Monday,NotApplicable,False,,,False,True,False,ALAMEDA SUPERIOR COURT WILEY W. MANUEL COURTHOUSE,I,FIXED OBJECT,CONCRETE WALL,0,0,D,DARK-NO STREET LIGHTS,37.752797,-122.151821,,,,,A,NO PEDESTRIANS INVOLVED,4/24/2023 8:35:00 PM,A,VC 22107,False,1,I-580 EASTBOUND,,,5/2/2023 10:13:18 AM,A,E,330.0,GOLF LINKS ROAD,F,,D,5/2/2023 10:13:20 AM,5/2/2023 10:13:20 AM,False,True,4,,4/24/2023 8:40:00 PM,2040,False,,,True
2059045,9370-2023-01235,1,False,9370,4/21/2023 3:30:00 PM,1530,013,14,109,Oakland,1,True,True,C,REAR END,,Friday,NotApplicable,False,M,,False,True,False,ALAMEDA SUPERIOR COURT WILEY W. MANUEL COURTHOUSE,C,OTHER MOTOR VEHICLE,,0,0,A,DAYLIGHT,37.819164,-122.205089,,,,,A,NO PEDESTRIANS INVOLVED,4/21/2023 3:30:00 PM,A,VC 22350,False,1,SR-13 NORTHBOUND,,,5/2/2023 9:17:26 AM,A,S,1082.0,PARK BOULEVARD,F,,D,5/2/2023 9:17:28 AM,5/2/2023 9:17:28 AM,False,True,4,,4/21/2023 3:35:00 PM,1535,False,,False,True
2058246,9370-2023-01244,1,False,9370,4/23/2023 10:25:00 AM,1025,008,14,109,Oakland,1,True,True,B,SIDE SWIPE,,Sunday,NotApplicable,False,,,False,True,True,ALAMEDA SUPERIOR COURT WILEY W. MANUEL COURTHOUSE,C,OTHER MOTOR VEHICLE,,0,0,A,DAYLIGHT,37.825257,-122.31275,,,,,A,NO PEDESTRIANS INVOLVED,4/23/2023 10:25:00 AM,A,VC 21658(A),False,1,I-80 W/B,,,5/1/2023 12:35:07 PM,A,E,317.0,TOLL PLAZA,F,,A,5/1/2023 12:35:11 PM,5/1/2023 12:35:11 PM,False,True,4,,4/23/2023 10:29:00 AM,1029,False,,,True
2058141,9370-2023-01240,1,False,9370,4/22/2023 7:20:00 PM,1920,009,14,109,Oakland,1,True,True,E,HIT OBJECT,,Saturday,NotApplicable,False,,,False,True,False,ALAMEDA SUPERIOR COURT WILEY W. MANUEL COURTHOUSE,I,FIXED OBJECT,CONCRETE BARRIER WALL,0,0,B,DUSK-DAWN,37.82601,-122.303729,,,,,A,NO PEDESTRIANS INVOLVED,4/22/2023 7:20:00 PM,A,VC 22107,False,1,I-80 W/B,,,5/1/2023 11:26:02 AM,A,E,1700.0,W. GRAND AVE OVERCROSSING,F,,D,5/1/2023 11:26:05 AM,5/1/2023 11:26:05 AM,False,True,4,,4/22/2023 7:25:00 PM,1925,False,,,True
2057788,9370-2023-01282,1,False,9370,4/26/2023 9:04:00 AM,904,008,14,109,Oakland,1,True,True,B,SIDE SWIPE,,Wednesday,NotApplicable,False,,,False,True,False,ALAMEDA SUPERIOR COURT WILEY W. MANUEL COURTHOUSE,C,OTHER MOTOR VEHICLE,,0,0,A,DAYLIGHT,37.82498,-122.310331,,,,,A,NO PEDESTRIANS INVOLVED,4/26/2023 9:04:00 AM,A,VC 21658(A),False,1,I-80 W/B,,,5/1/2023 7:36:46 AM,C,W,350.0,WEST GRAND AVENUE OVERCROSSING,F,,D,5/1/2023 7:37:39 AM,5/1/2023 7:37:39 AM,False,True,4,,4/26/2023 9:06:00 AM,906,False,,,True
2057776,9370-2023-01228,1,False,9370,4/21/2023 6:00:00 AM,600,177,14,109,Oakland,1,True,True,B,SIDE SWIPE,,Friday,NotApplicable,False,,,False,True,True,ALAMEDA SUPERIOR COURT WILEY W. MANUEL COURTHOUSE,C,OTHER MOTOR VEHICLE,,0,0,A,DAYLIGHT,37.789606,-122.256786,,,,,A,NO PEDESTRIANS INVOLVED,4/21/2023 6:00:00 AM,A,VC 21658(a),False,1,I-880 S/B,,,5/1/2023 7:24:38 AM,A,N,800.0,5TH AVE,F,,D,5/1/2023 7:24:40 AM,5/1/2023 7:24:40 AM,False,True,4,,4/21/2023 6:05:00 AM,605,False,,,True
2057737,9370-2023-01211,1,False,9370,4/20/2023 8:15:00 AM,815,055,14,109,Oakland,1,True,True,C,REAR END,,Thursday,NotApplicable,False,,,False,True,True,ALAMEDA SUPERIOR COURT WILEY W. MANUEL COURTHOUSE,C,OTHER MOTOR VEHICLE,,0,0,A,DAYLIGHT,37.826812,-122.286432,,,,,A,NO PEDESTRIANS INVOLVED,4/20/2023 8:15:00 AM,A,VC 22350,False,1,I-580 W/B,,,5/1/2023 6:19:36 AM,A,W,530.0,HOLLIS ST,F,,D,5/1/2023 6:19:38 AM,5/1/2023 6:19:38 AM,False,True,4,,4/20/2023 8:18:00 AM,818,False,,,True
2057537,9370-2023-00912,1,False,9370,3/23/2023 11:30:00 AM,1130,055,14,109,Oakland,1,True,True,C,REAR END,,Thursday,Yes,False,,,False,True,True,ALAMEDA SUPERIOR COURT WILEY W. MANUEL COURTHOUSE,C,OTHER MOTOR VEHICLE,,1,0,A,DAYLIGHT,37.82662,-122.290268,,,,,A,NO PEDESTRIANS INVOLVED,3/23/2023 11:30:00 AM,A,VC 22350,False,1,I-580 E/B,,,4/30/2023 8:53:09 AM,A,W,140.0,MANDELA PKY,F,,D,4/30/2023 8:53:34 AM,4/30/2023 8:53:34 AM,False,True,4,,3/23/2023 11:34:00 AM,1134,True,AREA PHOTO FILE,,True
2057529,9370-2023-01159,1,False,9370,4/15/2023 1:14:00 AM,114,054,14,109,Oakland,1,True,True,C,REAR END,,Saturday,NotApplicable,False,,,False,True,False,ALAMEDA SUPERIOR COURT WILEY W. MANUEL COURTHOUSE,C,OTHER MOTOR VEHICLE,,0,0,C,DARK-STREET LIGHTS,37.81165,-122.25032,,,,,A,NO PEDESTRIANS INVOLVED,4/15/2023 1:14:00 AM,A,VC 22350,False,1,I-580 E/B,,,4/30/2023 7:00:18 AM,A,W,685.0,GRAND AVENUE,F,,D,4/30/2023 7:00:22 AM,4/30/2023 7:00:22 AM,False,True,4,,4/15/2023 1:16:00 AM,116,False,,,True
2057525,9370-2023-01173,1,False,9370,4/16/2023 2:28:00 AM,228,013,14,109,Oakland,1,True,True,C,REAR END,,Sunday,Yes,False,,,False,True,True,ALAMEDA SUPERIOR COURT WILEY W. MANUEL COURTHOUSE,C,OTHER MOTOR VEHICLE,,1,0,A,DAYLIGHT,37.842441,-122.225368,,,,,A,NO PEDESTRIANS INVOLVED,4/16/2023 2:28:00 AM,A,VC 22350,False,1,SR-13 S/B,,,4/30/2023 6:49:25 AM,A,S,278.0,BROADWAY TER,F,,A,4/30/2023 6:49:30 AM,4/30/2023 6:49:30 AM,False,True,4,,4/16/2023 2:28:00 AM,228,False,,,True
2057115,9370-2023-01153,1,False,9370,4/14/2023 10:40:00 AM,1040,177,14,109,Oakland,1,True,True,B,SIDE SWIPE,,Friday,NotApplicable,False,M,,False,True,False,ALAMEDA SUPERIOR COURT WILEY W. MANUEL COURTHOUSE,C,OTHER MOTOR VEHICLE,,0,0,A,DAYLIGHT,37.800501,-122.279875,,,,,A,NO PEDESTRIANS INVOLVED,4/14/2023 10:40:00 AM,A,VC 21658(A),False,1,I-880 NORTHBOUND,,,4/28/2023 5:52:13 PM,A,N,50.0,MARTIN LUTHER KING JR WAY,F,,D,4/28/2023 5:53:02 PM,4/28/2023 5:53:02 PM,False,True,4,,4/14/2023 10:45:00 AM,1045,False,,,True
2057114,9370-2023-01215,1,False,9370,4/20/2023 9:55:00 AM,955,008,14,109,Oakland,1,True,True,B,SIDE SWIPE,,Thursday,NotApplicable,False,,,False,True,False,ALAMEDA SUPERIOR COURT WILEY W. MANUEL COURTHOUSE,C,OTHER MOTOR VEHICLE,,0,0,A,DAYLIGHT,37.833364,-122.294806,,,,,A,NO PEDESTRIANS INVOLVED,4/20/2023 9:55:00 AM,A,VC 22107,False,,I-80 W/B,,,4/28/2023 5:43:55 PM,A,W,3900.0,POWELL STREET,F,,D,4/28/2023 5:45:23 PM,4/28/2023 5:45:23 PM,False,True,4,,4/20/2023 10:04:00 AM,1004,False,,,True
2057105,9370-2023-01194,1,False,9370,4/18/2023 3:15:00 PM,1515,176,14,109,Oakland,1,True,True,B,SIDE SWIPE,,Tuesday,NotApplicable,False,,,False,True,False,ALAMEDA SUPERIOR COURT WILEY W. MANUEL COURTHOUSE,C,OTHER MOTOR VEHICLE,,0,0,A,DAYLIGHT,37.745332,-122.200265,,,,,A,NO PEDESTRIANS INVOLVED,4/18/2023 3:15:00 PM,D,,,,I-880 N/B,,,4/28/2023 5:10:30 PM,A,S,1055.0,66TH AVE,F,,D,4/28/2023 5:10:33 PM,4/28/2023 5:10:33 PM,False,True,4,,4/18/2023 4:00:00 PM,1600,False,,,
2057099,9370-2023-01192,1,False,9370,4/18/2023 8:55:00 AM,855,024,14,109,Oakland,1,True,True,C,REAR END,,Tuesday,NotApplicable,False,,,False,True,True,ALAMEDA SUPERIOR COURT WILEY W. MANUEL COURTHOUSE,C,OTHER MOTOR VEHICLE,,0,0,A,DAYLIGHT,37.835034,-122.266891,,,,,A,NO PEDESTRIANS INVOLVED,4/18/2023 8:55:00 AM,A,VC 22350,False,1,SR-24 W/B FROM MARTIN LUTHER KING JR WAY,,,4/28/2023 4:46:53 PM,A,W,55.0,MARTIN LUTHER KING JR WAY,F,,D,4/28/2023 4:46:59 PM,4/28/2023 4:46:59 PM,False,True,4,,4/18/2023 9:00:00 AM,900,False,,,True
2056598,9320-2023-01198,1,False,9320,4/21/2023 2:05:00 PM,1405,904,14,109,Oakland,1,True,True,C,REAR END,,Friday,NotApplicable,False,,,False,True,False,ALAMEDA SUPERIOR COURT ALAMEDA,C,OTHER MOTOR VEHICLE,,0,0,A,DAYLIGHT,37.854417,-122.219225,,,,,A,NO PEDESTRIANS INVOLVED,4/21/2023 2:05:00 PM,A,VC 22350,False,1,SR-24 E/B,,,4/28/2023 7:37:31 AM,A,W,500.0,CALDECOTT TUNNEL,F,,A,4/28/2023 7:37:33 AM,4/28/2023 7:37:33 AM,False,True,4,,4/21/2023 2:20:00 PM,1420,False,,,True
2076546,9370-2023-01515,1,False,9370,5/15/2023 8:55:00 AM,855,176,14,109,Oakland,1,True,True,B,SIDE SWIPE,,Monday,NotApplicable,False,M,,False,True,False,ALAMEDA SUPERIOR COURT WILEY W. MANUEL COURTHOUSE,C,OTHER MOTOR VEHICLE,,0,0,A,DAYLIGHT,37.759073,-122.212467,,,,,A,NO PEDESTRIANS INVOLVED,5/15/2023 8:55:00 AM,A,VC 21658(a),False,1,I-880 N/B,,,5/24/2023 1:19:07 PM,A,N,2228.0,66TH AVE,F,,D,5/24/2023 1:19:10 PM,5/24/2023 1:19:10 PM,False,True,4,,5/15/2023 9:10:00 AM,910,False,,,True