collision-id,report-number,report-version,is-preliminary,ncic-code,crash-date-time,crash-time-description,beat,city-id,city-code,city-name,county-code,city-is-active,city-is-incorporated,collision-type-code,collision-type-description,collision-type-other-desc,day-of-week,dispatch-notified,has-photographs,hit-run,is-attachments-mailed,is-deleted,is-highway-related,is-tow-away,judicial-district,motor-vehicle-involved-with-code,motor-vehicle-involved-with-desc,motor-vehicle-involved-with-other-desc,number-injured,number-killed,lighting-code,lighting-description,latitude,longitude,milepost-direction,milepost-distance,milepost-marker,milepost-unit-of-measure,pedestrian-action-code,pedestrian-action-desc,prepared-date,primary-collision-factor-code,primary-collision-factor-description,primary-collision-factor-is-cited,primary-collision-party-number,primary-road,reporting-district,reporting-district-code,reviewed-date,roadway-surface-code,secondary-direction,secondary-distance,secondary-road,secondary-unit-of-measure,sketch-desc,traffic-control-device-code,created-date,modified-date,is-county-road,is-freeway,chp-555-version,is-additonal-object-struck,notification-date,notification-time-description,has-digital-media-files,evidence-number,is-location-refer-to-narrative,is-aoi-one-same-as-location
2069663,9370-2023-01401,1,False,9370,5/5/2023 8:35:00 AM,835,053,14,109,Oakland,1,True,True,C,REAR END,,Friday,NotApplicable,False,,,False,True,False,ALAMEDA SUPERIOR COURT WILEY W. MANUEL COURTHOUSE,C,OTHER MOTOR VEHICLE,,0,0,A,DAYLIGHT,37.799305,-122.219987,,,,,A,NO PEDESTRIANS INVOLVED,5/5/2023 8:35:00 AM,A,VC 22350,False,1,I-580 W/B FROM FRUITVALE AVE,,,5/16/2023 6:35:15 AM,A,W,920.0,FRUITVALE AVE,F,,D,5/16/2023 6:35:18 AM,5/16/2023 6:35:18 AM,False,True,4,,5/5/2023 8:38:00 AM,838,False,,,True
2069625,9370-2023-01398,1,False,9370,5/4/2023 4:05:00 PM,1605,025,14,109,Oakland,1,True,True,C,REAR END,,Thursday,NotApplicable,False,,,False,True,True,ALAMEDA SUPERIOR COURT WILEY W. MANUEL COURTHOUSE,C,OTHER MOTOR VEHICLE,,1,0,A,DAYLIGHT,37.82917,-122.266756,,,,,A,NO PEDESTRIANS INVOLVED,5/4/2023 4:05:00 PM,A,VC 22350,False,1,SR-24 E/B,,,5/16/2023 5:37:35 AM,A,W,3050.0,51ST AVE,F,,D,5/16/2023 5:37:38 AM,5/16/2023 5:37:38 AM,False,True,4,,5/4/2023 4:15:00 PM,1615,False,,,True
2069619,9370-2023-01397,1,False,9370,5/4/2023 5:20:00 PM,1720,176,14,109,Oakland,1,True,True,C,REAR END,,Thursday,NotApplicable,False,,,False,True,False,ALAMEDA SUPERIOR COURT WILEY W. MANUEL COURTHOUSE,C,OTHER MOTOR VEHICLE,,1,0,A,DAYLIGHT,37.730601,-122.187689,,,,,A,NO PEDESTRIANS INVOLVED,5/4/2023 5:20:00 PM,A,VC 22350,False,1,I-880 S/B,,,5/16/2023 5:11:17 AM,A,S,430.0,98TH AVENUE,F,,D,5/16/2023 5:14:22 AM,5/16/2023 5:14:22 AM,False,True,4,,5/4/2023 5:39:00 PM,1739,False,,,True
2069618,9370-2023-01395,1,False,9370,5/4/2023 4:45:00 PM,1645,176,14,109,Oakland,1,True,True,B,SIDE SWIPE,,Thursday,NotApplicable,False,,,False,True,False,ALAMEDA SUPERIOR COURT WILEY W. MANUEL COURTHOUSE,C,OTHER MOTOR VEHICLE,,0,0,A,DAYLIGHT,37.749486,-122.204146,,,,,A,NO PEDESTRIANS INVOLVED,5/4/2023 4:45:00 PM,A,VC 21658(A),False,1,I-880 N/B,,,5/16/2023 4:49:47 AM,A,S,1950.0,66TH AVE,F,,D,5/16/2023 4:49:51 AM,5/16/2023 4:49:51 AM,False,True,4,,5/4/2023 4:51:00 PM,1651,False,,,True
2069434,9370-2023-01373,1,False,9370,5/2/2023 5:40:00 PM,1740,024,14,109,Oakland,1,True,True,C,REAR END,,Tuesday,NotApplicable,False,,,False,True,False,ALAMEDA SUPERIOR COURT WILEY W. MANUEL COURTHOUSE,C,OTHER MOTOR VEHICLE,,0,0,A,DAYLIGHT,37.84882,-122.22739,,,,,A,NO PEDESTRIANS INVOLVED,5/2/2023 5:40:00 PM,A,VC 22350,False,1,SR-24 W/B,,,5/15/2023 9:03:09 PM,B,E,240.0,SR-13 N/B,F,,D,5/15/2023 9:03:22 PM,5/15/2023 9:03:22 PM,False,True,4,,5/2/2023 5:56:00 PM,1756,False,,,True
2069433,9370-2023-01379,1,False,9370,5/2/2023 11:55:00 PM,2355,178,14,109,Oakland,1,True,True,E,HIT OBJECT,,Tuesday,NotApplicable,False,,,False,True,False,ALAMEDA SUPERIOR COURT WILEY W. MANUEL COURTHOUSE,J,OTHER OBJECT,CONCRETE WALL,0,0,D,DARK-NO STREET LIGHTS,37.802318,-122.298077,,,,,A,NO PEDESTRIANS INVOLVED,5/2/2023 11:55:00 PM,A,VC 22350,False,1,I-880 N/B,,,5/15/2023 8:48:29 PM,B,S,2587.0,7TH ST,F,,D,5/15/2023 8:48:35 PM,5/15/2023 8:48:35 PM,False,True,4,,5/3/2023 12:00:00 AM,0,False,,,True
2069425,9370-2023-01317,1,False,9370,4/29/2023 4:20:00 PM,1620,176,14,109,Oakland,1,True,True,C,REAR END,,Saturday,NotApplicable,False,,,False,True,False,ALAMEDA SUPERIOR COURT WILEY W. MANUEL COURTHOUSE,C,OTHER MOTOR VEHICLE,,0,0,A,DAYLIGHT,37.772848,-122.226946,,,,,A,NO PEDESTRIANS INVOLVED,4/29/2023 4:20:00 PM,A,VC 22350,False,1,I-880 S/B,,,5/15/2023 6:50:37 PM,A,N,723.0,HIGH STREET,F,,D,5/15/2023 6:51:47 PM,5/15/2023 6:51:47 PM,False,True,4,,4/29/2023 4:45:00 PM,1645,False,,,True
2069396,9370-2023-01275,1,False,9370,4/26/2023 3:54:00 AM,354,013,14,109,Oakland,1,True,True,E,HIT OBJECT,,Wednesday,NotApplicable,False,,,False,True,False,ALAMEDA SUPERIOR COURT WILEY W. MANUEL COURTHOUSE,I,FIXED OBJECT,TRAFFIC ATTENUATOR,0,0,B,DUSK-DAWN,37.849273,-122.228976,,,,,A,NO PEDESTRIANS INVOLVED,4/26/2023 3:54:00 AM,A,VC 22107,False,1,SR-13 N/B,,,5/15/2023 4:46:20 PM,A,S,486.0,SR-24,F,,D,5/15/2023 4:46:23 PM,5/15/2023 4:46:23 PM,False,True,4,,4/26/2023 4:58:00 AM,458,False,,,True
2069096,9370-2023-01390,1,False,9370,5/4/2023 8:14:00 AM,814,178,14,109,Oakland,1,True,True,B,SIDE SWIPE,,Thursday,NotApplicable,False,M,,False,True,False,ALAMEDA SUPERIOR COURT WILEY W. MANUEL COURTHOUSE,C,OTHER MOTOR VEHICLE,,0,0,A,DAYLIGHT,37.825249,-122.305211,,,,,A,NO PEDESTRIANS INVOLVED,5/4/2023 8:14:00 AM,A,VC 21658(A),False,1,I-880 N/B TO I-80 W/B,,,5/15/2023 11:56:55 AM,A,N,1600.0,W. GRAND AVE,F,,D,5/15/2023 11:56:58 AM,5/15/2023 11:56:58 AM,False,True,4,,5/4/2023 8:35:00 AM,835,False,,,True
2068839,9335-2023-00910,1,False,9335,5/4/2023 8:43:00 AM,843,082,14,109,Oakland,1,True,True,C,REAR END,,Thursday,NotApplicable,False,,,False,True,False,ALAMEDA SUPERIOR COURT WILEY W. MANUEL COURTHOUSE,C,OTHER MOTOR VEHICLE,,0,0,A,DAYLIGHT,37.82505,-122.31415,,,,,A,NO PEDESTRIANS INVOLVED,5/4/2023 8:43:00 AM,A,VC 22350,False,1,I-80 W/B,,,5/15/2023 9:21:25 AM,A,W,50.0,SFOBB TOLL PLAZA,F,,A,5/15/2023 9:21:27 AM,5/15/2023 9:21:27 AM,False,True,4,,5/4/2023 8:45:00 AM,845,True,EMBEDDED,,True
2068834,9335-2023-00906,1,False,9335,5/4/2023 2:35:00 AM,235,084,14,109,Oakland,1,True,True,B,SIDE SWIPE,,Thursday,Yes,False,,,False,True,False,ALAMEDA SUPERIOR COURT ALAMEDA,C,OTHER MOTOR VEHICLE,,0,0,C,DARK-STREET LIGHTS,37.823172,-122.317149,,,,,A,NO PEDESTRIANS INVOLVED,5/4/2023 2:35:00 AM,A,VC 23152(A),True,2,I-80 E/B,,,5/15/2023 9:18:51 AM,A,W,10.0,SAN FRANCISCO OAKLAND BAY BRIDGE TOLL PLAZA,F,,D,5/15/2023 9:18:53 AM,5/15/2023 9:18:53 AM,False,True,4,,5/4/2023 2:51:00 AM,251,False,,,True
2068812,9370-2023-01389,1,False,9370,5/3/2023 11:35:00 PM,2335,176,14,109,Oakland,1,True,True,C,REAR END,,Wednesday,NotApplicable,False,M,,False,True,False,ALAMEDA SUPERIOR COURT WILEY W. MANUEL COURTHOUSE,C,OTHER MOTOR VEHICLE,,1,0,A,DAYLIGHT,37.742193,-122.196696,,,,,A,NO PEDESTRIANS INVOLVED,5/3/2023 11:35:00 PM,A,VC 22350,False,1,I-880 N/B FROM HEGENBERGER ROAD,,,5/15/2023 9:08:10 AM,A,N,420.0,FROM HEGENBERGER ROAD,F,,D,5/15/2023 9:08:12 AM,5/15/2023 9:08:12 AM,False,True,4,,5/3/2023 11:38:00 PM,2338,False,,,True
2068754,9345-2023-01565,1,False,9345,5/6/2023 12:34:00 AM,34,904,14,109,Oakland,1,True,True,C,REAR END,,Saturday,Yes,False,M,,False,False,False,ALAMEDA SUPERIOR COURT WILEY W. MANUEL COURTHOUSE,C,OTHER MOTOR VEHICLE,,0,0,C,DARK-STREET LIGHTS,37.744147,-122.173114,,,,,A,NO PEDESTRIANS INVOLVED,5/6/2023 12:34:00 AM,A,VC 22107,False,1,97TH AVENUE,,,5/15/2023 8:38:05 AM,B,W,95.0,A STREET,F,,D,5/15/2023 8:38:08 AM,5/15/2023 8:38:08 AM,False,False,4,,5/6/2023 12:35:00 AM,35,False,,,True
2068627,9335-2023-00839,1,False,9335,4/22/2023 12:00:00 PM,1200,082,14,109,Oakland,1,True,True,B,SIDE SWIPE,,Saturday,NotApplicable,False,M,,False,True,False,ALAMEDA SUPERIOR COURT ALAMEDA,C,OTHER MOTOR VEHICLE,,0,0,A,DAYLIGHT,37.824447,-122.314828,,,,,A,NO PEDESTRIANS INVOLVED,4/22/2023 12:00:00 PM,A,VC 21658(A),False,,I-80 W/B,,,5/15/2023 7:07:54 AM,A,E,286.4,SAN FRANCISCO OAKLAND BAY BRIDGE TOLL PLAZA,F,,D,5/15/2023 7:08:07 AM,5/15/2023 7:08:07 AM,False,True,4,,4/22/2023 12:05:00 PM,1205,False,,,True
2068609,9370-2023-01312,1,False,9370,4/29/2023 2:20:00 PM,1420,055,14,109,Oakland,1,True,True,B,SIDE SWIPE,,Saturday,NotApplicable,False,M,,False,True,False,ALAMEDA SUPERIOR COURT WILEY W. MANUEL COURTHOUSE,C,OTHER MOTOR VEHICLE,,0,0,A,DAYLIGHT,37.784039,-122.185993,,,,,A,NO PEDESTRIANS INVOLVED,4/29/2023 2:20:00 PM,A,VC 21658(A),False,1,I-580 E/B,,,5/15/2023 6:58:40 AM,A,E,679.0,MACARTHUR BLVD,F,,D,5/15/2023 6:58:41 AM,5/15/2023 6:58:41 AM,False,True,4,,4/29/2023 2:22:00 PM,1422,False,,,True
2068572,9370-2023-01035,1,False,9370,4/4/2023 12:52:00 PM,1252,176,14,109,Oakland,1,True,True,F,OVERTURNED,,Tuesday,NotApplicable,False,,,False,True,True,ALAMEDA SUPERIOR COURT WILEY W. MANUEL COURTHOUSE,A,NON-COLLISION,,0,0,A,DAYLIGHT,37.739779,-122.197674,,,,,A,NO PEDESTRIANS INVOLVED,4/4/2023 12:52:00 PM,A,VC 22350,False,1,I-880 S/B,,,5/15/2023 6:13:04 AM,A,N,298.0,HEGENBERGER RD,F,,D,5/15/2023 6:13:06 AM,5/15/2023 6:13:06 AM,False,True,4,False,4/4/2023 12:54:00 PM,1254,True,AREA PHOTO FILE,,True
2068459,9370-2023-01380,1,False,9370,5/3/2023 8:48:00 AM,848,013,14,109,Oakland,1,True,True,C,REAR END,,Wednesday,NotApplicable,False,,,False,True,True,ALAMEDA SUPERIOR COURT WILEY W. MANUEL COURTHOUSE,C,OTHER MOTOR VEHICLE,,1,0,A,DAYLIGHT,37.805138,-122.191881,,,,,A,NO PEDESTRIANS INVOLVED,5/3/2023 8:48:00 AM,A,VC 22350,False,1,SR-13 N/B,,,5/14/2023 11:57:35 AM,B,S,2590.0,JOAQUIN MILLER RD,F,,D,5/14/2023 11:57:40 AM,5/14/2023 11:57:40 AM,False,True,4,,5/3/2023 8:53:00 AM,853,False,,,True
2068449,9370-2023-01383,1,False,9370,5/3/2023 12:40:00 PM,1240,176,14,109,Oakland,1,True,True,C,REAR END,,Wednesday,NotApplicable,False,M,,False,True,False,ALAMEDA SUPERIOR COURT WILEY W. MANUEL COURTHOUSE,C,OTHER MOTOR VEHICLE,,0,0,A,DAYLIGHT,37.776775,-122.237494,,,,,A,NO PEDESTRIANS INVOLVED,5/3/2023 12:40:00 PM,A,VC 22350,False,1,I-880 S/B FROM KENNEDY STREET,,,5/14/2023 10:38:38 AM,B,N,430.0,EAST 7TH ST,F,,A,5/14/2023 10:38:41 AM,5/14/2023 10:38:41 AM,False,True,4,,5/3/2023 12:45:00 PM,1245,False,,,True
2068443,9370-2023-01242,1,False,9370,4/22/2023 10:46:00 PM,2246,052,14,109,Oakland,1,True,True,B,SIDE SWIPE,,Saturday,Yes,False,F,,False,True,False,ALAMEDA SUPERIOR COURT WILEY W. MANUEL COURTHOUSE,J,OTHER OBJECT,CONCRETE WALL,1,0,D,DARK-NO STREET LIGHTS,37.786394,-122.195366,,,,,A,NO PEDESTRIANS INVOLVED,4/22/2023 10:46:00 PM,A,VC 21658(a),False,1,I-580 E/B,,,5/14/2023 9:44:38 AM,A,E,205.0,HIGH ST,F,,D,5/14/2023 9:44:43 AM,5/14/2023 9:44:43 AM,False,True,4,,4/22/2023 10:51:00 PM,2251,False,,,True
2068440,9370-2023-01166,1,False,9370,4/15/2023 8:40:00 AM,840,055,14,109,Oakland,1,True,True,H,OTHER,CAR FIRE,Saturday,NotApplicable,False,,,False,True,False,ALAMEDA SUPERIOR COURT WILEY W. MANUEL COURTHOUSE,A,NON-COLLISION,,0,0,A,DAYLIGHT,37.82578,-122.267193,,,,,A,NO PEDESTRIANS INVOLVED,4/15/2023 8:40:00 AM,C,,,,I-580 W/B,,,5/14/2023 9:01:50 AM,A,W,355.0,W MACARTHUR BLVD,F,,D,5/14/2023 9:01:53 AM,5/14/2023 9:01:53 AM,False,True,4,,4/15/2023 8:45:00 AM,845,False,,,True
2068437,9370-2023-01230,1,False,9370,4/15/2023 7:00:00 PM,1900,052,14,109,Oakland,1,True,True,B,SIDE SWIPE,,Saturday,NotApplicable,False,M,,False,True,False,ALAMEDA SUPERIOR COURT WILEY W. MANUEL COURTHOUSE,C,OTHER MOTOR VEHICLE,,0,0,A,DAYLIGHT,37.753862,-122.150629,,,,,A,NO PEDESTRIANS INVOLVED,4/15/2023 7:00:00 PM,A,VC 21658(A),False,1,I-580 W/B FROM GOLF LINKS ROAD,,,5/14/2023 8:34:07 AM,A,W,100.0,GOLF LINKS RD,F,,D,5/14/2023 8:34:10 AM,5/14/2023 8:34:10 AM,False,True,4,,4/15/2023 7:05:00 PM,1905,False,,,True
2068435,9370-2023-01016,1,False,9370,4/1/2023 7:20:00 PM,1920,081,14,109,Oakland,1,True,True,B,SIDE SWIPE,,Saturday,NotApplicable,False,M,,False,True,False,ALAMEDA SUPERIOR COURT WILEY W. MANUEL COURTHOUSE,C,OTHER MOTOR VEHICLE,,0,0,A,DAYLIGHT,37.881768,-122.308159,,,,,A,NO PEDESTRIANS INVOLVED,4/1/2023 7:20:00 PM,A,VC 21658(a),False,1,I-80 W/B,,,5/14/2023 8:17:56 AM,A,E,1315.0,GILMAN STREET,F,,D,5/14/2023 8:18:01 AM,5/14/2023 8:18:01 AM,False,True,4,,4/1/2023 7:25:00 PM,1925,False,,,True
2068431,9370-2023-01112,1,False,9370,4/9/2023 10:40:00 PM,2240,176,14,109,Oakland,1,True,True,B,SIDE SWIPE,,Sunday,NotApplicable,False,M,,False,True,False,ALAMEDA SUPERIOR COURT WILEY W. MANUEL COURTHOUSE,C,OTHER MOTOR VEHICLE,,0,0,C,DARK-STREET LIGHTS,37.731285,-122.190072,,,,,A,NO PEDESTRIANS INVOLVED,4/9/2023 10:40:00 PM,A,VC 21651(b),False,1,I-880 S/B TO 98TH AVENUE,,,5/14/2023 7:57:56 AM,A,N,10.0,98TH AVENUE,F,,A,5/14/2023 7:58:00 AM,5/14/2023 7:58:00 AM,False,True,4,,4/9/2023 10:42:00 PM,2242,False,,,True
2066860,9370-2023-01298,1,False,9370,4/28/2023 10:20:00 AM,1020,024,14,109,Oakland,1,True,True,C,REAR END,,Friday,NotApplicable,False,,,False,True,True,ALAMEDA SUPERIOR COURT WILEY W. MANUEL COURTHOUSE,C,OTHER MOTOR VEHICLE,,1,0,A,DAYLIGHT,37.843773,-122.254495,,,,,A,NO PEDESTRIANS INVOLVED,4/28/2023 10:20:00 AM,C,,,,SR-24 W/B,,,5/11/2023 12:33:12 PM,A,E,960.0,TELEGRAPH AVE,F,,D,5/11/2023 12:36:15 PM,5/11/2023 12:36:15 PM,False,True,4,,4/28/2023 10:25:00 AM,1025,True,EMBEDDED,,True
2066842,9370-2023-01320,1,False,9370,4/28/2023 7:30:00 PM,1930,008,14,109,Oakland,1,True,True,B,SIDE SWIPE,,Friday,NotApplicable,False,M,,False,True,False,ALAMEDA SUPERIOR COURT WILEY W. MANUEL COURTHOUSE,C,OTHER MOTOR VEHICLE,,0,0,A,DAYLIGHT,37.825237,-122.304065,,,,,A,NO PEDESTRIANS INVOLVED,4/28/2023 7:30:00 PM,A,VC 21658(A),False,1,I-80 E/B,,,5/11/2023 12:25:26 PM,A,E,4120.0,SAN FRANCISCO OAKLAND BAY BRIDGE TOLL PLAZA,F,,D,5/11/2023 12:25:28 PM,5/11/2023 12:25:28 PM,False,True,4,,4/28/2023 8:58:00 PM,2058,False,,,True
2066787,9370-2023-01295,1,False,9370,4/27/2023 11:50:00 PM,2350,098,14,109,Oakland,1,True,True,C,REAR END,,Thursday,NotApplicable,False,M,,False,True,False,ALAMEDA SUPERIOR COURT WILEY W. MANUEL COURTHOUSE,C,OTHER MOTOR VEHICLE,,0,0,D,DARK-NO STREET LIGHTS,37.819302,-122.270212,,,,,A,NO PEDESTRIANS INVOLVED,4/27/2023 11:50:00 PM,A,VC 23152(a),True,1,I-980 W/B,,,5/11/2023 11:41:38 AM,A,E,850.0,27TH ST,F,,D,5/11/2023 11:41:58 AM,5/11/2023 11:41:58 AM,False,True,4,,4/27/2023 11:53:00 PM,2353,False,,,
2066757,9370-2023-01287,1,False,9370,4/26/2023 4:05:00 PM,1605,176,14,109,Oakland,1,True,True,C,REAR END,,Wednesday,NotApplicable,False,,,False,True,False,ALAMEDA SUPERIOR COURT WILEY W. MANUEL COURTHOUSE,C,OTHER MOTOR VEHICLE,,1,0,A,DAYLIGHT,37.775394,-122.234301,,,,,A,NO PEDESTRIANS INVOLVED,4/26/2023 4:05:00 PM,A,VC 22350,False,1,I-880 S/B,,,5/11/2023 11:15:37 AM,A,N,1447.0,FRUITVALE,F,,D,5/11/2023 11:15:42 AM,5/11/2023 11:15:42 AM,False,True,4,,4/26/2023 4:10:00 PM,1610,False,,,True
2066671,9370-2023-01258,1,False,9370,4/24/2023 10:51:00 AM,1051,024,14,109,Oakland,1,True,True,C,REAR END,,Monday,NotApplicable,False,,,False,True,False,ALAMEDA SUPERIOR COURT WILEY W. MANUEL COURTHOUSE,C,OTHER MOTOR VEHICLE,,0,0,C,DARK-STREET LIGHTS,37.857461,-122.213651,,,,,A,NO PEDESTRIANS INVOLVED,4/24/2023 10:51:00 AM,A,VC 22350,False,1,SR-24 W/B,,,5/11/2023 10:11:43 AM,A,W,1985.0,FISH RANCH ROAD,F,,D,5/11/2023 10:11:47 AM,5/11/2023 10:11:47 AM,False,True,4,,4/24/2023 10:54:00 AM,1054,False,,,True
2066517,9370-2023-01247,1,False,9370,4/23/2023 7:05:00 AM,705,052,14,109,Oakland,1,True,True,A,HEAD-ON,,Sunday,Yes,False,,,False,True,False,ALAMEDA SUPERIOR COURT WILEY W. MANUEL COURTHOUSE,C,OTHER MOTOR VEHICLE,,2,0,A,DAYLIGHT,37.780273,-122.172019,,,,,A,NO PEDESTRIANS INVOLVED,4/23/2023 7:05:00 AM,A,VC 23152(A),True,1,I-580 W/B,,,5/11/2023 8:23:07 AM,A,E,530.0,KUHNLE AVENUE,F,,D,5/11/2023 8:23:41 AM,5/11/2023 8:23:41 AM,False,True,4,,4/23/2023 7:09:00 AM,709,False,,True,
2087328,9370-2023-01501,1,False,9370,5/13/2023 5:30:00 PM,1730,177,14,109,Oakland,1,True,True,C,REAR END,,Saturday,NotApplicable,False,M,,False,True,False,ALAMEDA SUPERIOR COURT WILEY W. MANUEL COURTHOUSE,C,OTHER MOTOR VEHICLE,,0,0,A,DAYLIGHT,37.778403,-122.237375,,,,,A,NO PEDESTRIANS INVOLVED,5/13/2023 5:30:00 PM,A,VC 22350,False,1,I-880 N/B,,,6/6/2023 3:24:11 PM,A,N,85.0,23RD AVENUE,F,,D,6/6/2023 3:26:14 PM,6/6/2023 3:26:14 PM,False,True,4,,5/13/2023 6:00:00 PM,1800,False,,,True
2087320,9370-2023-01614,1,False,9370,5/12/2023 11:21:00 PM,2321,177,14,109,Oakland,1,True,True,D,BROADSIDE,,Friday,NotApplicable,False,,,False,True,True,ALAMEDA SUPERIOR COURT WILEY W. MANUEL COURTHOUSE,C,OTHER MOTOR VEHICLE,,0,0,C,DARK-STREET LIGHTS,37.787473,-122.248285,,,,,A,NO PEDESTRIANS INVOLVED,5/12/2023 11:21:00 PM,A,VC 22107,False,1,I-880 S/B,,,6/6/2023 3:17:51 PM,A,N,745.0,16TH AVENUE,F,,D,6/6/2023 3:19:34 PM,6/6/2023 3:19:34 PM,False,True,4,,5/12/2023 11:25:00 PM,2325,False,,,True
2087301,9370-2023-01439,1,False,9370,5/8/2023 10:38:00 AM,1038,024,14,109,Oakland,1,True,True,C,REAR END,,Monday,NotApplicable,False,M,,False,True,True,ALAMEDA SUPERIOR COURT WILEY W. MANUEL COURTHOUSE,C,OTHER MOTOR VEHICLE,,1,0,A,DAYLIGHT,37.849169,-122.23129,,,,,A,NO PEDESTRIANS INVOLVED,5/8/2023 10:38:00 AM,A,VC 22350,False,1,SR-24 W/B,,,6/6/2023 2:57:06 PM,A,W,2420.0,GOLDEN GATE AVE,F,,D,6/6/2023 2:57:14 PM,6/6/2023 2:57:14 PM,False,True,4,,5/8/2023 10:40:00 AM,1040,False,,,True
2087258,9370-2023-01420,1,False,9370,5/6/2023 12:35:00 PM,1235,176,14,109,Oakland,1,True,True,C,REAR END,,Saturday,Yes,False,,,False,True,False,ALAMEDA SUPERIOR COURT WILEY W. MANUEL COURTHOUSE,C,OTHER MOTOR VEHICLE,,6,0,A,DAYLIGHT,37.76114,-122.214374,,,,,A,NO PEDESTRIANS INVOLVED,5/6/2023 12:35:00 PM,A,VC 22350,False,1,I-880 N/B,,,6/6/2023 2:17:24 PM,A,S,3100.0,HIGH ST,F,,D,6/6/2023 2:19:38 PM,6/6/2023 2:19:38 PM,False,True,4,True,5/6/2023 12:40:00 PM,1240,False,,False,True
2087248,9370-2023-01415,1,False,9370,5/5/2023 9:00:00 PM,2100,008,14,109,Oakland,1,True,True,C,REAR END,,Friday,NotApplicable,False,,,False,True,False,ALAMEDA SUPERIOR COURT WILEY W. MANUEL COURTHOUSE,C,OTHER MOTOR VEHICLE,,0,0,C,DARK-STREET LIGHTS,37.826381,-122.300973,,,,,A,NO PEDESTRIANS INVOLVED,5/5/2023 9:00:00 PM,A,VC 21658(A),False,1,I-80 W/B,,,6/6/2023 2:12:59 PM,B,E,1500.0,I-80 W/B TO WEST GRAND AVENUE O/C,F,,D,6/6/2023 2:13:04 PM,6/6/2023 2:13:04 PM,False,True,4,,5/5/2023 9:03:00 PM,2103,False,,,True
2087200,9370-2023-01579,1,False,9370,5/20/2023 1:30:00 AM,130,008,14,109,Oakland,1,True,True,C,REAR END,,Saturday,NotApplicable,False,,,False,True,False,ALAMEDA SUPERIOR COURT WILEY W. MANUEL COURTHOUSE,C,OTHER MOTOR VEHICLE,,1,0,C,DARK-STREET LIGHTS,37.825175,-122.304888,,,,,A,NO PEDESTRIANS INVOLVED,5/20/2023 1:30:00 AM,A,VC 21658(A),False,1,I-80 E/B,,,6/6/2023 1:31:14 PM,A,E,1500.0,MARITIME STREET,F,,D,6/6/2023 1:31:17 PM,6/6/2023 1:31:17 PM,False,True,4,,5/20/2023 1:35:00 AM,135,False,,,True
2087197,9370-2023-01377,1,False,9370,5/2/2023 11:25:00 PM,2325,055,14,109,Oakland,1,True,True,B,SIDE SWIPE,,Tuesday,NotApplicable,False,,,False,True,False,ALAMEDA SUPERIOR COURT WILEY W. MANUEL COURTHOUSE,C,OTHER MOTOR VEHICLE,,0,0,C,DARK-STREET LIGHTS,37.826729,-122.278935,,,,,A,NO PEDESTRIANS INVOLVED,5/2/2023 11:25:00 PM,A,VC 21658(a),False,1,I-580 E/B,,,6/6/2023 1:29:20 PM,B,E,120.0,ADELINE ST,F,,D,6/6/2023 1:29:25 PM,6/6/2023 1:29:25 PM,False,True,4,,5/2/2023 11:30:00 PM,2330,False,,,True
2087168,9370-2023-01575,1,False,9370,5/21/2023 4:55:00 AM,455,053,14,109,Oakland,1,True,True,E,HIT OBJECT,,Sunday,NotApplicable,False,,,False,True,False,ALAMEDA SUPERIOR COURT WILEY W. MANUEL COURTHOUSE,J,OTHER OBJECT,LIGHT POLE,0,0,D,DARK-NO STREET LIGHTS,37.798876,-122.217726,,,,,A,NO PEDESTRIANS INVOLVED,5/21/2023 4:55:00 AM,C,,,,I-580 W/B FROM FRUITVALE AVE,,,6/6/2023 1:09:37 PM,A,W,215.0,FRUITVALE AVENUE,F,,D,6/6/2023 1:12:17 PM,6/6/2023 1:12:17 PM,False,True,4,,5/21/2023 5:05:00 AM,505,False,,,True
2086670,9370-2023-00987,1,False,9370,3/30/2023 9:15:00 AM,915,177,14,109,Oakland,1,True,True,B,SIDE SWIPE,,Thursday,NotApplicable,False,M,,False,True,False,ALAMEDA SUPERIOR COURT WILEY W. MANUEL COURTHOUSE,C,OTHER MOTOR VEHICLE,,0,0,A,DAYLIGHT,37.782193,-122.238984,,,,,A,NO PEDESTRIANS INVOLVED,3/30/2023 9:15:00 AM,A,VC 21658(A),False,1,I-880 N/B,,,6/6/2023 6:41:38 AM,A,N,1472.0,23RD AVENUE,F,,D,6/6/2023 6:41:42 AM,6/6/2023 6:41:42 AM,False,True,4,,3/30/2023 9:20:00 AM,920,False,,,True