collision-id,report-number,report-version,is-preliminary,ncic-code,crash-date-time,crash-time-description,beat,city-id,city-code,city-name,county-code,city-is-active,city-is-incorporated,collision-type-code,collision-type-description,collision-type-other-desc,day-of-week,dispatch-notified,has-photographs,hit-run,is-attachments-mailed,is-deleted,is-highway-related,is-tow-away,judicial-district,motor-vehicle-involved-with-code,motor-vehicle-involved-with-desc,motor-vehicle-involved-with-other-desc,number-injured,number-killed,lighting-code,lighting-description,latitude,longitude,milepost-direction,milepost-distance,milepost-marker,milepost-unit-of-measure,pedestrian-action-code,pedestrian-action-desc,prepared-date,primary-collision-factor-code,primary-collision-factor-description,primary-collision-factor-is-cited,primary-collision-party-number,primary-road,reporting-district,reporting-district-code,reviewed-date,roadway-surface-code,secondary-direction,secondary-distance,secondary-road,secondary-unit-of-measure,sketch-desc,traffic-control-device-code,created-date,modified-date,is-county-road,is-freeway,chp-555-version,is-additonal-object-struck,notification-date,notification-time-description,has-digital-media-files,evidence-number,is-location-refer-to-narrative,is-aoi-one-same-as-location
2137296,9370-2023-02356,1,False,9370,7/28/2023 3:15:00 AM,315,176,14,109,Oakland,1,True,True,E,HIT OBJECT,,Friday,NotApplicable,False,M,,False,True,True,ALAMEDA SUPERIOR COURT WILEY W. MANUEL COURTHOUSE,I,FIXED OBJECT,GUARD RAIL/ CONCRETE WALL,0,0,C,DARK-STREET LIGHTS,37.732294,-122.19006,,,,,A,NO PEDESTRIANS INVOLVED,7/28/2023 3:15:00 AM,A,VC 22107,False,1,I-880 S/B TO 98TH AVENUE,,,8/7/2023 7:34:44 AM,A,N,200.0,98TH AVENUE,F,,D,8/7/2023 7:35:11 AM,8/7/2023 7:35:11 AM,False,True,4,True,7/28/2023 3:17:00 AM,317,False,,,True
2137211,9370-2023-02295,1,False,9370,7/27/2023 8:00:00 AM,800,098,14,109,Oakland,1,True,True,B,SIDE SWIPE,,Thursday,NotApplicable,False,,,False,True,False,ALAMEDA SUPERIOR COURT WILEY W. MANUEL COURTHOUSE,C,OTHER MOTOR VEHICLE,,0,0,A,DAYLIGHT,37.811972,-122.274245,,,,,A,NO PEDESTRIANS INVOLVED,7/27/2023 8:00:00 AM,A,VC 21658(a),False,,I-980 W/B,,,8/7/2023 5:31:11 AM,A,E,750.0,18TH ST,F,,D,8/7/2023 5:31:13 AM,8/7/2023 5:31:13 AM,False,True,4,,7/27/2023 8:06:00 AM,806,False,,,True
2137209,9370-2023-01388,1,False,9370,5/3/2023 2:00:00 PM,1400,176,14,109,Oakland,1,True,True,C,REAR END,,Wednesday,NotApplicable,False,,,False,True,False,ALAMEDA SUPERIOR COURT WILEY W. MANUEL COURTHOUSE,C,OTHER MOTOR VEHICLE,,1,0,A,DAYLIGHT,37.763327,-122.216307,,,,,A,NO PEDESTRIANS INVOLVED,5/3/2023 2:00:00 PM,A,VC 22350,False,1,I-880 N/B,,,8/7/2023 5:26:39 AM,B,S,2100.0,HIGH ST,F,,D,8/7/2023 5:26:45 AM,8/7/2023 5:26:45 AM,False,True,4,,5/3/2023 2:03:00 PM,1403,False,,,True
2137205,9370-2023-01374,1,False,9370,5/2/2023 3:16:00 PM,1516,052,14,109,Oakland,1,True,True,C,REAR END,,Tuesday,NotApplicable,False,M,,False,True,False,ALAMEDA SUPERIOR COURT WILEY W. MANUEL COURTHOUSE,C,OTHER MOTOR VEHICLE,,0,0,A,DAYLIGHT,37.77874,-122.168934,,,,,A,NO PEDESTRIANS INVOLVED,5/2/2023 3:16:00 PM,A,VC 22350,False,1,I-580 W/B,,,8/7/2023 5:23:09 AM,B,E,1600.0,SEMINARY AVE,F,,D,8/7/2023 5:23:16 AM,8/7/2023 5:23:16 AM,False,True,4,,5/2/2023 3:27:00 PM,1527,False,,False,True
2137013,9370-2023-02279,1,False,9370,7/26/2023 6:40:00 AM,640,178,14,109,Oakland,1,True,True,F,OVERTURNED,,Wednesday,NotApplicable,False,,,False,True,False,ALAMEDA SUPERIOR COURT WILEY W. MANUEL COURTHOUSE,A,NON-COLLISION,,0,0,A,DAYLIGHT,37.824613,-122.304416,,,,,A,NO PEDESTRIANS INVOLVED,7/26/2023 6:40:00 AM,A,VC 22107,False,1,I-880 N/B TO I-80 W/B,,,8/6/2023 12:37:11 PM,A,W,1215.0,WEST GRAND,F,,D,8/6/2023 12:37:15 PM,8/6/2023 12:37:15 PM,False,True,4,,7/26/2023 6:47:00 AM,647,False,,,True
2136993,9370-2023-02045,1,False,9370,7/5/2023 2:05:00 AM,205,177,14,109,Oakland,1,True,True,E,HIT OBJECT,,Wednesday,NotApplicable,False,M,,False,True,True,ALAMEDA SUPERIOR COURT WILEY W. MANUEL COURTHOUSE,I,FIXED OBJECT,CONCRETE BARRIER WALL,0,0,C,DARK-STREET LIGHTS,37.79003,-122.25839,,,,,A,NO PEDESTRIANS INVOLVED,7/5/2023 2:05:00 AM,A,VC 22350,False,1,I-880 N/B TO 5TH AVENUE,,,8/6/2023 10:04:32 AM,A,S,450.0,5TH AVE,F,,D,8/6/2023 10:04:36 AM,8/6/2023 10:04:36 AM,False,True,4,,7/5/2023 2:05:00 AM,205,False,,False,True
2136046,9370-2023-02197,1,False,9370,7/19/2023 12:10:00 AM,10,053,14,109,Oakland,1,True,True,E,HIT OBJECT,,Wednesday,NotApplicable,False,,,False,True,False,ALAMEDA SUPERIOR COURT WILEY W. MANUEL COURTHOUSE,J,OTHER OBJECT,TIRE,0,0,D,DARK-NO STREET LIGHTS,37.798801,-122.218657,,,,,A,NO PEDESTRIANS INVOLVED,7/19/2023 12:10:00 AM,C,,,,I-580 W/B,,,8/4/2023 6:42:14 AM,A,W,390.0,FRUITVALE AVENUE,F,,D,8/4/2023 6:42:17 AM,8/4/2023 6:42:17 AM,False,True,4,,7/19/2023 12:16:00 AM,16,False,,,True
2136035,9370-2023-02300,1,False,9370,7/27/2023 7:53:00 PM,1953,054,14,109,Oakland,1,True,True,C,REAR END,,Thursday,NotApplicable,False,M,,False,True,False,ALAMEDA SUPERIOR COURT WILEY W. MANUEL COURTHOUSE,C,OTHER MOTOR VEHICLE,,0,0,A,DAYLIGHT,37.821596,-122.258682,,,,,A,NO PEDESTRIANS INVOLVED,7/27/2023 7:53:00 PM,A,VC 22350,False,1,I-580 E/B,,,8/4/2023 6:22:37 AM,A,E,1340.0,HARRISON ST,F,,D,8/4/2023 6:22:40 AM,8/4/2023 6:22:40 AM,False,True,4,,7/27/2023 7:59:00 PM,1959,False,,,True
2136030,9370-2023-02335,1,False,9370,7/31/2023 10:35:00 PM,2235,176,14,109,Oakland,1,True,True,E,HIT OBJECT,METAL GUARDRAIL,Monday,NotApplicable,False,,,False,True,True,ALAMEDA SUPERIOR COURT WILEY W. MANUEL COURTHOUSE,I,FIXED OBJECT,METAL GUARDRAIL,0,0,C,DARK-STREET LIGHTS,37.754165,-122.208625,,,,,A,NO PEDESTRIANS INVOLVED,7/31/2023 10:35:00 PM,A,VC 23152(a),True,1,I-880 S/B FROM 66TH AVE,,,8/4/2023 6:03:33 AM,A,N,113.0,66TH AVE,F,,A,8/4/2023 6:03:36 AM,8/4/2023 6:03:36 AM,False,False,4,,7/31/2023 10:40:00 PM,2240,False,,,True
2136019,9370-2023-02286,1,False,9370,7/26/2023 4:25:00 PM,1625,177,14,109,Oakland,1,True,True,B,SIDE SWIPE,,Wednesday,NotApplicable,False,M,,False,True,False,ALAMEDA SUPERIOR COURT WILEY W. MANUEL COURTHOUSE,C,OTHER MOTOR VEHICLE,,0,0,A,DAYLIGHT,37.785962,-122.245125,,,,,A,NO PEDESTRIANS INVOLVED,7/26/2023 4:25:00 PM,A,VC 21658(A),False,,I-880 S/B,,,8/4/2023 5:28:42 AM,A,N,100.0,16TH AVE,F,,D,8/4/2023 5:28:47 AM,8/4/2023 5:28:47 AM,False,True,4,,7/26/2023 4:41:00 PM,1641,True,AREA PHOTO FILE,True,False
2136018,9370-2023-02298,1,False,9370,7/27/2023 2:45:00 PM,1445,055,14,109,Oakland,1,True,True,B,SIDE SWIPE,,Thursday,NotApplicable,False,M,,False,True,False,ALAMEDA SUPERIOR COURT WILEY W. MANUEL COURTHOUSE,C,OTHER MOTOR VEHICLE,,0,0,A,DAYLIGHT,37.828519,-122.292891,,,,,A,NO PEDESTRIANS INVOLVED,7/27/2023 2:45:00 PM,A,VC 21658(A),False,1,I-580 W/B TO I-80 E/B,,,8/4/2023 5:26:31 AM,A,E,100.0,I-80 E/B,F,,D,8/4/2023 5:26:33 AM,8/4/2023 5:26:33 AM,False,True,4,,7/27/2023 3:02:00 PM,1502,False,,,True
2136016,9370-2023-02200,1,False,9370,7/14/2023 7:31:00 AM,731,008,14,109,Oakland,1,True,True,B,SIDE SWIPE,,Friday,NotApplicable,False,M,,False,True,False,ALAMEDA SUPERIOR COURT WILEY W. MANUEL COURTHOUSE,C,OTHER MOTOR VEHICLE,,0,0,A,DAYLIGHT,37.825026,-122.313368,,,,,A,NO PEDESTRIANS INVOLVED,7/14/2023 7:31:00 AM,A,VC 21658(A),False,1,I-80 W/B,,,8/4/2023 5:22:46 AM,A,W,1100.0,WEST GRAND AVE,F,,D,8/4/2023 5:22:49 AM,8/4/2023 5:22:49 AM,False,True,4,,7/19/2023 12:25:00 PM,1225,True,AREA PHOTO FILE,,True
2136012,9370-2023-02161,1,False,9370,7/15/2023 11:30:00 PM,2330,052,14,109,Oakland,1,True,True,C,REAR END,,Saturday,NotApplicable,False,M,,False,True,False,ALAMEDA SUPERIOR COURT WILEY W. MANUEL COURTHOUSE,C,OTHER MOTOR VEHICLE,,0,0,C,DARK-STREET LIGHTS,37.754121,-122.151168,,,,,A,NO PEDESTRIANS INVOLVED,7/15/2023 11:30:00 PM,A,VC 22350,False,2,I-580 E/B,,,8/4/2023 5:04:35 AM,A,W,119.0,GOLF LINKS,F,,D,8/4/2023 5:04:43 AM,8/4/2023 5:04:43 AM,False,True,4,,7/15/2023 11:35:00 PM,2335,False,,,True
2135312,9370-2023-02340,1,False,9370,8/1/2023 4:00:00 PM,1600,054,14,109,Oakland,1,True,True,B,SIDE SWIPE,,Tuesday,NotApplicable,False,M,,False,True,False,ALAMEDA SUPERIOR COURT WILEY W. MANUEL COURTHOUSE,C,OTHER MOTOR VEHICLE,,0,0,A,DAYLIGHT,37.815625,-122.251208,,,,,A,NO PEDESTRIANS INVOLVED,8/1/2023 4:00:00 PM,A,VC 21658(A),False,1,I-580 W/B,,,8/3/2023 10:49:57 AM,A,E,1722.0,HARRISON ST,F,,D,8/3/2023 10:49:58 AM,8/3/2023 10:49:58 AM,False,True,4,,8/1/2023 4:02:00 PM,1602,False,,,True
2135309,9370-2023-01705,2,False,9370,6/4/2023 6:30:00 PM,1830,053,14,109,Oakland,1,True,True,B,SIDE SWIPE,MULTIPLE VEHICLES,Sunday,NotApplicable,False,M,,False,True,True,ALAMEDA SUPERIOR COURT WILEY W. MANUEL COURTHOUSE,E,PARKED MOTOR VEHICLE,,1,0,A,DAYLIGHT,37.799939,-122.223895,,,,,A,NO PEDESTRIANS INVOLVED,6/4/2023 6:30:00 PM,A,VC 22107,False,1,I-580 W/B,,,8/9/2023 6:13:45 AM,A,E,960.0,14TH AVE,F,,D,8/3/2023 10:49:04 AM,8/9/2023 6:13:52 AM,False,True,4,,6/4/2023 6:35:00 PM,1835,False,,,True
2135096,9370-2023-02314,1,False,9370,7/28/2023 4:33:00 PM,1633,053,14,109,Oakland,1,True,True,C,REAR END,,Friday,NotApplicable,False,M,,False,True,True,ALAMEDA SUPERIOR COURT WILEY W. MANUEL COURTHOUSE,C,OTHER MOTOR VEHICLE,,0,0,A,DAYLIGHT,37.794586,-122.20648,,,,,A,NO PEDESTRIANS INVOLVED,7/28/2023 4:33:00 PM,A,VC 22350,False,1,I-580 E/B,,,8/3/2023 8:24:45 AM,A,W,1203.0,35TH AVE,F,,D,8/3/2023 8:24:49 AM,8/3/2023 8:24:49 AM,False,True,4,,7/28/2023 4:37:00 PM,1637,False,,,True
2135091,9370-2023-02331,1,False,9370,7/31/2023 5:01:00 PM,1701,178,14,109,Oakland,1,True,True,B,SIDE SWIPE,,Monday,NotApplicable,False,M,,False,True,False,ALAMEDA SUPERIOR COURT WILEY W. MANUEL COURTHOUSE,C,OTHER MOTOR VEHICLE,,0,0,A,DAYLIGHT,37.802263,-122.284207,,,,,A,NO PEDESTRIANS INVOLVED,7/31/2023 5:01:00 PM,A,VC 21658(a),False,1,I-880 N/B,,,8/3/2023 8:22:30 AM,A,N,350.0,MARKET STREET,F,,D,8/3/2023 8:22:32 AM,8/3/2023 8:22:32 AM,False,True,4,,7/31/2023 5:06:00 PM,1706,False,,True,
2134979,9370-2023-02194,1,False,9370,7/19/2023 12:16:00 AM,16,053,14,109,Oakland,1,True,True,E,HIT OBJECT,,Wednesday,NotApplicable,False,,,False,True,False,ALAMEDA SUPERIOR COURT WILEY W. MANUEL COURTHOUSE,J,OTHER OBJECT,LARGE TIRE,0,0,D,DARK-NO STREET LIGHTS,37.798705,-122.218106,,,,,A,NO PEDESTRIANS INVOLVED,7/19/2023 12:16:00 AM,C,,,,I-580 W/B,,,8/3/2023 5:07:23 AM,A,W,300.0,FRUITVALE AVENUE,F,,D,8/3/2023 5:07:25 AM,8/3/2023 5:07:25 AM,False,True,4,,7/19/2023 12:18:00 AM,18,False,,,True
2134978,9370-2023-02347,1,False,9370,8/2/2023 5:30:00 AM,530,176,14,109,Oakland,1,True,True,C,REAR END,,Wednesday,NotApplicable,False,,,False,True,False,ALAMEDA SUPERIOR COURT WILEY W. MANUEL COURTHOUSE,C,OTHER MOTOR VEHICLE,,0,0,B,DUSK-DAWN,37.774735,-122.232359,,,,,A,NO PEDESTRIANS INVOLVED,8/2/2023 5:30:00 AM,A,VC 22350,False,1,I-880 N/B,,,8/3/2023 5:05:06 AM,A,S,300.0,29TH AVENUE,F,,D,8/3/2023 5:05:10 AM,8/3/2023 5:05:10 AM,False,True,4,,8/2/2023 5:35:00 AM,535,False,,,True
2134211,9370-2023-02187,1,False,9370,7/18/2023 10:00:00 AM,1000,055,14,109,Oakland,1,True,True,E,HIT OBJECT,,Tuesday,NotApplicable,False,,,False,True,True,ALAMEDA SUPERIOR COURT WILEY W. MANUEL COURTHOUSE,I,FIXED OBJECT,CONCRETE BARRIER WALL,0,0,A,DAYLIGHT,37.826474,-122.289313,,,,,A,NO PEDESTRIANS INVOLVED,7/18/2023 10:00:00 AM,A,VC 23152(F),True,1,I-580 E/B,,,8/2/2023 10:43:50 AM,A,E,420.0,I-880 N/B TO I-80 E/B TRANSITION,F,,D,8/2/2023 10:43:53 AM,8/2/2023 10:43:53 AM,False,True,4,,7/18/2023 10:03:00 AM,1003,False,,,True
2134091,9370-2023-02301,1,False,9370,7/27/2023 6:04:00 PM,1804,008,14,109,Oakland,1,True,True,C,REAR END,,Thursday,NotApplicable,False,M,,False,True,False,ALAMEDA SUPERIOR COURT WILEY W. MANUEL COURTHOUSE,C,OTHER MOTOR VEHICLE,,0,0,A,DAYLIGHT,37.82401,-122.312624,,,,,A,NO PEDESTRIANS INVOLVED,7/27/2023 6:04:00 PM,A,VC 22350,False,1,I-80 E/B,,,8/2/2023 9:14:36 AM,A,W,785.0,WEST GRAND AVENUE,F,,D,8/2/2023 9:14:41 AM,8/2/2023 9:14:41 AM,False,True,4,,7/27/2023 6:08:00 PM,1808,False,,True,
2133985,9370-2023-02270,1,False,9370,7/25/2023 11:02:00 AM,1102,177,14,109,Oakland,1,True,True,E,HIT OBJECT,,Tuesday,NotApplicable,False,,,False,True,True,ALAMEDA SUPERIOR COURT WILEY W. MANUEL COURTHOUSE,I,FIXED OBJECT,CONCRETE BARRIER WALL,0,0,A,DAYLIGHT,37.785199,-122.243346,,,,,A,NO PEDESTRIANS INVOLVED,7/25/2023 11:02:00 AM,A,VC 22107,False,1,I-880 N/B,,,8/2/2023 7:53:50 AM,A,S,3750.0,FIFTH AVE,F,,D,8/2/2023 7:53:52 AM,8/2/2023 7:53:52 AM,False,True,4,False,7/25/2023 11:07:00 AM,1107,False,,,True
2133957,9370-2023-02196,1,False,9370,7/19/2023 12:06:00 AM,6,053,14,109,Oakland,1,True,True,E,HIT OBJECT,,Wednesday,NotApplicable,False,,,False,True,False,ALAMEDA SUPERIOR COURT WILEY W. MANUEL COURTHOUSE,J,OTHER OBJECT,TIRE,0,0,D,DARK-NO STREET LIGHTS,37.798761,-122.218194,,,,,A,NO PEDESTRIANS INVOLVED,7/19/2023 12:06:00 AM,C,,,,I-580 W/B,,,8/2/2023 7:10:27 AM,A,W,288.0,FRUITVALE AVENUE,F,,D,8/2/2023 7:10:29 AM,8/2/2023 7:10:29 AM,False,True,4,,7/19/2023 12:19:00 AM,19,False,,,True
2133898,9370-2023-02195,1,False,9370,7/19/2023 12:17:00 AM,17,053,14,109,Oakland,1,True,True,E,HIT OBJECT,,Wednesday,NotApplicable,False,,,False,True,False,ALAMEDA SUPERIOR COURT WILEY W. MANUEL COURTHOUSE,J,OTHER OBJECT,LARGE TIRE,0,0,D,DARK-NO STREET LIGHTS,37.798803,-122.218495,,,,,A,NO PEDESTRIANS INVOLVED,7/19/2023 12:17:00 AM,C,,,,I-580 W/B,,,8/2/2023 4:33:23 AM,A,W,350.0,FRUITVALE AVE,F,,D,8/2/2023 4:33:27 AM,8/2/2023 4:33:27 AM,False,True,4,,7/19/2023 12:18:00 AM,18,False,,,True
2133509,9335-2023-01337,1,False,9335,7/12/2023 9:25:00 AM,925,082,14,109,Oakland,1,True,True,C,REAR END,,Wednesday,NotApplicable,False,M,,False,True,False,ALAMEDA SUPERIOR COURT ALAMEDA,C,OTHER MOTOR VEHICLE,,0,0,A,DAYLIGHT,37.821954,-122.329982,,,,,A,NO PEDESTRIANS INVOLVED,7/12/2023 9:25:00 AM,A,VC 22350,False,1,I-80 WESTBOUND,,,8/1/2023 2:28:04 PM,A,W,4570.0,THE PROLONGATION OF THE SAN FRANCISCO OAKLAND BAY BRIDGE TOLL PLAZA,F,,D,8/1/2023 2:28:05 PM,8/1/2023 2:28:05 PM,False,True,4,,7/12/2023 9:39:00 AM,939,False,,,True
2133420,9370-2023-02332,1,False,9370,7/31/2023 5:30:00 PM,1730,053,14,109,Oakland,1,True,True,C,REAR END,,Monday,NotApplicable,False,,,False,True,False,ALAMEDA SUPERIOR COURT WILEY W. MANUEL COURTHOUSE,C,OTHER MOTOR VEHICLE,,0,0,A,DAYLIGHT,37.780684,-122.173322,,,,,A,NO PEDESTRIANS INVOLVED,7/31/2023 5:30:00 PM,A,VC 22350,False,1,I-580 E/B,,,8/1/2023 1:33:23 PM,A,E,113.0,SEMINARY AVE,F,,D,8/1/2023 1:33:25 PM,8/1/2023 1:33:25 PM,False,True,4,,7/31/2023 5:32:00 PM,1732,False,,,True
2133288,9370-2023-02183,1,False,9370,7/17/2023 10:14:00 PM,2214,054,14,109,Oakland,1,True,True,B,SIDE SWIPE,,Monday,NotApplicable,False,M,,False,True,False,ALAMEDA SUPERIOR COURT WILEY W. MANUEL COURTHOUSE,C,OTHER MOTOR VEHICLE,,0,0,C,DARK-STREET LIGHTS,37.799953,-122.223644,,,,,A,NO PEDESTRIANS INVOLVED,7/17/2023 10:14:00 PM,A,VC 21658(A),False,1,I-580 W/B,,,8/1/2023 1:23:22 PM,A,E,125.0,ARDLEY AVENUE OVER-CROSSING,F,,D,8/1/2023 1:23:26 PM,8/1/2023 1:23:26 PM,False,True,4,,7/17/2023 11:49:00 PM,2349,False,,,True
2133278,9370-2023-02162,1,False,9370,7/16/2023 12:30:00 AM,30,052,14,109,Oakland,1,True,True,B,SIDE SWIPE,,Sunday,Yes,False,,,False,True,False,ALAMEDA SUPERIOR COURT WILEY W. MANUEL COURTHOUSE,C,OTHER MOTOR VEHICLE,,0,0,D,DARK-NO STREET LIGHTS,37.76132,-122.148514,,,,,A,NO PEDESTRIANS INVOLVED,7/16/2023 12:30:00 AM,A,VC 22107,False,,I-580 WESTBOUND,,,8/1/2023 1:12:02 PM,A,W,928.0,TWIN OAKS WAY,F,,D,8/1/2023 1:12:06 PM,8/1/2023 1:12:06 PM,False,True,4,,7/16/2023 12:35:00 AM,35,False,,,True
2133239,9370-2023-02168,1,False,9370,7/15/2023 5:20:00 PM,1720,053,14,109,Oakland,1,True,True,B,SIDE SWIPE,,Saturday,NotApplicable,False,M,,False,True,False,ALAMEDA SUPERIOR COURT WILEY W. MANUEL COURTHOUSE,C,OTHER MOTOR VEHICLE,,0,0,A,DAYLIGHT,37.745488,-122.148953,,,,,A,NO PEDESTRIANS INVOLVED,7/15/2023 5:20:00 PM,A,VC 21658(A),True,1,I-580 W/B,,,8/1/2023 12:33:24 PM,A,W,150.0,106TH AVENUE,F,,D,8/1/2023 12:33:29 PM,8/1/2023 12:33:29 PM,False,True,4,,7/15/2023 5:22:00 PM,1722,False,,,True
2133156,9370-2023-01938,1,False,9370,6/23/2023 1:00:00 PM,1300,052,14,109,Oakland,1,True,True,B,SIDE SWIPE,,Friday,Yes,False,,,False,True,False,ALAMEDA SUPERIOR COURT WILEY W. MANUEL COURTHOUSE,C,OTHER MOTOR VEHICLE,,1,0,A,DAYLIGHT,37.734582,-122.139914,,,,,A,NO PEDESTRIANS INVOLVED,6/23/2023 1:00:00 PM,A,VC 21658(A),False,,I-580 E/B,,,8/1/2023 11:02:42 AM,A,W,50.0,DUTTON AVENUE,F,,D,8/1/2023 11:02:47 AM,8/1/2023 11:02:47 AM,False,True,4,,6/23/2023 1:05:00 PM,1305,False,,,True
2133121,9370-2023-01836,1,False,9370,6/15/2023 4:20:00 PM,1620,177,14,109,Oakland,1,True,True,C,REAR END,,Thursday,NotApplicable,False,M,,False,True,False,ALAMEDA SUPERIOR COURT WILEY W. MANUEL COURTHOUSE,C,OTHER MOTOR VEHICLE,,0,0,A,DAYLIGHT,37.800189,-122.279585,,,,,A,NO PEDESTRIANS INVOLVED,6/15/2023 4:20:00 PM,A,VC 22350,False,1,I-880 S/B,,,8/1/2023 10:35:36 AM,A,N,60.0,I-980 OVERCROSSING,F,,D,8/1/2023 10:36:54 AM,8/1/2023 10:36:54 AM,False,True,4,,6/15/2023 4:25:00 PM,1625,False,,,True
2133112,9370-2023-02193,1,False,9370,7/19/2023 12:15:00 AM,15,053,14,109,Oakland,1,True,True,E,HIT OBJECT,,Wednesday,NotApplicable,False,,,False,True,False,ALAMEDA SUPERIOR COURT WILEY W. MANUEL COURTHOUSE,J,OTHER OBJECT,LARGE TIRE,0,0,D,DARK-NO STREET LIGHTS,37.798622,-122.217879,,,,,A,NO PEDESTRIANS INVOLVED,7/19/2023 12:15:00 AM,C,,,,I-580 W/B,,,8/1/2023 10:30:04 AM,A,W,250.0,FRUITVALE AVENUE,F,,D,8/1/2023 10:30:06 AM,8/1/2023 10:30:06 AM,False,True,4,,7/19/2023 12:18:00 AM,18,False,,,True
2133076,9370-2023-02318,1,False,9370,7/29/2023 1:40:00 PM,1340,177,14,109,Oakland,1,True,True,C,REAR END,,Saturday,NotApplicable,False,M,,False,True,False,ALAMEDA SUPERIOR COURT WILEY W. MANUEL COURTHOUSE,C,OTHER MOTOR VEHICLE,,0,0,A,DAYLIGHT,37.790755,-122.260273,,,,,A,NO PEDESTRIANS INVOLVED,7/29/2023 1:40:00 PM,A,VC 22350,False,1,I-880 N/B,,,8/1/2023 10:10:33 AM,A,N,80.0,5TH AVENUE,F,,D,8/1/2023 10:10:40 AM,8/1/2023 10:10:40 AM,False,True,4,,7/29/2023 1:45:00 PM,1345,False,,,True
2132926,9370-2023-02316,1,False,9370,7/29/2023 2:30:00 AM,230,054,14,109,Oakland,1,True,True,E,HIT OBJECT,,Saturday,NotApplicable,False,,,False,True,False,ALAMEDA SUPERIOR COURT WILEY W. MANUEL COURTHOUSE,I,FIXED OBJECT,ATTENUATOR,0,0,C,DARK-STREET LIGHTS,37.81177,-122.249907,,,,,A,NO PEDESTRIANS INVOLVED,7/29/2023 2:30:00 AM,A,VC 22107,False,1,I-580 W/B,,,8/1/2023 9:00:54 AM,A,W,515.0,GRAND AVE,F,,D,8/1/2023 9:00:55 AM,8/1/2023 9:00:55 AM,False,True,4,,7/29/2023 2:33:00 AM,233,False,,,True
2132854,9370-2023-02269,1,False,9370,7/25/2023 12:55:00 AM,55,052,14,109,Oakland,1,True,True,E,HIT OBJECT,,Tuesday,NotApplicable,False,,,False,True,True,ALAMEDA SUPERIOR COURT WILEY W. MANUEL COURTHOUSE,J,OTHER OBJECT,MATTRESS,0,0,D,DARK-NO STREET LIGHTS,37.748798,-122.150958,,,,,A,NO PEDESTRIANS INVOLVED,7/25/2023 12:55:00 AM,C,,,,I-580 EASTBOUND,,,8/1/2023 8:12:40 AM,A,W,1477.0,106TH AVENUE,F,,D,8/1/2023 8:12:42 AM,8/1/2023 8:12:42 AM,False,True,4,,7/25/2023 1:00:00 AM,100,False,,,True
2132729,9370-2023-01761,1,False,9370,6/9/2023 6:50:00 PM,1850,024,14,109,Oakland,1,True,True,B,SIDE SWIPE,,Friday,NotApplicable,False,,,False,True,True,ALAMEDA SUPERIOR COURT WILEY W. MANUEL COURTHOUSE,C,OTHER MOTOR VEHICLE,,1,0,B,DUSK-DAWN,37.828206,-122.266597,,,,,A,NO PEDESTRIANS INVOLVED,6/9/2023 6:50:00 PM,A,VC 21658(A),False,1,SR-24 E/B TO MLK JR WAY,,,8/1/2023 6:09:58 AM,A,E,260.0,WEST MACARTHUR,F,,D,8/1/2023 6:10:05 AM,8/1/2023 6:10:05 AM,False,True,4,True,6/9/2023 6:55:00 PM,1855,False,,,False
2132722,9370-2023-02233,1,False,9370,7/21/2023 11:00:00 AM,1100,013,14,109,Oakland,1,True,True,E,HIT OBJECT,,Friday,NotApplicable,False,M,,False,True,False,ALAMEDA SUPERIOR COURT WILEY W. MANUEL COURTHOUSE,J,OTHER OBJECT,HUB CAP,0,0,A,DAYLIGHT,37.848435,-122.227907,,,,,A,NO PEDESTRIANS INVOLVED,7/21/2023 11:00:00 AM,C,,,,SR-13 S/B,,,8/1/2023 5:48:15 AM,A,N,435.0,BROADWAY,F,,D,8/1/2023 5:48:17 AM,8/1/2023 5:48:17 AM,False,True,4,,7/21/2023 12:00:00 PM,1200,False,,,True
2132716,9370-2023-02227,1,False,9370,7/21/2023 2:20:00 AM,220,053,14,109,Oakland,1,True,True,E,HIT OBJECT,SOLO CRASH,Friday,NotApplicable,False,,,False,True,True,ALAMEDA SUPERIOR COURT WILEY W. MANUEL COURTHOUSE,I,FIXED OBJECT,CONCRETE WALL,0,0,D,DARK-NO STREET LIGHTS,37.801832,-122.230291,,,,,A,NO PEDESTRIANS INVOLVED,7/21/2023 2:20:00 AM,A,VC 22107,False,1,I-580 WESTBOUND,,,8/1/2023 4:51:04 AM,A,E,393.0,13TH AVE,F,,D,8/1/2023 4:51:39 AM,8/1/2023 4:51:39 AM,False,True,4,,7/21/2023 2:30:00 AM,230,False,,False,True