collision-id,report-number,report-version,is-preliminary,ncic-code,crash-date-time,crash-time-description,beat,city-id,city-code,city-name,county-code,city-is-active,city-is-incorporated,collision-type-code,collision-type-description,collision-type-other-desc,day-of-week,dispatch-notified,has-photographs,hit-run,is-attachments-mailed,is-deleted,is-highway-related,is-tow-away,judicial-district,motor-vehicle-involved-with-code,motor-vehicle-involved-with-desc,motor-vehicle-involved-with-other-desc,number-injured,number-killed,lighting-code,lighting-description,latitude,longitude,milepost-direction,milepost-distance,milepost-marker,milepost-unit-of-measure,pedestrian-action-code,pedestrian-action-desc,prepared-date,primary-collision-factor-code,primary-collision-factor-description,primary-collision-factor-is-cited,primary-collision-party-number,primary-road,reporting-district,reporting-district-code,reviewed-date,roadway-surface-code,secondary-direction,secondary-distance,secondary-road,secondary-unit-of-measure,sketch-desc,traffic-control-device-code,created-date,modified-date,is-county-road,is-freeway,chp-555-version,is-additonal-object-struck,notification-date,notification-time-description,has-digital-media-files,evidence-number,is-location-refer-to-narrative,is-aoi-one-same-as-location
2161986,9370-2023-02608,1,False,9370,8/24/2023 9:25:00 PM,2125,008,14,109,Oakland,1,True,True,B,SIDE SWIPE,,Thursday,NotApplicable,False,,,False,True,False,ALAMEDA SUPERIOR COURT WILEY W. MANUEL COURTHOUSE,C,OTHER MOTOR VEHICLE,,0,0,C,DARK-STREET LIGHTS,37.828325,-122.293404,,,,,A,NO PEDESTRIANS INVOLVED,8/24/2023 9:25:00 PM,A,VC 21658(A),False,1,I-80 W/B TO I-580 E/B,,,9/5/2023 6:50:51 AM,A,E,224.0,I-580 E/B,F,,D,9/5/2023 6:50:57 AM,9/5/2023 6:50:57 AM,False,True,4,,8/24/2023 9:30:00 PM,2130,False,,,True
2161828,9370-2023-02376,1,False,9370,8/5/2023 12:50:00 AM,50,176,14,109,Oakland,1,True,True,C,REAR END,,Saturday,Yes,False,F,,False,True,True,ALAMEDA SUPERIOR COURT WILEY W. MANUEL COURTHOUSE,C,OTHER MOTOR VEHICLE,,0,0,C,DARK-STREET LIGHTS,37.772493,-122.2254,,,,,E,IN ROAD - INCLUDES SHOULDER,8/5/2023 12:50:00 AM,A,VC 23152(A),True,1,I-880 N/B,,,9/4/2023 2:47:31 PM,A,S,768.0,FRUITVALE AVE,F,,D,9/4/2023 2:47:34 PM,9/4/2023 2:47:34 PM,False,True,4,True,8/5/2023 12:55:00 AM,55,False,,,True
2161824,9370-2023-02399,1,False,9370,8/6/2023 5:50:00 PM,1750,176,14,109,Oakland,1,True,True,C,REAR END,,Sunday,NotApplicable,False,,,False,True,False,ALAMEDA SUPERIOR COURT WILEY W. MANUEL COURTHOUSE,C,OTHER MOTOR VEHICLE,,0,0,A,DAYLIGHT,37.774117,-122.230604,,,,,A,NO PEDESTRIANS INVOLVED,8/6/2023 5:50:00 PM,A,VC 22350,False,1,I-880 N/B,,,9/4/2023 2:44:00 PM,A,S,830.0,29TH ST,F,,D,9/4/2023 2:44:02 PM,9/4/2023 2:44:02 PM,False,True,4,,8/6/2023 5:55:00 PM,1755,False,,,True
2161793,9370-2023-02623,2,False,9370,8/27/2023 8:33:00 AM,833,008,14,109,Oakland,1,True,True,B,SIDE SWIPE,,Sunday,NotApplicable,False,,,False,True,True,ALAMEDA SUPERIOR COURT WILEY W. MANUEL COURTHOUSE,C,OTHER MOTOR VEHICLE,,0,0,A,DAYLIGHT,37.824038,-122.291439,,,,,A,NO PEDESTRIANS INVOLVED,8/27/2023 8:33:00 AM,A,VC 21658(A),False,1,I-80 WB TO I-880 SB,,,11/6/2023 12:56:08 PM,A,E,1880.0,WEST GRAND AVENUE,F,,D,9/4/2023 1:58:42 PM,11/6/2023 12:56:13 PM,False,True,4,,8/27/2023 8:55:00 AM,855,False,,,True
2160858,9370-2023-02679,1,False,9370,8/30/2023 9:40:00 AM,940,176,14,109,Oakland,1,True,True,C,REAR END,,Wednesday,NotApplicable,False,,,False,True,False,ALAMEDA SUPERIOR COURT WILEY W. MANUEL COURTHOUSE,C,OTHER MOTOR VEHICLE,,0,0,A,DAYLIGHT,37.732084,-122.188962,,,,,A,NO PEDESTRIANS INVOLVED,8/30/2023 9:40:00 AM,A,VC 22350,False,3,I-880 N/B,,,9/1/2023 12:07:55 PM,A,N,25.0,98TH AVENUE,F,,D,9/1/2023 12:08:01 PM,9/1/2023 12:08:01 PM,False,True,4,,8/30/2023 9:45:00 AM,945,False,,True,
2160753,9370-2023-02504,1,False,9370,8/16/2023 3:05:00 PM,1505,176,14,109,Oakland,1,True,True,C,REAR END,,Wednesday,NotApplicable,False,M,,False,True,False,ALAMEDA SUPERIOR COURT WILEY W. MANUEL COURTHOUSE,C,OTHER MOTOR VEHICLE,,0,0,A,DAYLIGHT,37.777505,-122.236859,,,,,A,NO PEDESTRIANS INVOLVED,8/16/2023 3:05:00 PM,A,VC 22350,False,1,I-880 SOUTHBOUND,,,9/1/2023 10:14:01 AM,A,S,130.0,23RD AVENUE,F,,D,9/1/2023 10:14:08 AM,9/1/2023 10:14:08 AM,False,True,4,,8/16/2023 3:09:00 PM,1509,False,,,True
2160649,9370-2023-02685,1,False,9370,8/31/2023 8:36:00 AM,836,176,14,109,Oakland,1,True,True,E,HIT OBJECT,,Thursday,Yes,False,,,False,True,False,ALAMEDA SUPERIOR COURT WILEY W. MANUEL COURTHOUSE,I,FIXED OBJECT,SAND BARRELS,0,0,A,DAYLIGHT,37.733373,-122.190366,,,,,A,NO PEDESTRIANS INVOLVED,8/31/2023 8:36:00 AM,A,VC 22107,True,1,I-880 S/B,,,9/1/2023 8:15:51 AM,A,N,723.0,98TH AVENUE,F,,D,9/1/2023 8:15:54 AM,9/1/2023 8:15:54 AM,False,True,4,,8/31/2023 8:52:00 AM,852,False,,True,
2160610,9370-2023-02609,1,False,9370,8/25/2023 11:30:00 AM,1130,008,14,109,Oakland,1,True,True,C,REAR END,,Friday,NotApplicable,False,M,,False,True,True,ALAMEDA SUPERIOR COURT WILEY W. MANUEL COURTHOUSE,C,OTHER MOTOR VEHICLE,,1,0,A,DAYLIGHT,37.825227,-122.312579,,,,,A,NO PEDESTRIANS INVOLVED,8/25/2023 11:30:00 AM,A,VC 21658(A),False,1,I-80 W/B,,,9/1/2023 7:25:33 AM,A,W,865.0,I-80 W/B TO WEST GRAND AVENUE,F,,D,9/1/2023 7:25:35 AM,9/1/2023 7:25:35 AM,False,True,4,,8/25/2023 11:35:00 AM,1135,False,,,True
2160594,9370-2023-02680,1,False,9370,8/23/2023 3:05:00 PM,1505,177,14,109,Oakland,1,True,True,C,REAR END,,Wednesday,NotApplicable,False,,,False,True,False,ALAMEDA SUPERIOR COURT WILEY W. MANUEL COURTHOUSE,C,OTHER MOTOR VEHICLE,,0,0,A,DAYLIGHT,37.474251,-122.155788,,,,,A,NO PEDESTRIANS INVOLVED,8/23/2023 3:05:00 PM,A,VC 22350,False,1,I-880 N/B,,,9/1/2023 6:46:54 AM,A,S,2800.0,BROADWAY,F,,D,9/1/2023 6:46:57 AM,9/1/2023 6:46:57 AM,False,True,4,,8/23/2023 3:10:00 PM,1510,False,,,True
2160565,9370-2023-02538,1,False,9370,8/19/2023 10:15:00 AM,1015,176,14,109,Oakland,1,True,True,C,REAR END,,Saturday,NotApplicable,False,M,,False,True,False,ALAMEDA SUPERIOR COURT WILEY W. MANUEL COURTHOUSE,C,OTHER MOTOR VEHICLE,,0,0,A,DAYLIGHT,37.753364,-122.207647,,,,,A,NO PEDESTRIANS INVOLVED,8/19/2023 10:15:00 AM,A,VC 22350,False,1,I-880 S/B,,,9/1/2023 5:48:08 AM,A,S,205.0,66TH AVE,F,,D,9/1/2023 5:48:10 AM,9/1/2023 5:48:10 AM,False,True,4,,8/19/2023 10:20:00 AM,1020,False,,,True
2160004,9370-2023-02572,1,False,9370,8/22/2023 2:45:00 PM,1445,024,14,109,Oakland,1,True,True,A,HEAD-ON,,Tuesday,NotApplicable,False,,,False,True,False,ALAMEDA SUPERIOR COURT WILEY W. MANUEL COURTHOUSE,C,OTHER MOTOR VEHICLE,,1,0,A,DAYLIGHT,37.83206,-122.26708,,,,,A,NO PEDESTRIANS INVOLVED,8/22/2023 2:45:00 PM,A,VC 22350,False,1,I-580 FROM 51ST STREET,,,8/31/2023 1:46:43 PM,A,W,185.0,42ND STREET,F,,D,8/31/2023 1:46:47 PM,8/31/2023 1:46:47 PM,False,True,4,,8/22/2023 2:50:00 PM,1450,True,AREA PHOTO FILE,,True
2159872,9370-2023-02683,1,False,9370,8/31/2023 6:30:00 AM,630,176,14,109,Oakland,1,True,True,C,REAR END,,Thursday,NotApplicable,False,,,False,True,False,ALAMEDA SUPERIOR COURT WILEY W. MANUEL COURTHOUSE,C,OTHER MOTOR VEHICLE,,0,0,A,DAYLIGHT,37.740997,-122.196214,,,,,A,NO PEDESTRIANS INVOLVED,8/31/2023 6:30:00 AM,A,VC 21453(a),False,2,I-880 N/B FROM HEGENBERGER ROAD ON RAMP,,,8/31/2023 12:14:52 PM,A,S,5.0,HEGENBERGER ROAD,F,,A,8/31/2023 12:16:25 PM,8/31/2023 12:16:25 PM,False,True,4,,8/31/2023 6:40:00 AM,640,False,,True,
2159819,9370-2023-02678,1,False,9370,8/30/2023 8:40:00 AM,840,178,14,109,Oakland,1,True,True,C,REAR END,,Wednesday,NotApplicable,False,,,False,True,False,ALAMEDA SUPERIOR COURT WILEY W. MANUEL COURTHOUSE,C,OTHER MOTOR VEHICLE,,0,0,A,DAYLIGHT,37.824408,-122.303843,,,,,A,NO PEDESTRIANS INVOLVED,8/30/2023 8:40:00 AM,A,VC 22450(a),False,2,I-880 N/B TO I-80 W/B FROM WEST GRAND AVE,,,8/31/2023 11:23:27 AM,A,N,1151.0,MARITIME STREET,F,,D,8/31/2023 11:24:27 AM,8/31/2023 11:24:27 AM,False,True,4,,8/30/2023 8:45:00 AM,845,False,,True,
2159734,9370-2023-02561,1,False,9370,8/22/2023 7:56:00 AM,756,013,14,109,Oakland,1,True,True,C,REAR END,,Tuesday,NotApplicable,False,,,False,True,False,ALAMEDA SUPERIOR COURT WILEY W. MANUEL COURTHOUSE,C,OTHER MOTOR VEHICLE,,0,0,A,DAYLIGHT,37.800656,-122.187303,,,,,A,NO PEDESTRIANS INVOLVED,8/22/2023 7:56:00 AM,A,VC 22350,False,1,SR-13 N/B,,,8/31/2023 10:18:45 AM,A,N,930.0,REDWOOD RD,F,,D,8/31/2023 10:18:50 AM,8/31/2023 10:18:50 AM,False,True,4,,8/22/2023 8:01:00 AM,801,False,,,True
2159640,9370-2023-02587,1,False,9370,8/23/2023 10:20:00 AM,1020,176,14,109,Oakland,1,True,True,B,SIDE SWIPE,,Wednesday,NotApplicable,False,M,,False,True,False,ALAMEDA SUPERIOR COURT WILEY W. MANUEL COURTHOUSE,C,OTHER MOTOR VEHICLE,,1,0,A,DAYLIGHT,37.772647,-122.226501,,,,,A,NO PEDESTRIANS INVOLVED,8/23/2023 10:20:00 AM,A,VC 21658(A),False,1,I-880 S/B,,,8/31/2023 9:12:51 AM,A,N,450.0,HIGH ST,F,,D,8/31/2023 9:14:38 AM,8/31/2023 9:14:38 AM,False,True,4,False,8/23/2023 10:31:00 AM,1031,False,,False,True
2159623,9370-2023-02548,1,False,9370,8/20/2023 8:20:00 PM,2020,098,14,109,Oakland,1,True,True,C,REAR END,,Sunday,NotApplicable,False,,,False,True,True,ALAMEDA SUPERIOR COURT WILEY W. MANUEL COURTHOUSE,C,OTHER MOTOR VEHICLE,,0,0,C,DARK-STREET LIGHTS,37.816728,-122.270836,,,,,A,NO PEDESTRIANS INVOLVED,8/20/2023 8:20:00 PM,A,VC 22350,False,1,I-980 WESTBOUND,,,8/31/2023 9:05:02 AM,A,E,807.0,AT 27TH ST,F,,A,8/31/2023 9:05:13 AM,8/31/2023 9:05:13 AM,False,True,4,False,8/20/2023 8:35:00 PM,2035,False,,,True
2159526,9370-2023-02501,2,False,9370,8/16/2023 8:40:00 AM,840,008,14,109,Oakland,1,True,True,C,REAR END,,Wednesday,NotApplicable,False,M,,False,True,False,ALAMEDA SUPERIOR COURT WILEY W. MANUEL COURTHOUSE,C,OTHER MOTOR VEHICLE,,1,0,A,DAYLIGHT,37.825082,-122.310229,,,,,A,NO PEDESTRIANS INVOLVED,8/16/2023 8:40:00 AM,A,VC 22350,False,1,I-80 W/B,,,10/4/2023 11:07:38 AM,A,W,150.0,W. GRAND AVE.,F,,D,8/31/2023 8:11:02 AM,10/4/2023 11:07:47 AM,False,True,4,,8/16/2023 8:46:00 AM,846,False,,,True
2159510,9370-2023-02595,1,False,9370,8/23/2023 3:25:00 PM,1525,055,14,109,Oakland,1,True,True,C,REAR END,,Wednesday,NotApplicable,False,,,False,True,False,ALAMEDA SUPERIOR COURT WILEY W. MANUEL COURTHOUSE,C,OTHER MOTOR VEHICLE,,0,0,A,DAYLIGHT,37.82477,-122.270653,,,,,A,NO PEDESTRIANS INVOLVED,8/23/2023 3:25:00 PM,A,VC 22350,True,1,I-580 E/B,,,8/31/2023 7:59:40 AM,A,W,1400.0,TELEGRAPH AVE,F,,D,8/31/2023 7:59:43 AM,8/31/2023 7:59:43 AM,False,True,4,,8/23/2023 3:40:00 PM,1540,False,,,True
2159441,9370-2023-02574,1,False,9370,8/22/2023 4:10:00 PM,1610,054,14,109,Oakland,1,True,True,C,REAR END,,Tuesday,NotApplicable,False,,,False,True,False,ALAMEDA SUPERIOR COURT WILEY W. MANUEL COURTHOUSE,C,OTHER MOTOR VEHICLE,,0,0,A,DAYLIGHT,37.81429,-122.251055,,,,,A,NO PEDESTRIANS INVOLVED,8/22/2023 4:10:00 PM,A,VC 22350,True,1,I-580 E/B,,,8/31/2023 6:58:35 AM,A,W,1600.0,GRAND AVE,F,,D,8/31/2023 6:58:38 AM,8/31/2023 6:58:38 AM,False,True,4,,8/22/2023 4:15:00 PM,1615,False,,,True
2159404,9370-2023-02056,1,False,9370,7/6/2023 5:40:00 AM,540,177,14,109,Oakland,1,True,True,D,BROADSIDE,,Thursday,NotApplicable,False,,,False,True,True,ALAMEDA SUPERIOR COURT WILEY W. MANUEL COURTHOUSE,C,OTHER MOTOR VEHICLE,,1,0,A,DAYLIGHT,37.797252,-122.272314,,,,,A,NO PEDESTRIANS INVOLVED,7/6/2023 5:40:00 AM,A,VC 22107,False,1,I-880 S/B,,,8/31/2023 6:24:15 AM,A,S,670.0,BROADWAY,F,,D,8/31/2023 6:24:18 AM,8/31/2023 6:24:18 AM,False,True,4,,7/6/2023 5:45:00 AM,545,False,,,True
2159386,9370-2023-02545,1,False,9370,8/19/2023 10:32:00 PM,2232,176,14,109,Oakland,1,True,True,C,REAR END,,Saturday,Yes,False,,,False,True,False,ALAMEDA SUPERIOR COURT WILEY W. MANUEL COURTHOUSE,C,OTHER MOTOR VEHICLE,,1,0,D,DARK-NO STREET LIGHTS,37.737696,-122.193759,,,,,A,NO PEDESTRIANS INVOLVED,8/19/2023 10:32:00 PM,A,VC 23152(a),True,1,I-880 N/B,,,8/31/2023 5:55:08 AM,A,S,1220.0,HEGENBERGER RD,F,,D,8/31/2023 5:55:10 AM,8/31/2023 5:55:10 AM,False,True,4,,8/19/2023 10:36:00 PM,2236,False,,,True
2159382,9370-2023-02626,1,False,9370,8/25/2023 5:52:00 PM,1752,008,14,109,Oakland,1,True,True,B,SIDE SWIPE,,Friday,NotApplicable,False,,,False,True,False,ALAMEDA SUPERIOR COURT WILEY W. MANUEL COURTHOUSE,C,OTHER MOTOR VEHICLE,,0,0,A,DAYLIGHT,37.825149,-122.312936,,,,,A,NO PEDESTRIANS INVOLVED,8/25/2023 5:52:00 PM,A,VC 21658(a),False,1,I-80 WESTBOUND,,,8/31/2023 5:48:02 AM,A,W,993.0,WEST GRAND AVENUE OVERCROSSING,F,,D,8/31/2023 5:48:06 AM,8/31/2023 5:48:06 AM,False,True,4,,8/25/2023 6:00:00 PM,1800,False,,,True
2158566,9370-2023-02668,1,False,9370,8/29/2023 11:59:00 AM,1159,176,14,109,Oakland,1,True,True,C,REAR END,,Tuesday,NotApplicable,False,,,False,True,False,ALAMEDA SUPERIOR COURT WILEY W. MANUEL COURTHOUSE,C,OTHER MOTOR VEHICLE,,0,0,A,DAYLIGHT,37.773199,-122.227915,,,,,A,NO PEDESTRIANS INVOLVED,8/29/2023 11:59:00 AM,A,VC 22350,False,2,I-880 N/B,,,8/30/2023 11:45:14 AM,A,S,50.0,FRUITVALE AVENUE,F,,D,8/30/2023 11:45:17 AM,8/30/2023 11:45:17 AM,False,True,4,,8/29/2023 12:04:00 PM,1204,False,,True,
2158402,9370-2023-02524,1,False,9370,8/18/2023 2:15:00 AM,215,177,14,109,Oakland,1,True,True,B,SIDE SWIPE,,Friday,Yes,False,,,False,True,True,ALAMEDA SUPERIOR COURT WILEY W. MANUEL COURTHOUSE,C,OTHER MOTOR VEHICLE,,1,0,D,DARK-NO STREET LIGHTS,37.797518,-122.271963,,,,,A,NO PEDESTRIANS INVOLVED,8/18/2023 2:15:00 AM,A,VC 21658(a),False,1,I-880 N/B,,,8/30/2023 9:50:14 AM,A,S,800.0,BROADWAY,F,,D,8/30/2023 9:50:18 AM,8/30/2023 9:50:18 AM,False,True,4,,8/18/2023 2:21:00 AM,221,False,,,True
2158283,9370-2023-02601,1,False,9370,8/24/2023 2:30:00 PM,1430,176,14,109,Oakland,1,True,True,B,SIDE SWIPE,,Thursday,NotApplicable,False,,,False,True,False,ALAMEDA SUPERIOR COURT WILEY W. MANUEL COURTHOUSE,C,OTHER MOTOR VEHICLE,,0,0,A,DAYLIGHT,37.773812,-122.229419,,,,,A,NO PEDESTRIANS INVOLVED,8/24/2023 2:30:00 PM,A,VC 21658(A),False,1,I-880 N/B,,,8/30/2023 8:42:06 AM,A,S,1210.0,29TH AVENUE,F,,D,8/30/2023 8:42:08 AM,8/30/2023 8:42:08 AM,False,True,4,,8/24/2023 2:45:00 PM,1445,False,,,True
2158223,9370-2023-02607,1,False,9370,8/11/2023 4:20:00 PM,1620,052,14,109,Oakland,1,True,True,C,REAR END,,Friday,NotApplicable,False,,,False,True,False,ALAMEDA SUPERIOR COURT WILEY W. MANUEL COURTHOUSE,C,OTHER MOTOR VEHICLE,,0,0,A,DAYLIGHT,37.782571,-122.176377,,,,,A,NO PEDESTRIANS INVOLVED,8/11/2023 4:20:00 PM,A,VC 22350,False,1,I-580 E/B,,,8/30/2023 8:07:24 AM,A,W,925.0,KUHNLE AVENUE,F,,D,8/30/2023 8:07:26 AM,8/30/2023 8:07:26 AM,False,True,4,,8/11/2023 4:29:00 PM,1629,False,,,True
2158161,9370-2023-02648,1,False,9370,8/17/2023 6:20:00 PM,1820,054,14,109,Oakland,1,True,True,E,HIT OBJECT,,Thursday,NotApplicable,False,,,False,True,False,ALAMEDA SUPERIOR COURT WILEY W. MANUEL COURTHOUSE,I,FIXED OBJECT,RAISED CONCRETE,0,0,A,DAYLIGHT,37.809359,-122.244017,,,,,A,NO PEDESTRIANS INVOLVED,8/17/2023 6:20:00 PM,A,VC 22107,False,1,I-580 W/B TO LAKESHORE AVENUE,,,8/30/2023 6:43:10 AM,A,E,615.0,LAKESHORE AVENUE,F,,D,8/30/2023 6:43:11 AM,8/30/2023 6:43:11 AM,False,True,4,True,8/17/2023 6:24:00 PM,1824,False,,,True
2158140,9370-2023-02517,2,False,9370,8/1/2023 3:10:00 PM,1510,055,14,109,Oakland,1,True,True,B,SIDE SWIPE,,Tuesday,NotApplicable,False,,,False,True,False,ALAMEDA SUPERIOR COURT WILEY W. MANUEL COURTHOUSE,C,OTHER MOTOR VEHICLE,,0,0,A,DAYLIGHT,37.826722,-122.287026,,,,,A,NO PEDESTRIANS INVOLVED,8/1/2023 3:10:00 PM,A,VC 21658(A),False,1,I-580 W/B TO I-80 W/B,,,11/29/2023 8:37:48 AM,A,W,700.0,HOLLIS ST,F,,D,8/30/2023 6:03:11 AM,11/29/2023 8:37:56 AM,False,True,4,,8/16/2023 8:00:00 PM,2000,False,,,True
2157651,9370-2023-02576,1,False,9370,8/22/2023 3:50:00 PM,1550,055,14,109,Oakland,1,True,True,C,REAR END,,Tuesday,NotApplicable,False,,,False,True,False,ALAMEDA SUPERIOR COURT WILEY W. MANUEL COURTHOUSE,C,OTHER MOTOR VEHICLE,,0,0,A,DAYLIGHT,37.828942,-122.266517,,,,,A,NO PEDESTRIANS INVOLVED,8/22/2023 3:50:00 PM,A,VC 22350,False,2,I-580 TO SR-24 EB,,,8/29/2023 2:48:17 PM,A,W,150.0,40TH ST,F,,D,8/29/2023 2:48:20 PM,8/29/2023 2:48:20 PM,False,True,4,,8/22/2023 4:22:00 PM,1622,False,,,True
2157613,9370-2023-02492,1,False,9370,8/15/2023 12:45:00 PM,1245,176,14,109,Oakland,1,True,True,C,REAR END,,Tuesday,NotApplicable,False,M,,False,True,False,ALAMEDA SUPERIOR COURT WILEY W. MANUEL COURTHOUSE,A,NON-COLLISION,,0,0,A,DAYLIGHT,37.750134,-122.204877,,,,,A,NO PEDESTRIANS INVOLVED,8/15/2023 12:45:00 PM,A,VC 21658(A),False,1,I-880 S/B,,,8/29/2023 2:23:36 PM,A,S,750.0,66TH AVE,F,,D,8/29/2023 2:23:39 PM,8/29/2023 2:23:39 PM,False,True,4,,8/15/2023 12:47:00 PM,1247,False,,,True
2157145,9370-2023-02590,1,False,9370,8/23/2023 12:15:00 PM,1215,177,14,109,Oakland,1,True,True,B,SIDE SWIPE,,Wednesday,NotApplicable,False,M,,False,True,False,ALAMEDA SUPERIOR COURT WILEY W. MANUEL COURTHOUSE,C,OTHER MOTOR VEHICLE,,0,0,A,DAYLIGHT,37.782041,-122.238897,,,,,A,NO PEDESTRIANS INVOLVED,8/23/2023 12:15:00 PM,A,VC 21658(A),False,1,I-880 N/B,,,8/29/2023 8:24:48 AM,A,N,1500.0,29TH ST,F,,D,8/29/2023 8:24:52 AM,8/29/2023 8:24:52 AM,False,True,4,,8/23/2023 1:01:00 PM,1301,False,,False,True
2157125,9370-2023-02647,1,False,9370,8/28/2023 11:25:00 AM,1125,176,14,109,Oakland,1,True,True,C,REAR END,,Monday,NotApplicable,False,M,,False,True,False,ALAMEDA SUPERIOR COURT WILEY W. MANUEL COURTHOUSE,C,OTHER MOTOR VEHICLE,,0,0,A,DAYLIGHT,37.739975,-122.195661,,,,,A,NO PEDESTRIANS INVOLVED,8/28/2023 11:25:00 AM,A,VC 22350,False,2,I-880 N/B,,,8/29/2023 8:15:12 AM,A,S,100.0,HEGENBERGER ROAD,F,,D,8/29/2023 8:15:15 AM,8/29/2023 8:15:15 AM,False,True,4,,8/28/2023 11:30:00 AM,1130,False,,True,
2157032,9370-2023-02426,1,False,9370,8/9/2023 8:15:00 PM,2015,177,14,109,Oakland,1,True,True,E,HIT OBJECT,,Wednesday,Yes,False,,,False,True,True,ALAMEDA SUPERIOR COURT WILEY W. MANUEL COURTHOUSE,I,FIXED OBJECT,TREE,1,0,C,DARK-STREET LIGHTS,37.77827,-122.23672,,,,,A,NO PEDESTRIANS INVOLVED,8/9/2023 8:15:00 PM,C,,,,I-880 NORTHBOUND TO 23RD AVENUE,,,8/29/2023 7:11:10 AM,A,S,635.0,E 11TH STREET,F,,D,8/29/2023 7:11:13 AM,8/29/2023 7:11:13 AM,False,True,4,,8/9/2023 8:22:00 PM,2022,False,,False,True
2156994,9370-2023-02457,1,False,9370,8/11/2023 9:30:00 PM,2130,052,14,109,Oakland,1,True,True,C,REAR END,,Friday,NotApplicable,False,M,,False,True,True,ALAMEDA SUPERIOR COURT WILEY W. MANUEL COURTHOUSE,C,OTHER MOTOR VEHICLE,,0,0,D,DARK-NO STREET LIGHTS,37.778752,-122.168914,,,,,A,NO PEDESTRIANS INVOLVED,8/11/2023 9:30:00 PM,A,VC 22350,False,1,I-580 W/B,,,8/29/2023 5:59:35 AM,A,E,1500.0,SEMINARY AVE,F,,D,8/29/2023 5:59:38 AM,8/29/2023 5:59:38 AM,False,True,4,,8/11/2023 9:35:00 PM,2135,False,,,True
2156038,9370-2023-02612,1,False,9370,8/25/2023 2:15:00 PM,1415,176,14,109,Oakland,1,True,True,C,REAR END,,Friday,No,False,,,False,True,False,ALAMEDA SUPERIOR COURT WILEY W. MANUEL COURTHOUSE,C,OTHER MOTOR VEHICLE,,0,0,A,DAYLIGHT,37.744426,-122.199655,,,,,A,NO PEDESTRIANS INVOLVED,8/25/2023 2:15:00 PM,A,VC 22350,False,1,I-880 NORTHBOUND,,,8/28/2023 11:42:03 AM,A,N,1510.0,HEGENBERGER ROAD,F,,D,8/28/2023 11:42:06 AM,8/28/2023 11:42:06 AM,False,True,4,,8/25/2023 2:21:00 PM,1421,False,,,True
2156013,9335-2023-01603,1,False,9335,8/16/2023 9:40:00 AM,940,082,14,109,Oakland,1,True,True,B,SIDE SWIPE,,Wednesday,NotApplicable,False,,,False,True,True,ALAMEDA SUPERIOR COURT ALAMEDA,C,OTHER MOTOR VEHICLE,,0,0,A,DAYLIGHT,37.81866,-122.352688,,,,,A,NO PEDESTRIANS INVOLVED,8/16/2023 9:40:00 AM,A,VC 21658(a),False,2,I-80 WESTBOUND,,,8/28/2023 11:25:11 AM,A,E,3230.0,THE NORTHGATE ROAD UNDERCROSSING.,F,,D,8/28/2023 11:25:13 AM,8/28/2023 11:25:13 AM,False,True,4,,8/16/2023 9:50:00 AM,950,True,AREA PHOTO FILE,,True
2155863,9370-2023-02508,1,False,9370,8/16/2023 10:11:00 PM,2211,013,14,109,Oakland,1,True,True,E,HIT OBJECT,,Wednesday,Yes,False,,,False,True,True,ALAMEDA SUPERIOR COURT WILEY W. MANUEL COURTHOUSE,I,FIXED OBJECT,TREE,1,0,D,DARK-NO STREET LIGHTS,37.806648,-122.193013,,,,,A,NO PEDESTRIANS INVOLVED,8/16/2023 10:11:00 PM,A,VC 23152(a),True,1,SR-13 N/B,,,8/28/2023 9:49:38 AM,A,S,1935.0,JOAQUIN MILLER RD,F,,D,8/28/2023 9:49:41 AM,8/28/2023 9:49:41 AM,False,True,4,,8/16/2023 10:13:00 PM,2213,False,,,True
2155691,9370-2023-02503,1,False,9370,8/16/2023 6:26:00 AM,626,008,14,109,Oakland,1,True,True,B,SIDE SWIPE,,Wednesday,NotApplicable,False,M,,False,True,False,ALAMEDA SUPERIOR COURT WILEY W. MANUEL COURTHOUSE,C,OTHER MOTOR VEHICLE,,0,0,B,DUSK-DAWN,37.824702,-122.313289,,,,,A,NO PEDESTRIANS INVOLVED,8/16/2023 6:26:00 AM,A,VC 21658(a),False,,I-80 W/B,,,8/28/2023 7:50:45 AM,A,E,100.0,SFOBB TOLL PLAZA,F,,D,8/28/2023 7:50:48 AM,8/28/2023 7:50:48 AM,False,True,4,,8/16/2023 6:48:00 AM,648,False,,True,False