collision-id,report-number,report-version,is-preliminary,ncic-code,crash-date-time,crash-time-description,beat,city-id,city-code,city-name,county-code,city-is-active,city-is-incorporated,collision-type-code,collision-type-description,collision-type-other-desc,day-of-week,dispatch-notified,has-photographs,hit-run,is-attachments-mailed,is-deleted,is-highway-related,is-tow-away,judicial-district,motor-vehicle-involved-with-code,motor-vehicle-involved-with-desc,motor-vehicle-involved-with-other-desc,number-injured,number-killed,lighting-code,lighting-description,latitude,longitude,milepost-direction,milepost-distance,milepost-marker,milepost-unit-of-measure,pedestrian-action-code,pedestrian-action-desc,prepared-date,primary-collision-factor-code,primary-collision-factor-description,primary-collision-factor-is-cited,primary-collision-party-number,primary-road,reporting-district,reporting-district-code,reviewed-date,roadway-surface-code,secondary-direction,secondary-distance,secondary-road,secondary-unit-of-measure,sketch-desc,traffic-control-device-code,created-date,modified-date,is-county-road,is-freeway,chp-555-version,is-additonal-object-struck,notification-date,notification-time-description,has-digital-media-files,evidence-number,is-location-refer-to-narrative,is-aoi-one-same-as-location
2195802,9370-2023-03052,1,False,9370,10/3/2023 9:10:00 AM,910,008,14,109,Oakland,1,True,True,B,SIDE SWIPE,,Tuesday,NotApplicable,False,M,,False,True,False,ALAMEDA SUPERIOR COURT WILEY W. MANUEL COURTHOUSE,C,OTHER MOTOR VEHICLE,,0,0,A,DAYLIGHT,37.831162,-122.294084,,,,,A,NO PEDESTRIANS INVOLVED,10/3/2023 9:10:00 AM,A,VC 21658(A),False,1,I-80 W/B,,,10/10/2023 8:17:01 PM,A,W,2585.0,POWELL STREET,F,,D,10/10/2023 8:17:13 PM,10/10/2023 8:17:13 PM,False,True,4,,10/3/2023 9:13:00 AM,913,False,,,True
2195799,9370-2023-03051,1,False,9370,10/3/2023 7:45:00 AM,745,008,14,109,Oakland,1,True,True,C,REAR END,,Tuesday,NotApplicable,False,,,False,True,False,ALAMEDA SUPERIOR COURT WILEY W. MANUEL COURTHOUSE,C,OTHER MOTOR VEHICLE,,0,0,A,DAYLIGHT,37.826689,-122.299387,,,,,A,NO PEDESTRIANS INVOLVED,10/3/2023 7:45:00 AM,A,VC 22350,False,1,I-80 W/B,,,10/10/2023 8:12:47 PM,A,E,1920.0,THE I-880 NORTHBOUND- TO I-80 WESTBOUND OVERCROSSING,F,,D,10/10/2023 8:12:53 PM,10/10/2023 8:12:53 PM,False,True,4,,10/3/2023 7:46:00 AM,746,False,,,True
2195792,9370-2023-03050,1,False,9370,10/3/2023 7:00:00 AM,700,008,14,109,Oakland,1,True,True,B,SIDE SWIPE,,Tuesday,NotApplicable,False,M,,False,True,False,ALAMEDA SUPERIOR COURT WILEY W. MANUEL COURTHOUSE,C,OTHER MOTOR VEHICLE,,0,0,A,DAYLIGHT,37.837965,-122.296532,,,,,A,NO PEDESTRIANS INVOLVED,10/3/2023 7:00:00 AM,A,VC 21658(A),False,1,I-80 W/B,,,10/10/2023 7:42:38 PM,A,W,2400.0,POWELL STREET,F,,D,10/10/2023 7:42:54 PM,10/10/2023 7:42:54 PM,False,True,4,,10/3/2023 7:15:00 AM,715,False,,,True
2195775,9370-2023-03049,1,False,9370,10/2/2023 4:30:00 PM,1630,013,14,109,Oakland,1,True,True,B,SIDE SWIPE,,Monday,NotApplicable,False,,,False,True,False,ALAMEDA SUPERIOR COURT WILEY W. MANUEL COURTHOUSE,C,OTHER MOTOR VEHICLE,,0,0,A,DAYLIGHT,37.844194,-122.226619,,,,,A,NO PEDESTRIANS INVOLVED,10/2/2023 4:30:00 PM,D,,,,SR-13 N/B,,,10/10/2023 6:41:21 PM,A,S,1465.0,SR-24,F,,D,10/10/2023 6:41:24 PM,10/10/2023 6:41:24 PM,False,True,4,,10/2/2023 4:35:00 PM,1635,False,,,True
2195772,9370-2023-03028,1,False,9370,9/30/2023 12:05:00 PM,1205,025,14,109,Oakland,1,True,True,B,SIDE SWIPE,,Saturday,NotApplicable,False,,,False,True,False,ALAMEDA SUPERIOR COURT WILEY W. MANUEL COURTHOUSE,C,OTHER MOTOR VEHICLE,,0,0,A,DAYLIGHT,37.836735,-122.265839,,,,,A,NO PEDESTRIANS INVOLVED,9/30/2023 12:05:00 PM,A,VC 21658(A),False,1,SR-24 W/B,,,10/10/2023 6:07:13 PM,A,W,285.0,52ND STREET,F,,D,10/10/2023 6:07:17 PM,10/10/2023 6:07:17 PM,False,True,4,,9/30/2023 12:10:00 PM,1210,False,,,True
2195758,9370-2023-02957,1,False,9370,9/23/2023 6:55:00 PM,1855,052,14,109,Oakland,1,True,True,B,SIDE SWIPE,,Saturday,NotApplicable,False,,,False,True,False,ALAMEDA SUPERIOR COURT WILEY W. MANUEL COURTHOUSE,C,OTHER MOTOR VEHICLE,,0,0,D,DARK-NO STREET LIGHTS,37.766661,-122.152509,,,,,A,NO PEDESTRIANS INVOLVED,9/23/2023 6:55:00 PM,A,VC 21658(A),False,,I-580 W/B,,,10/10/2023 5:06:11 PM,A,E,2222.0,KELLER AVE,F,,D,10/10/2023 5:06:57 PM,10/10/2023 5:06:57 PM,False,True,4,,9/23/2023 7:00:00 PM,1900,False,,,True
2195723,9370-2023-02968,2,False,9370,9/19/2023 4:28:00 PM,1628,053,14,109,Oakland,1,True,True,C,REAR END,,Tuesday,NotApplicable,False,,,False,True,False,ALAMEDA SUPERIOR COURT WILEY W. MANUEL COURTHOUSE,C,OTHER MOTOR VEHICLE,,0,0,A,DAYLIGHT,37.799464,-122.222511,,,,,A,NO PEDESTRIANS INVOLVED,9/19/2023 4:28:00 PM,A,VC 22350,False,1,INTERSTATE 580 EASTBOUND,,,10/31/2023 8:40:56 AM,A,W,3746.0,PARK BLVD,F,,D,10/10/2023 3:57:18 PM,10/31/2023 8:41:08 AM,False,True,4,,9/19/2023 4:38:00 PM,1638,False,,,True
2195659,9370-2023-02871,1,False,9370,9/15/2023 3:11:00 PM,1511,177,14,109,Oakland,1,True,True,B,SIDE SWIPE,,Friday,NotApplicable,False,M,,False,True,False,ALAMEDA SUPERIOR COURT WILEY W. MANUEL COURTHOUSE,C,OTHER MOTOR VEHICLE,,0,0,A,DAYLIGHT,37.777254,-122.236875,,,,,A,NO PEDESTRIANS INVOLVED,9/15/2023 3:11:00 PM,A,VC 21658(A),False,1,I-880 SOUTHBOUND,,,10/10/2023 2:45:56 PM,A,N,300.0,29TH AVE,F,,D,10/10/2023 2:45:59 PM,10/10/2023 2:45:59 PM,False,True,4,,9/15/2023 3:21:00 PM,1521,False,,,True
2195646,9370-2023-02878,1,False,9370,9/15/2023 8:45:00 PM,2045,052,14,109,Oakland,1,True,True,C,REAR END,,Friday,Yes,False,,,False,True,True,ALAMEDA SUPERIOR COURT WILEY W. MANUEL COURTHOUSE,E,PARKED MOTOR VEHICLE,,0,0,D,DARK-NO STREET LIGHTS,37.754019,-122.151322,,,,,E,IN ROAD - INCLUDES SHOULDER,9/15/2023 8:45:00 PM,A,VC 23152(a),True,1,I-580 E/B,,,10/10/2023 2:32:52 PM,A,W,16.0,GOLF LINKS ROAD,F,,A,10/10/2023 2:32:58 PM,10/10/2023 2:32:58 PM,False,True,4,,9/15/2023 8:50:00 PM,2050,False,,,True
2195037,9370-2023-03045,1,False,9370,8/26/2023 3:35:00 PM,1535,081,14,109,Oakland,1,True,True,C,REAR END,,Saturday,NotApplicable,False,,,False,True,False,ALAMEDA SUPERIOR COURT WILEY W. MANUEL COURTHOUSE,C,OTHER MOTOR VEHICLE,,1,0,A,DAYLIGHT,37.878671,-122.30726,,,,,A,NO PEDESTRIANS INVOLVED,8/26/2023 3:35:00 PM,A,VC 22350,False,1,I-80 E/B,,,10/10/2023 6:45:42 AM,A,E,145.0,GILMAN STREET,F,,D,10/10/2023 6:45:53 AM,10/10/2023 6:45:53 AM,False,True,4,,8/26/2023 3:40:00 PM,1540,False,,,True
2194819,9370-2023-02950,1,False,9370,9/22/2023 7:30:00 PM,1930,052,14,109,Oakland,1,True,True,E,HIT OBJECT,,Friday,NotApplicable,False,,,False,True,True,ALAMEDA SUPERIOR COURT WILEY W. MANUEL COURTHOUSE,J,OTHER OBJECT,UNKNOWN OBJECT,1,0,C,DARK-STREET LIGHTS,37.779418,-122.170299,,,,,A,NO PEDESTRIANS INVOLVED,9/22/2023 7:30:00 PM,C,,,,I-580 W/B,,,10/9/2023 9:28:24 PM,A,E,950.0,SEMINARY AVE,F,,D,10/9/2023 9:28:31 PM,10/9/2023 9:28:31 PM,False,True,4,,9/22/2023 7:35:00 PM,1935,False,,,True
2194818,9370-2023-02881,1,False,9370,9/16/2023 8:20:00 AM,820,053,14,109,Oakland,1,True,True,B,SIDE SWIPE,,Saturday,Yes,False,,,False,True,False,ALAMEDA SUPERIOR COURT WILEY W. MANUEL COURTHOUSE,C,OTHER MOTOR VEHICLE,,1,0,A,DAYLIGHT,37.78402,-122.186082,,,,,A,NO PEDESTRIANS INVOLVED,9/16/2023 8:20:00 AM,A,VC 21658(A),False,1,I-580 WESTBOUND,,,10/9/2023 9:23:17 PM,A,E,660.0,MCARTHUR BLVD,F,,A,10/9/2023 9:25:21 PM,10/9/2023 9:25:21 PM,False,True,4,False,9/16/2023 8:25:00 AM,825,False,,,True
2194811,9370-2023-02859,1,False,9370,9/14/2023 11:52:00 AM,1152,176,14,109,Oakland,1,True,True,B,SIDE SWIPE,,Thursday,NotApplicable,False,,,False,True,False,ALAMEDA SUPERIOR COURT WILEY W. MANUEL COURTHOUSE,C,OTHER MOTOR VEHICLE,,0,0,A,DAYLIGHT,37.757692,-122.211178,,,,,A,NO PEDESTRIANS INVOLVED,9/14/2023 11:52:00 AM,B,UNSAFE MERGE,,1,I-880 N/B,,,10/9/2023 7:37:08 PM,A,N,1621.0,66TH AVE,F,,D,10/9/2023 7:37:24 PM,10/9/2023 7:37:24 PM,False,True,4,,9/14/2023 12:00:00 PM,1200,True,EMBEDDED,,True
2194810,9370-2023-02834,1,False,9370,9/12/2023 2:32:00 PM,1432,176,14,109,Oakland,1,True,True,B,SIDE SWIPE,,Tuesday,NotApplicable,False,,,False,True,False,ALAMEDA SUPERIOR COURT WILEY W. MANUEL COURTHOUSE,C,OTHER MOTOR VEHICLE,,0,0,A,DAYLIGHT,37.736997,-122.19299,,,,,A,NO PEDESTRIANS INVOLVED,9/12/2023 2:32:00 PM,A,VC 21658(A),False,1,I-880 N/B,,,10/9/2023 7:08:16 PM,A,S,1575.0,HEGENBERGER RD,F,,D,10/9/2023 7:08:29 PM,10/9/2023 7:08:29 PM,False,True,4,,9/12/2023 2:42:00 PM,1442,False,,,True
2194808,9370-2023-02780,1,False,9370,9/9/2023 12:13:00 AM,13,024,14,109,Oakland,1,True,True,C,REAR END,,Saturday,Yes,False,,,False,True,False,ALAMEDA SUPERIOR COURT WILEY W. MANUEL COURTHOUSE,C,OTHER MOTOR VEHICLE,,1,0,C,DARK-STREET LIGHTS,37.849433,-122.224331,,,,,A,NO PEDESTRIANS INVOLVED,9/9/2023 12:13:00 AM,A,VC 22350,False,1,SR-24 W/B,,,10/9/2023 7:03:21 PM,A,E,1000.0,SR-13,F,,D,10/9/2023 7:03:37 PM,10/9/2023 7:03:37 PM,False,True,4,,9/9/2023 12:13:00 AM,13,False,,,True
2194804,9370-2023-02431,1,False,9370,8/9/2023 6:45:00 PM,1845,081,14,109,Oakland,1,True,True,C,REAR END,,Wednesday,NotApplicable,False,,,False,True,False,ALAMEDA SUPERIOR COURT WILEY W. MANUEL COURTHOUSE,C,OTHER MOTOR VEHICLE,,0,0,B,DUSK-DAWN,37.884023,-122.308885,,,,,A,NO PEDESTRIANS INVOLVED,8/9/2023 6:45:00 PM,A,VC 21658(A),False,,I- 80 W/B,,,10/9/2023 6:16:38 PM,A,W,1342.0,BUCHANAN ST,F,,D,10/9/2023 6:16:45 PM,10/9/2023 6:16:45 PM,False,True,4,,8/9/2023 8:45:00 PM,2045,False,,,True
2194761,9370-2023-03013,1,False,9370,9/28/2023 5:40:00 PM,1740,177,14,109,Oakland,1,True,True,C,REAR END,,Thursday,NotApplicable,False,,,False,True,False,ALAMEDA SUPERIOR COURT WILEY W. MANUEL COURTHOUSE,C,OTHER MOTOR VEHICLE,,1,0,A,DAYLIGHT,37.79598,-122.268105,,,,,A,NO PEDESTRIANS INVOLVED,9/28/2023 5:40:00 PM,A,VC 22350,False,1,I-880 N/B,,,10/9/2023 4:26:41 PM,A,S,231.0,JACKSON STREET,F,,D,10/9/2023 4:26:46 PM,10/9/2023 4:26:46 PM,False,True,4,,9/28/2023 5:42:00 PM,1742,False,,,True
2194672,9370-2023-03007,1,False,9370,9/28/2023 4:45:00 AM,445,177,14,109,Oakland,1,True,True,C,REAR END,,Thursday,NotApplicable,False,,,False,True,False,ALAMEDA SUPERIOR COURT WILEY W. MANUEL COURTHOUSE,C,OTHER MOTOR VEHICLE,,0,0,C,DARK-STREET LIGHTS,37.787683,-122.248797,,,,,A,NO PEDESTRIANS INVOLVED,9/28/2023 4:45:00 AM,A,VC 22350,False,1,INTERSTATE 880 SOUTHBOUND,,,10/9/2023 2:31:28 PM,A,N,1344.0,16TH AVE,F,,D,10/9/2023 2:31:31 PM,10/9/2023 2:31:31 PM,False,True,4,,9/28/2023 5:10:00 AM,510,False,,,True
2194612,9370-2023-02995,1,False,9370,9/27/2023 9:00:00 AM,900,024,14,109,Oakland,1,True,True,D,BROADSIDE,,Wednesday,NotApplicable,False,,,False,True,False,ALAMEDA SUPERIOR COURT WILEY W. MANUEL COURTHOUSE,C,OTHER MOTOR VEHICLE,,0,0,A,DAYLIGHT,37.847319,-122.245757,,,,,A,NO PEDESTRIANS INVOLVED,9/27/2023 9:00:00 AM,A,VC 21658(A),False,1,SR-24 W/B,,,10/9/2023 1:43:59 PM,A,E,550.0,BROADWAY,F,,D,10/9/2023 1:44:05 PM,10/9/2023 1:44:05 PM,False,True,4,,9/27/2023 9:05:00 AM,905,False,,,True
2193955,9370-2023-03002,1,False,9370,9/27/2023 4:09:00 PM,1609,177,14,109,Oakland,1,True,True,B,SIDE SWIPE,,Wednesday,NotApplicable,False,,,False,True,False,ALAMEDA SUPERIOR COURT WILEY W. MANUEL COURTHOUSE,C,OTHER MOTOR VEHICLE,,0,0,A,DAYLIGHT,37.789982,-122.258584,,,,,A,NO PEDESTRIANS INVOLVED,9/27/2023 4:09:00 PM,A,VC 21658(A),False,,I-880 S/B,,,10/8/2023 10:13:18 AM,A,S,400.0,5TH AVENUE,F,,D,10/8/2023 10:13:22 AM,10/8/2023 10:13:22 AM,False,True,4,,9/27/2023 4:11:00 PM,1611,False,,,True
2191957,9370-2023-02886,1,False,9370,9/16/2023 5:30:00 PM,1730,177,14,109,Oakland,1,True,True,C,REAR END,,Saturday,NotApplicable,False,,,False,True,False,ALAMEDA SUPERIOR COURT WILEY W. MANUEL COURTHOUSE,C,OTHER MOTOR VEHICLE,,0,0,A,DAYLIGHT,37.796636,-122.269424,,,,,A,NO PEDESTRIANS INVOLVED,9/16/2023 5:30:00 PM,A,VC 22350,False,1,I-880 N/B FROM JACKSON STREET,,,10/5/2023 10:04:55 AM,A,N,254.0,JACKSON STREET,F,,A,10/5/2023 10:05:19 AM,10/5/2023 10:05:19 AM,False,True,4,,9/16/2023 6:30:00 PM,1830,False,,,True
2191818,9370-2023-03000,1,False,9370,9/27/2023 1:53:00 PM,1353,008,14,109,Oakland,1,True,True,E,HIT OBJECT,,Wednesday,NotApplicable,False,M,,False,True,False,ALAMEDA SUPERIOR COURT WILEY W. MANUEL COURTHOUSE,I,FIXED OBJECT,IMPACT ATTENUATOR,0,0,A,DAYLIGHT,37.824545,-122.313647,,,,,A,NO PEDESTRIANS INVOLVED,9/27/2023 1:53:00 PM,A,VC 22107,False,1,I-80 W/B,,,10/5/2023 8:33:55 AM,A,W,1152.0,I-80 WB TO WEST GRAND AVENUE OFF RAMP,F,,D,10/5/2023 8:33:57 AM,10/5/2023 8:33:57 AM,False,True,4,,9/27/2023 1:58:00 PM,1358,False,,True,
2191808,9370-2023-02993,1,False,9370,9/26/2023 5:06:00 PM,1706,177,14,109,Oakland,1,True,True,B,SIDE SWIPE,,Tuesday,NotApplicable,False,M,,False,True,False,ALAMEDA SUPERIOR COURT WILEY W. MANUEL COURTHOUSE,C,OTHER MOTOR VEHICLE,,0,0,A,DAYLIGHT,37.797293,-122.271153,,,,,A,NO PEDESTRIANS INVOLVED,9/26/2023 5:06:00 PM,A,VC 21658(A),False,1,I-880 N/B,,,10/5/2023 8:26:03 AM,A,N,130.0,OAK ST,F,,D,10/5/2023 8:26:05 AM,10/5/2023 8:26:05 AM,False,True,4,,9/26/2023 5:11:00 PM,1711,False,,True,
2191804,9370-2023-02814,1,False,9370,9/1/2023 2:50:00 PM,1450,176,14,109,Oakland,1,True,True,C,REAR END,,Friday,NotApplicable,False,,,False,True,False,ALAMEDA SUPERIOR COURT WILEY W. MANUEL COURTHOUSE,C,OTHER MOTOR VEHICLE,,0,0,A,DAYLIGHT,37.76754,-122.219631,,,,,A,NO PEDESTRIANS INVOLVED,9/1/2023 2:50:00 PM,A,VC 22350,False,1,I-880 N/B,,,10/5/2023 8:23:22 AM,A,S,300.0,HIGH ST,F,,D,10/5/2023 8:23:23 AM,10/5/2023 8:23:23 AM,False,True,4,,9/1/2023 3:00:00 PM,1500,False,,False,True
2191802,9370-2023-03062,1,False,9370,10/4/2023 4:20:00 AM,420,008,14,109,Oakland,1,True,True,B,SIDE SWIPE,,Wednesday,NotApplicable,False,,,False,True,False,ALAMEDA SUPERIOR COURT WILEY W. MANUEL COURTHOUSE,I,FIXED OBJECT,GUARD RAIL,0,0,D,DARK-NO STREET LIGHTS,37.826169,-122.302178,,,,,A,NO PEDESTRIANS INVOLVED,10/4/2023 4:20:00 AM,A,VC 22107,True,1,I-80 W/B,,,10/5/2023 8:21:18 AM,A,E,350.0,I-880 N/B TO I-80 W/B,F,,D,10/5/2023 8:22:09 AM,10/5/2023 8:22:09 AM,False,True,4,,10/4/2023 4:30:00 AM,430,False,,,True
2191772,9370-2023-03075,1,False,9370,10/4/2023 8:55:00 PM,2055,024,14,109,Oakland,1,True,True,B,SIDE SWIPE,,Wednesday,NotApplicable,False,,,False,True,True,ALAMEDA SUPERIOR COURT WILEY W. MANUEL COURTHOUSE,E,PARKED MOTOR VEHICLE,,0,0,C,DARK-STREET LIGHTS,37.843145,-122.256532,,,,,A,NO PEDESTRIANS INVOLVED,10/4/2023 8:55:00 PM,A,VC 22107,False,1,SR-24 W/B,,,10/5/2023 8:03:43 AM,A,E,1585.0,TELEGRAPH AVE,F,,D,10/5/2023 8:03:48 AM,10/5/2023 8:03:48 AM,False,True,4,,10/4/2023 8:58:00 PM,2058,False,,,True
2191756,9370-2023-03078,1,False,9370,10/5/2023 4:30:00 AM,430,178,14,109,Oakland,1,True,True,B,SIDE SWIPE,,Thursday,NotApplicable,False,M,,False,True,False,ALAMEDA SUPERIOR COURT WILEY W. MANUEL COURTHOUSE,C,OTHER MOTOR VEHICLE,,0,0,C,DARK-STREET LIGHTS,37.814384,-122.300391,,,,,A,NO PEDESTRIANS INVOLVED,10/5/2023 4:30:00 AM,A,VC 21658(a),False,1,I-880 N/B,,,10/5/2023 7:50:00 AM,A,N,2492.0,WEST GRAND AVENUE,F,,D,10/5/2023 7:51:31 AM,10/5/2023 7:51:31 AM,False,True,4,,10/5/2023 4:35:00 AM,435,False,,,True
2191709,9370-2023-03063,1,False,9370,10/4/2023 5:40:00 AM,540,176,14,109,Oakland,1,True,True,C,REAR END,,Wednesday,NotApplicable,False,,,False,True,False,ALAMEDA SUPERIOR COURT WILEY W. MANUEL COURTHOUSE,C,OTHER MOTOR VEHICLE,,0,0,C,DARK-STREET LIGHTS,37.7419,-122.197423,,,,,A,NO PEDESTRIANS INVOLVED,10/4/2023 5:40:00 AM,A,VC 22350,False,1,I-880 S/B,,,10/5/2023 7:10:12 AM,A,N,370.0,HEGENBERGER RD,F,,D,10/5/2023 7:10:18 AM,10/5/2023 7:10:18 AM,False,True,4,,10/4/2023 5:56:00 AM,556,False,,,
2191690,9335-2023-01706,1,False,9335,8/31/2023 7:11:00 AM,711,090,14,109,Oakland,1,True,True,G,VEHICLE/PEDESTRAIN,,Thursday,Yes,False,,,False,True,False,ALAMEDA SUPERIOR COURT WILEY W. MANUEL COURTHOUSE,B,PEDESTRIAN,,1,0,A,DAYLIGHT,37.821589,-122.327382,,,,,E,IN ROAD - INCLUDES SHOULDER,8/31/2023 7:11:00 AM,A,VC 22350,False,1,CALTRANS SERVICE ROAD E/B NEXT TO I-80 E/B BAY BRIDGE,,,10/5/2023 6:54:13 AM,A,E,842.0,OBSERVATION PIER EDGE ENTRANCE,F,,D,10/5/2023 6:54:16 AM,10/5/2023 6:54:16 AM,False,False,4,,8/31/2023 7:30:00 AM,730,True,AREA PHOTO FILE,,True
2190244,9370-2023-03042,1,False,9370,10/2/2023 7:58:00 AM,758,098,14,109,Oakland,1,True,True,C,REAR END,,Monday,NotApplicable,False,,,False,True,False,ALAMEDA SUPERIOR COURT WILEY W. MANUEL COURTHOUSE,C,OTHER MOTOR VEHICLE,,0,0,B,DUSK-DAWN,37.800994,-122.279943,,,,,A,NO PEDESTRIANS INVOLVED,10/2/2023 7:58:00 AM,A,VC 22350,False,1,I-980 W/B TO I-880 S/B,,,10/4/2023 10:28:59 AM,A,S,240.0,7TH ST,F,,D,10/4/2023 10:29:02 AM,10/4/2023 10:29:02 AM,False,True,4,,10/2/2023 8:05:00 AM,805,False,,,True
2190166,9335-2023-01888,1,False,9335,9/26/2023 9:55:00 AM,955,084,14,109,Oakland,1,True,True,B,SIDE SWIPE,,Tuesday,NotApplicable,False,,,False,True,True,ALAMEDA SUPERIOR COURT WILEY W. MANUEL COURTHOUSE,C,OTHER MOTOR VEHICLE,,1,0,A,DAYLIGHT,37.821278,-122.333048,,,,,A,NO PEDESTRIANS INVOLVED,9/26/2023 9:55:00 AM,A,VC 21658(a),False,1,I-80 E/B,,,10/4/2023 9:27:45 AM,A,W,4635.0,BAY BRIDGE METERING LIGHTS,F,,D,10/4/2023 9:27:51 AM,10/4/2023 9:27:51 AM,False,True,4,,9/26/2023 10:00:00 AM,1000,True,EMBEDDED,,True
2190071,9370-2023-03044,1,False,9370,10/2/2023 6:35:00 AM,635,052,14,109,Oakland,1,True,True,E,HIT OBJECT,,Monday,NotApplicable,False,,,False,True,True,ALAMEDA SUPERIOR COURT WILEY W. MANUEL COURTHOUSE,I,FIXED OBJECT,CONCRETE MEDIAN WALL,0,0,A,DAYLIGHT,37.740725,-122.14428,,,,,A,NO PEDESTRIANS INVOLVED,10/2/2023 6:35:00 AM,A,VC 22107,True,1,I-580 E/B,,,10/4/2023 8:31:56 AM,A,W,2580.0,DUTTON AVE,F,,D,10/4/2023 8:31:58 AM,10/4/2023 8:31:58 AM,False,True,4,,10/2/2023 6:44:00 AM,644,False,,,True
2190053,9370-2023-03055,1,False,9370,10/3/2023 11:30:00 AM,1130,176,14,109,Oakland,1,True,True,C,REAR END,,Tuesday,NotApplicable,False,,,False,True,False,ALAMEDA SUPERIOR COURT WILEY W. MANUEL COURTHOUSE,C,OTHER MOTOR VEHICLE,,0,0,A,DAYLIGHT,37.736277,-122.192306,,,,,A,NO PEDESTRIANS INVOLVED,10/3/2023 11:30:00 AM,A,VC 22350,False,1,I-880 N/B,,,10/4/2023 8:20:37 AM,A,S,1970.0,HEGENBERGER RD,F,,D,10/4/2023 8:22:09 AM,10/4/2023 8:22:09 AM,False,True,4,,10/3/2023 11:53:00 AM,1153,False,,,True
2190029,9370-2023-02945,1,False,9370,9/22/2023 7:15:00 AM,715,901,14,109,Oakland,1,True,True,B,SIDE SWIPE,,Friday,NotApplicable,False,M,,False,False,False,ALAMEDA SUPERIOR COURT WILEY W. MANUEL COURTHOUSE,E,PARKED MOTOR VEHICLE,,0,0,A,DAYLIGHT,37.763939,-122.19287,,,,,A,NO PEDESTRIANS INVOLVED,9/22/2023 7:15:00 AM,A,VC 22350,False,1,65TH AVE,,,10/4/2023 8:03:40 AM,A,N,608.0,INTERNATIONAL BOULEVARD,F,,D,10/4/2023 8:03:44 AM,10/4/2023 8:03:44 AM,True,False,4,,9/22/2023 7:17:00 AM,717,False,,,True
2190004,9370-2023-02998,1,False,9370,9/27/2023 9:17:00 AM,917,052,14,109,Oakland,1,True,True,C,REAR END,,Wednesday,NotApplicable,False,,,False,True,False,ALAMEDA SUPERIOR COURT WILEY W. MANUEL COURTHOUSE,C,OTHER MOTOR VEHICLE,,2,0,A,DAYLIGHT,37.779057,-122.169983,,,,,A,NO PEDESTRIANS INVOLVED,9/27/2023 9:17:00 AM,A,VC 22350,False,1,I-580 E/B,,,10/4/2023 7:46:23 AM,A,W,1900.0,EDWARDS AVE,F,,D,10/4/2023 7:46:26 AM,10/4/2023 7:46:26 AM,False,True,4,,9/27/2023 9:22:00 AM,922,False,,,True
2189966,9370-2023-02985,1,False,9370,9/26/2023 5:57:00 AM,557,098,14,109,Oakland,1,True,True,B,SIDE SWIPE,,Tuesday,NotApplicable,False,M,,False,True,False,ALAMEDA SUPERIOR COURT WILEY W. MANUEL COURTHOUSE,C,OTHER MOTOR VEHICLE,,0,0,B,DUSK-DAWN,37.799301,-122.277583,,,,,A,NO PEDESTRIANS INVOLVED,9/26/2023 5:57:00 AM,A,VC 21658(A),False,1,I-980 W/B TO I-880 S/B,,,10/4/2023 7:06:08 AM,B,E,575.0,JACKSON STREET,F,,D,10/4/2023 7:06:11 AM,10/4/2023 7:06:11 AM,False,True,4,,9/26/2023 6:05:00 AM,605,False,,,True
2189238,9370-2023-03026,1,False,9370,9/29/2023 8:20:00 PM,2020,177,14,109,Oakland,1,True,True,B,SIDE SWIPE,,Friday,NotApplicable,False,M,,False,True,False,ALAMEDA SUPERIOR COURT WILEY W. MANUEL COURTHOUSE,C,OTHER MOTOR VEHICLE,,0,0,D,DARK-NO STREET LIGHTS,37.787476,-122.248161,,,,,A,NO PEDESTRIANS INVOLVED,9/29/2023 8:20:00 PM,A,VC 21658(A),False,1,I-880 S/B,,,10/3/2023 12:56:22 PM,A,N,1172.0,16TH AVE,F,,D,10/3/2023 12:56:25 PM,10/3/2023 12:56:25 PM,False,True,4,,9/29/2023 8:25:00 PM,2025,False,,,True
2189195,9370-2023-03021,1,False,9370,9/29/2023 9:15:00 AM,915,052,14,109,Oakland,1,True,True,C,REAR END,,Friday,NotApplicable,False,,,False,True,True,ALAMEDA SUPERIOR COURT WILEY W. MANUEL COURTHOUSE,C,OTHER MOTOR VEHICLE,,0,0,A,DAYLIGHT,37.779241,-122.16989,,,,,A,NO PEDESTRIANS INVOLVED,9/29/2023 9:15:00 AM,A,VC 22350,False,1,I-580 W/B,,,10/3/2023 12:27:15 PM,A,E,1780.0,SEMINARY AVE,F,,D,10/3/2023 12:27:35 PM,10/3/2023 12:27:35 PM,False,True,4,,9/29/2023 9:25:00 AM,925,False,,,True