collision-id,report-number,report-version,is-preliminary,ncic-code,crash-date-time,crash-time-description,beat,city-id,city-code,city-name,county-code,city-is-active,city-is-incorporated,collision-type-code,collision-type-description,collision-type-other-desc,day-of-week,dispatch-notified,has-photographs,hit-run,is-attachments-mailed,is-deleted,is-highway-related,is-tow-away,judicial-district,motor-vehicle-involved-with-code,motor-vehicle-involved-with-desc,motor-vehicle-involved-with-other-desc,number-injured,number-killed,lighting-code,lighting-description,latitude,longitude,milepost-direction,milepost-distance,milepost-marker,milepost-unit-of-measure,pedestrian-action-code,pedestrian-action-desc,prepared-date,primary-collision-factor-code,primary-collision-factor-description,primary-collision-factor-is-cited,primary-collision-party-number,primary-road,reporting-district,reporting-district-code,reviewed-date,roadway-surface-code,secondary-direction,secondary-distance,secondary-road,secondary-unit-of-measure,sketch-desc,traffic-control-device-code,created-date,modified-date,is-county-road,is-freeway,chp-555-version,is-additonal-object-struck,notification-date,notification-time-description,has-digital-media-files,evidence-number,is-location-refer-to-narrative,is-aoi-one-same-as-location
2277757,9335-2023-02535,1,False,9335,12/14/2023 6:05:00 PM,1805,084,14,109,Oakland,1,True,True,C,REAR END,,Thursday,NotApplicable,False,M,,False,True,False,ALAMEDA SUPERIOR COURT ALAMEDA,C,OTHER MOTOR VEHICLE,,1,0,C,DARK-STREET LIGHTS,37.82298,-122.31841,,,,,A,NO PEDESTRIANS INVOLVED,12/14/2023 6:05:00 PM,A,VC 22350,False,1,I-80 E/B,,,1/3/2024 8:22:06 AM,A,W,0.27,TOLL PLAZA,M,,D,1/3/2024 8:22:20 AM,1/3/2024 8:22:20 AM,False,True,4,,12/14/2023 6:10:00 PM,1810,False,,,True
2277724,9335-2023-02060,1,False,9335,10/10/2023 6:47:00 PM,1847,082,14,109,Oakland,1,True,True,B,SIDE SWIPE,,Tuesday,NotApplicable,False,M,,False,True,False,ALAMEDA SUPERIOR COURT ADMINISTRATION BUILDING,C,OTHER MOTOR VEHICLE,,0,0,B,DUSK-DAWN,37.824321,-122.316687,,,,,A,NO PEDESTRIANS INVOLVED,10/10/2023 6:47:00 PM,A,VC 22107,False,1,I-80 W/B,,,1/3/2024 7:51:51 AM,A,E,200.0,METER LIGHTS,F,,A,1/3/2024 7:52:01 AM,1/3/2024 7:52:01 AM,False,True,4,,10/11/2023 8:33:00 AM,833,False,,,True
2277672,9370-2023-04113,1,False,9370,12/23/2023 10:06:00 PM,2206,013,14,109,Oakland,1,True,True,C,REAR END,,Saturday,NotApplicable,False,M,,False,True,False,ALAMEDA SUPERIOR COURT WILEY W. MANUEL COURTHOUSE,C,OTHER MOTOR VEHICLE,,1,0,D,DARK-NO STREET LIGHTS,37.818633,-122.204656,,,,,A,NO PEDESTRIANS INVOLVED,12/23/2023 10:06:00 PM,A,VC 22350,False,1,SR-13 N/B,,,1/3/2024 7:02:19 AM,A,S,1306.0,PARK BLVD,F,,D,1/3/2024 7:02:21 AM,1/3/2024 7:02:21 AM,False,True,4,,12/23/2023 10:11:00 PM,2211,True,EMBEDDED,,True
2277664,9370-2023-04096,1,False,9370,12/23/2023 7:50:00 PM,1950,176,14,109,Oakland,1,True,True,C,REAR END,,Saturday,NotApplicable,False,,,False,True,True,ALAMEDA SUPERIOR COURT WILEY W. MANUEL COURTHOUSE,C,OTHER MOTOR VEHICLE,,0,0,C,DARK-STREET LIGHTS,37.730757,-122.188237,,,,,A,NO PEDESTRIANS INVOLVED,12/23/2023 7:50:00 PM,A,VC 22350,False,1,I-880 S/B FROM 98TH AVENUE E/B,,,1/3/2024 6:47:54 AM,A,S,305.0,98TH AVE,F,,A,1/3/2024 6:47:58 AM,1/3/2024 6:47:58 AM,False,True,4,,12/23/2023 8:05:00 PM,2005,False,,,True
2277631,9370-2023-04098,1,False,9370,12/23/2023 5:45:00 PM,1745,177,14,109,Oakland,1,True,True,B,SIDE SWIPE,,Saturday,NotApplicable,False,,,False,True,False,ALAMEDA SUPERIOR COURT WILEY W. MANUEL COURTHOUSE,C,OTHER MOTOR VEHICLE,,0,0,C,DARK-STREET LIGHTS,37.800915,-122.280563,,,,,A,NO PEDESTRIANS INVOLVED,12/23/2023 5:45:00 PM,A,VC 21658(A),False,1,I-880 N/B TO MARKET STREET,,,1/3/2024 6:14:51 AM,A,S,800.0,MARKET STREET,F,,D,1/3/2024 6:14:52 AM,1/3/2024 6:14:52 AM,False,True,4,,12/23/2023 5:50:00 PM,1750,False,,,True
2277627,9370-2023-04095,1,False,9370,12/23/2023 9:40:00 AM,940,178,14,109,Oakland,1,True,True,B,SIDE SWIPE,,Saturday,NotApplicable,False,M,,False,True,False,ALAMEDA SUPERIOR COURT WILEY W. MANUEL COURTHOUSE,C,OTHER MOTOR VEHICLE,,0,0,A,DAYLIGHT,37.81516,-122.299266,,,,,A,NO PEDESTRIANS INVOLVED,12/23/2023 9:40:00 AM,A,VC 21651(a),False,1,I-880 N/B,,,1/3/2024 6:08:05 AM,A,N,2039.0,SOUTH OF W. GRAND AVENUE,F,,D,1/3/2024 6:08:10 AM,1/3/2024 6:08:10 AM,False,True,4,,12/23/2023 9:44:00 AM,944,False,,,True
2277612,9370-2023-04084,1,False,9370,12/22/2023 6:50:00 PM,1850,177,14,109,Oakland,1,True,True,C,REAR END,,Friday,NotApplicable,False,,,False,True,False,ALAMEDA SUPERIOR COURT WILEY W. MANUEL COURTHOUSE,C,OTHER MOTOR VEHICLE,,0,0,D,DARK-NO STREET LIGHTS,37.77183,-122.22363,,,,,A,NO PEDESTRIANS INVOLVED,12/22/2023 6:50:00 PM,B,UNSAFE MERGE,,1,I-880 N/B,,,1/3/2024 4:58:52 AM,A,N,1391.0,HIGH STREET,F,,D,1/3/2024 4:58:57 AM,1/3/2024 4:58:57 AM,False,True,4,,12/22/2023 6:55:00 PM,1855,False,,,True
2277608,9370-2023-04082,1,False,9370,12/22/2023 6:45:00 PM,1845,177,14,109,Oakland,1,True,True,B,SIDE SWIPE,,Friday,NotApplicable,False,,,False,True,False,ALAMEDA SUPERIOR COURT WILEY W. MANUEL COURTHOUSE,C,OTHER MOTOR VEHICLE,,0,0,A,DAYLIGHT,37.773506,-122.228674,,,,,A,NO PEDESTRIANS INVOLVED,12/22/2023 6:45:00 PM,A,VC 21658(A),False,1,I-880 N/B,,,1/3/2024 4:38:38 AM,A,S,798.0,29TH AVE,F,,D,1/3/2024 4:38:39 AM,1/3/2024 4:38:39 AM,False,True,4,,12/22/2023 6:46:00 PM,1846,False,,,True
2277301,9370-2023-04046,1,False,9370,12/20/2023 6:43:00 AM,643,177,14,109,Oakland,1,True,True,C,REAR END,,Wednesday,NotApplicable,False,,,False,True,True,ALAMEDA SUPERIOR COURT WILEY W. MANUEL COURTHOUSE,C,OTHER MOTOR VEHICLE,,0,0,B,DUSK-DAWN,37.80162,-122.282594,,,,,A,NO PEDESTRIANS INVOLVED,12/20/2023 6:43:00 AM,A,VC 22350,False,1,I-880 N/B,,,1/2/2024 4:30:32 PM,B,S,400.0,MARKET ST,F,,D,1/2/2024 4:30:33 PM,1/2/2024 4:30:33 PM,False,True,4,True,12/20/2023 6:44:00 AM,644,False,,,True
2276848,9370-2023-03771,1,False,9370,11/29/2023 2:00:00 PM,1400,024,14,109,Oakland,1,True,True,C,REAR END,,Wednesday,NotApplicable,False,,,False,True,True,ALAMEDA SUPERIOR COURT WILEY W. MANUEL COURTHOUSE,C,OTHER MOTOR VEHICLE,,0,0,E,DARK-STREET LIGHTS NOT FUNCTIONING*,37.850894,-122.222891,,,,,A,NO PEDESTRIANS INVOLVED,11/29/2023 2:00:00 PM,A,VC 22350,False,1,SR-24 E/B,,,1/2/2024 11:25:16 AM,A,E,50.0,KAY STREET,F,,D,1/2/2024 11:25:18 AM,1/2/2024 11:25:18 AM,False,True,4,,11/29/2023 2:04:00 PM,1404,False,,,True
2276779,9370-2023-04074,1,False,9370,12/22/2023 1:24:00 PM,1324,052,14,109,Oakland,1,True,True,B,SIDE SWIPE,,Friday,NotApplicable,False,,,False,True,False,ALAMEDA SUPERIOR COURT WILEY W. MANUEL COURTHOUSE,C,OTHER MOTOR VEHICLE,,0,0,A,DAYLIGHT,37.778231,-122.168613,,,,,A,NO PEDESTRIANS INVOLVED,12/22/2023 1:24:00 PM,A,VC 21658(A),False,1,I-580 E/B,,,1/2/2024 10:50:05 AM,A,W,1450.0,EDWARDS AVE,F,,D,1/2/2024 10:50:07 AM,1/2/2024 10:50:07 AM,False,True,4,,12/22/2023 1:27:00 PM,1327,False,,,True
2276547,9370-2023-04066,1,False,9370,12/21/2023 5:32:00 PM,1732,025,14,109,Oakland,1,True,True,C,REAR END,,Thursday,NotApplicable,False,M,,False,True,False,ALAMEDA SUPERIOR COURT WILEY W. MANUEL COURTHOUSE,C,OTHER MOTOR VEHICLE,,0,0,D,DARK-NO STREET LIGHTS,37.840742,-122.263189,,,,,A,NO PEDESTRIANS INVOLVED,12/21/2023 5:32:00 PM,A,VC 22350,False,1,SR-24 W/B,,,1/2/2024 8:51:14 AM,A,W,980.0,CLAREMONT AVE,F,,D,1/2/2024 8:51:16 AM,1/2/2024 8:51:16 AM,False,True,4,,12/21/2023 5:39:00 PM,1739,False,,,True
2276494,9370-2023-04070,1,False,9370,12/21/2023 5:55:00 PM,1755,052,14,109,Oakland,1,True,True,E,HIT OBJECT,,Thursday,NotApplicable,False,,,False,True,True,ALAMEDA SUPERIOR COURT WILEY W. MANUEL COURTHOUSE,I,FIXED OBJECT,GUARDRAIL,0,0,C,DARK-STREET LIGHTS,37.771806,-122.155923,,,,,A,NO PEDESTRIANS INVOLVED,12/21/2023 5:55:00 PM,A,VC 22107,False,1,I-580 W/B,,,1/2/2024 8:27:26 AM,A,E,110.0,KELLER AVE,F,,D,1/2/2024 8:27:28 AM,1/2/2024 8:27:28 AM,False,True,4,,12/21/2023 5:57:00 PM,1757,False,,,True
2276485,9370-2023-04069,1,False,9370,12/21/2023 2:00:00 PM,1400,055,14,109,Oakland,1,True,True,E,HIT OBJECT,,Thursday,NotApplicable,False,M,,False,True,True,ALAMEDA SUPERIOR COURT WILEY W. MANUEL COURTHOUSE,I,FIXED OBJECT,ATTENUATOR,0,0,A,DAYLIGHT,37.826958,-122.28519,,,,,A,NO PEDESTRIANS INVOLVED,12/21/2023 2:00:00 PM,A,VC 22107,False,1,I-580 E/B TO W. MACARTHUR BLVD,,,1/2/2024 8:23:20 AM,A,W,175.0,HOLLIS STREET,F,,D,1/2/2024 8:23:22 AM,1/2/2024 8:23:22 AM,False,True,4,False,12/21/2023 2:06:00 PM,1406,False,,,True
2276404,9370-2023-04036,3,False,9370,12/19/2023 3:05:00 AM,305,055,14,109,Oakland,1,True,True,C,REAR END,,Tuesday,NotApplicable,False,,,False,True,False,ALAMEDA SUPERIOR COURT WILEY W. MANUEL COURTHOUSE,C,OTHER MOTOR VEHICLE,,1,0,D,DARK-NO STREET LIGHTS,37.82708,-122.28532,,,,,A,NO PEDESTRIANS INVOLVED,12/19/2023 3:05:00 AM,A,VC 22350,True,1,I-580 W/B,,,2/7/2024 2:45:40 PM,B,W,200.0,HOLLIS ST,F,,D,1/2/2024 7:21:10 AM,2/7/2024 2:45:42 PM,False,True,4,,12/19/2023 3:08:00 AM,308,False,,,True
2276401,9370-2023-03695,1,False,9370,11/21/2023 11:00:00 PM,2300,052,14,109,Oakland,1,True,True,C,REAR END,,Tuesday,Yes,False,,,False,True,True,ALAMEDA SUPERIOR COURT WILEY W. MANUEL COURTHOUSE,C,OTHER MOTOR VEHICLE,,0,0,D,DARK-NO STREET LIGHTS,37.783758,-122.177237,,,,,A,NO PEDESTRIANS INVOLVED,11/21/2023 11:00:00 PM,A,VC 23152(a),False,1,I-580 W/B FROM MOUNTAIN BLVD,,,1/2/2024 7:16:07 AM,A,W,465.0,MOUNTAIN BLVD,F,,D,1/2/2024 7:16:09 AM,1/2/2024 7:16:09 AM,False,True,4,,11/21/2023 11:10:00 PM,2310,False,,,True
2276369,9370-2023-04122,1,False,9370,12/25/2023 9:21:00 PM,2121,052,14,109,Oakland,1,True,True,E,HIT OBJECT,,Monday,Yes,False,,,False,True,False,ALAMEDA SUPERIOR COURT WILEY W. MANUEL COURTHOUSE,I,FIXED OBJECT,GUARD RAIL,0,0,C,DARK-STREET LIGHTS,37.771805,-122.155919,,,,,A,NO PEDESTRIANS INVOLVED,12/25/2023 9:21:00 PM,A,VC 23152(a),True,1,I-580 W/B,,,1/2/2024 6:46:11 AM,A,E,116.0,KELLER AVENUE,F,,D,1/2/2024 6:46:17 AM,1/2/2024 6:46:17 AM,False,True,4,,12/25/2023 9:23:00 PM,2123,False,,,True
2276355,9370-2023-04039,1,False,9370,12/19/2023 7:00:00 AM,700,008,14,109,Oakland,1,True,True,C,REAR END,,Tuesday,NotApplicable,False,M,,False,True,False,ALAMEDA SUPERIOR COURT WILEY W. MANUEL COURTHOUSE,C,OTHER MOTOR VEHICLE,,0,0,B,DUSK-DAWN,37.824619,-122.313052,,,,,A,NO PEDESTRIANS INVOLVED,12/19/2023 7:00:00 AM,A,VC 22350,False,1,I-80 W/B,,,1/2/2024 6:32:40 AM,B,E,187.0,SFOBB TOLL PLAZA,F,,D,1/2/2024 6:32:42 AM,1/2/2024 6:32:42 AM,False,True,4,,12/19/2023 7:05:00 AM,705,False,,,True
2276344,9370-2023-04099,1,False,9370,12/22/2023 9:50:00 PM,2150,176,14,109,Oakland,1,True,True,B,SIDE SWIPE,,Friday,NotApplicable,False,M,,False,True,False,ALAMEDA SUPERIOR COURT WILEY W. MANUEL COURTHOUSE,C,OTHER MOTOR VEHICLE,,0,0,B,DUSK-DAWN,37.735208,-122.191401,,,,,A,NO PEDESTRIANS INVOLVED,12/22/2023 9:50:00 PM,A,VC 21658(A),False,1,I-880 N/B,,,1/2/2024 6:22:01 AM,A,N,1466.0,98TH AVENUE,F,,D,1/2/2024 6:22:03 AM,1/2/2024 6:22:03 AM,False,True,4,,12/22/2023 10:30:00 PM,2230,False,,,True
2276342,9370-2023-04103,1,False,9370,12/23/2023 10:10:00 PM,2210,055,14,109,Oakland,1,True,True,B,SIDE SWIPE,,Saturday,NotApplicable,False,M,,False,True,False,ALAMEDA SUPERIOR COURT WILEY W. MANUEL COURTHOUSE,C,OTHER MOTOR VEHICLE,,0,0,C,DARK-STREET LIGHTS,37.826719,-122.287268,,,,,A,NO PEDESTRIANS INVOLVED,12/23/2023 10:10:00 PM,A,VC 22107,False,1,I-580 W/B,,,1/2/2024 6:14:31 AM,A,W,785.0,HOLLIS STREET,F,,D,1/2/2024 6:14:33 AM,1/2/2024 6:14:33 AM,False,True,4,,12/23/2023 10:10:00 PM,2210,False,,,True
2276327,9370-2023-04016,1,False,9370,12/18/2023 4:45:00 AM,445,055,14,109,Oakland,1,True,True,C,REAR END,,Monday,NotApplicable,False,,,False,True,False,ALAMEDA SUPERIOR COURT WILEY W. MANUEL COURTHOUSE,C,OTHER MOTOR VEHICLE,,0,0,C,DARK-STREET LIGHTS,37.822474,-122.260488,,,,,A,NO PEDESTRIANS INVOLVED,12/18/2023 4:45:00 AM,A,VC 22350,False,1,INTERSTATE 580 WESTBOUND,,,1/2/2024 5:42:53 AM,B,W,122.0,BROADWAY,F,,D,1/2/2024 5:42:55 AM,1/2/2024 5:42:55 AM,False,True,4,,12/18/2023 4:50:00 AM,450,False,,,True
2276320,9370-2023-04064,1,False,9370,12/21/2023 2:35:00 PM,1435,024,14,109,Oakland,1,True,True,E,HIT OBJECT,,Thursday,Yes,False,,,False,True,True,ALAMEDA SUPERIOR COURT WILEY W. MANUEL COURTHOUSE,I,FIXED OBJECT,3' CONCRETE BARRIER WALL,0,0,A,DAYLIGHT,37.853163,-122.221885,,,,,A,NO PEDESTRIANS INVOLVED,12/21/2023 2:35:00 PM,A,VC 23152(a),True,1,SR 24 W/B,,,1/2/2024 5:30:09 AM,A,E,935.0,KAY AVE O/C,F,,D,1/2/2024 5:30:11 AM,1/2/2024 5:30:11 AM,False,True,4,True,12/21/2023 2:40:00 PM,1440,False,,,True
2276319,9370-2023-03969,1,False,9370,12/15/2023 9:05:00 AM,905,053,14,109,Oakland,1,True,True,B,SIDE SWIPE,,Friday,NotApplicable,False,,,False,True,False,ALAMEDA SUPERIOR COURT WILEY W. MANUEL COURTHOUSE,C,OTHER MOTOR VEHICLE,,0,0,A,DAYLIGHT,37.799788,-122.223837,,,,,A,NO PEDESTRIANS INVOLVED,12/15/2023 9:05:00 AM,A,VC 21658(A),False,2,I-580 E/B,,,1/2/2024 5:24:41 AM,A,W,2005.0,FRUITVALE AVENUE,F,,D,1/2/2024 5:24:43 AM,1/2/2024 5:24:43 AM,False,True,4,,12/15/2023 9:06:00 AM,906,False,,,True
2276316,9370-2023-03963,1,False,9370,12/14/2023 6:30:00 PM,1830,176,14,109,Oakland,1,True,True,B,SIDE SWIPE,,Thursday,NotApplicable,False,,,False,True,True,ALAMEDA SUPERIOR COURT WILEY W. MANUEL COURTHOUSE,C,OTHER MOTOR VEHICLE,,1,0,C,DARK-STREET LIGHTS,37.729028,-122.186429,,,,,A,NO PEDESTRIANS INVOLVED,12/14/2023 6:30:00 PM,A,VC 21658(A),False,1,I-880 S/B,,,1/2/2024 5:19:41 AM,A,S,600.0,98TH AVENUE,F,,D,1/2/2024 5:19:44 AM,1/2/2024 5:19:44 AM,False,True,4,,12/14/2023 6:31:00 PM,1831,False,,False,True
2276312,9370-2023-04020,1,False,9370,12/18/2023 3:53:00 PM,1553,025,14,109,Oakland,1,True,True,C,REAR END,,Monday,NotApplicable,False,,,False,True,True,ALAMEDA SUPERIOR COURT WILEY W. MANUEL COURTHOUSE,C,OTHER MOTOR VEHICLE,,0,0,A,DAYLIGHT,37.834096,-122.26637,,,,,A,NO PEDESTRIANS INVOLVED,12/18/2023 3:53:00 PM,A,VC 22350,False,1,SR 24 WB EO I-580,,,1/2/2024 5:02:14 AM,B,W,217.0,45TH ST,F,,D,1/2/2024 5:02:16 AM,1/2/2024 5:02:16 AM,False,True,4,,12/18/2023 3:53:00 PM,1553,False,,,True
2276310,9370-2023-03752,1,False,9370,11/27/2023 8:15:00 PM,2015,176,14,109,Oakland,1,True,True,B,SIDE SWIPE,,Monday,NotApplicable,False,M,,False,True,True,ALAMEDA SUPERIOR COURT WILEY W. MANUEL COURTHOUSE,C,OTHER MOTOR VEHICLE,,1,0,C,DARK-STREET LIGHTS,37.775456,-122.23445,,,,,A,NO PEDESTRIANS INVOLVED,11/27/2023 8:15:00 PM,A,VC 21658(A),False,1,I-880 S/B,,,1/2/2024 4:47:00 AM,A,S,1100.0,23RD AVE,F,,D,1/2/2024 4:47:02 AM,1/2/2024 4:47:02 AM,False,True,4,,11/27/2023 8:18:00 PM,2018,False,,,True
2276309,9370-2023-04006,1,False,9370,12/17/2023 12:15:00 AM,15,054,14,109,Oakland,1,True,True,E,HIT OBJECT,,Sunday,Yes,False,,,False,True,True,ALAMEDA SUPERIOR COURT WILEY W. MANUEL COURTHOUSE,I,FIXED OBJECT,CONCRETE BARRIER,1,0,C,DARK-STREET LIGHTS,37.803371,-122.232252,,,,,A,NO PEDESTRIANS INVOLVED,12/17/2023 12:15:00 AM,A,VC 23152(a),True,1,I-580 W/B,,,1/2/2024 4:44:44 AM,A,E,450.0,PARK BLVD,F,,D,1/2/2024 4:44:46 AM,1/2/2024 4:44:46 AM,False,True,4,,12/17/2023 12:20:00 AM,20,False,,True,False
2276307,9370-2023-04024,1,False,9370,12/2/2023 6:26:00 AM,626,055,14,109,Oakland,1,True,True,C,REAR END,,Saturday,NotApplicable,False,,,False,True,True,ALAMEDA SUPERIOR COURT WILEY W. MANUEL COURTHOUSE,C,OTHER MOTOR VEHICLE,,0,0,D,DARK-NO STREET LIGHTS,37.828107,-122.293876,,,,,A,NO PEDESTRIANS INVOLVED,12/2/2023 6:26:00 AM,A,VC 22350,False,1,I-580 W/B TO I-80 W/B,,,1/2/2024 4:34:38 AM,B,E,80.0,I-80 E/B UNDER CROSSING,F,,D,1/2/2024 4:34:42 AM,1/2/2024 4:34:42 AM,False,True,4,,12/2/2023 6:40:00 AM,640,False,,,True
2276296,9370-2023-04021,1,False,9370,12/18/2023 1:58:00 PM,1358,025,14,109,Oakland,1,True,True,E,HIT OBJECT,,Monday,NotApplicable,False,,,False,True,True,ALAMEDA SUPERIOR COURT WILEY W. MANUEL COURTHOUSE,I,FIXED OBJECT,CONCRETE BARRIER,0,0,A,DAYLIGHT,37.834105,-122.266329,,,,,A,NO PEDESTRIANS INVOLVED,12/18/2023 1:58:00 PM,A,VC 22350,False,1,SR-24 W/B,,,1/2/2024 4:28:27 AM,B,W,216.0,45TH ST,F,,D,1/2/2024 4:28:30 AM,1/2/2024 4:28:30 AM,False,True,4,,12/18/2023 2:00:00 PM,1400,False,,,False
2276295,9370-2023-03823,1,False,9370,12/2/2023 6:16:00 AM,616,055,14,109,Oakland,1,True,True,D,BROADSIDE,,Saturday,NotApplicable,False,,,False,True,True,ALAMEDA SUPERIOR COURT WILEY W. MANUEL COURTHOUSE,C,OTHER MOTOR VEHICLE,,1,0,D,DARK-NO STREET LIGHTS,37.828133,-122.293941,,,,,A,NO PEDESTRIANS INVOLVED,12/2/2023 6:16:00 AM,C,,,,I-580 W/B TO I-80 W/B,,,1/2/2024 4:23:36 AM,B,E,100.0,I-80 E/B  UNDER-CROSSING,F,,D,1/2/2024 4:23:42 AM,1/2/2024 4:23:42 AM,False,True,4,True,12/2/2023 6:30:00 AM,630,False,,,True
2275886,9370-2023-03799,1,False,9370,12/1/2023 9:22:00 AM,922,055,14,109,Oakland,1,True,True,C,REAR END,,Friday,NotApplicable,False,M,,False,True,False,ALAMEDA SUPERIOR COURT WILEY W. MANUEL COURTHOUSE,C,OTHER MOTOR VEHICLE,,0,0,A,DAYLIGHT,37.825592,-122.274687,,,,,A,NO PEDESTRIANS INVOLVED,12/1/2023 9:22:00 AM,A,VC 21658(a),False,1,I-580 E/B,,,12/31/2023 1:48:17 PM,A,E,135.0,MARKET ST,F,,D,12/31/2023 1:48:19 PM,12/31/2023 1:48:19 PM,False,True,4,,12/1/2023 9:30:00 AM,930,False,,,True
2275885,9370-2023-03808,2,False,9370,12/1/2023 8:50:00 PM,2050,082,14,109,Oakland,1,True,True,B,SIDE SWIPE,,Friday,Yes,False,M,,False,True,True,ALAMEDA SUPERIOR COURT WILEY W. MANUEL COURTHOUSE,C,OTHER MOTOR VEHICLE,,1,0,C,DARK-STREET LIGHTS,37.910882,-122.316813,,,,,A,NO PEDESTRIANS INVOLVED,12/1/2023 8:50:00 PM,A,VC 21658(a),False,1,I-80 E/B,,,3/28/2024 2:24:50 PM,B,E,40.0,CARLSON BLVD,F,,D,12/31/2023 1:46:33 PM,3/28/2024 2:24:54 PM,False,True,4,,12/1/2023 8:58:00 PM,2058,True,AREA PHOTO FILE,,True
2275884,9370-2023-03851,1,False,9370,12/4/2023 7:30:00 AM,730,176,14,109,Oakland,1,True,True,B,SIDE SWIPE,,Monday,NotApplicable,False,M,,False,True,False,ALAMEDA SUPERIOR COURT WILEY W. MANUEL COURTHOUSE,C,OTHER MOTOR VEHICLE,,0,0,A,DAYLIGHT,37.771672,-122.223305,,,,,A,NO PEDESTRIANS INVOLVED,12/4/2023 7:30:00 AM,B,UNSAFE MERGE,,,I-880 N/B,,,12/31/2023 1:45:11 PM,A,N,1590.0,HIGH STREET,F,,D,12/31/2023 1:45:12 PM,12/31/2023 1:45:12 PM,False,True,4,,12/4/2023 7:35:00 AM,735,False,,,True
2275882,9370-2023-03779,2,False,9370,11/30/2023 4:15:00 AM,415,177,14,109,Oakland,1,True,True,H,OTHER,BACKING,Thursday,NotApplicable,False,M,,False,True,False,ALAMEDA SUPERIOR COURT WILEY W. MANUEL COURTHOUSE,C,OTHER MOTOR VEHICLE,,0,0,B,DUSK-DAWN,37.792129,-122.26253,,,,,A,NO PEDESTRIANS INVOLVED,11/30/2023 4:15:00 AM,A,VC 22106,False,1,I-880 S/B,,,3/12/2024 4:43:24 PM,A,S,1587.0,OAK ST,F,,D,12/31/2023 1:36:05 PM,3/12/2024 4:43:26 PM,False,True,4,,11/30/2023 4:20:00 AM,420,False,,,True
2275879,9370-2023-03607,1,False,9370,11/16/2023 12:35:00 AM,35,098,14,109,Oakland,1,True,True,D,BROADSIDE,,Thursday,Yes,False,,,False,True,False,ALAMEDA SUPERIOR COURT WILEY W. MANUEL COURTHOUSE,C,OTHER MOTOR VEHICLE,,2,0,C,DARK-STREET LIGHTS,37.818425,-122.270211,,,,,A,NO PEDESTRIANS INVOLVED,11/16/2023 12:35:00 AM,A,VC 21651(a),False,1,I-980 W/B,,,12/31/2023 1:16:44 PM,A,E,530.0,27TH STREET,F,,D,12/31/2023 1:16:46 PM,12/31/2023 1:16:46 PM,False,True,4,,11/16/2023 12:43:00 AM,43,False,,,True
2275672,9335-2023-02661,1,False,9335,12/30/2023 8:30:00 PM,2030,082,14,109,Oakland,1,True,True,C,REAR END,,Saturday,NotApplicable,False,,,False,True,False,ALAMEDA SUPERIOR COURT ALAMEDA,C,OTHER MOTOR VEHICLE,,0,0,C,DARK-STREET LIGHTS,37.822811,-122.321731,,,,,A,NO PEDESTRIANS INVOLVED,12/30/2023 8:30:00 PM,A,VC 22350,False,1,I-80 WESTBOUND,,,12/30/2023 11:10:30 PM,A,W,1320.0,SAN FRANCISCO/ OAKLAND BAY BRIDGE METERING LIGHTS,F,,D,12/30/2023 11:10:41 PM,12/30/2023 11:10:41 PM,False,True,4,,12/30/2023 8:34:00 PM,2034,False,,,
2275600,9335-2023-02564,1,False,9335,11/25/2023 9:49:00 PM,2149,082,14,109,Oakland,1,True,True,C,REAR END,,Saturday,NotApplicable,False,,,False,True,False,ALAMEDA SUPERIOR COURT ALAMEDA,C,OTHER MOTOR VEHICLE,,0,0,C,DARK-STREET LIGHTS,37.822681,-122.322414,,,,,A,NO PEDESTRIANS INVOLVED,11/25/2023 9:49:00 PM,A,VC 22350,False,1,I-80 W/B,,,12/30/2023 12:13:39 PM,A,W,2567.0,SFOBB TOLL PLAZA,F,,D,12/30/2023 12:14:06 PM,12/30/2023 12:14:06 PM,False,True,4,,11/25/2023 9:53:00 PM,2153,False,,,True
2275395,9335-2023-02159,1,False,9335,10/28/2023 5:20:00 AM,520,082,14,109,Oakland,1,True,True,D,BROADSIDE,,Saturday,NotApplicable,False,,,False,True,True,ALAMEDA SUPERIOR COURT WILEY W. MANUEL COURTHOUSE,C,OTHER MOTOR VEHICLE,,1,0,C,DARK-STREET LIGHTS,37.823968,-122.317506,,,,,A,NO PEDESTRIANS INVOLVED,10/28/2023 5:20:00 AM,A,VC 22107,False,1,I-80 W/B,,,12/29/2023 7:59:26 PM,A,W,1081.0,SFOBB TOLL PLAZA,F,,D,12/29/2023 7:59:49 PM,12/29/2023 7:59:49 PM,False,True,4,,10/28/2023 5:22:00 AM,522,True,EMBEDDED,,True