collision-id,report-number,report-version,is-preliminary,ncic-code,crash-date-time,crash-time-description,beat,city-id,city-code,city-name,county-code,city-is-active,city-is-incorporated,collision-type-code,collision-type-description,collision-type-other-desc,day-of-week,dispatch-notified,has-photographs,hit-run,is-attachments-mailed,is-deleted,is-highway-related,is-tow-away,judicial-district,motor-vehicle-involved-with-code,motor-vehicle-involved-with-desc,motor-vehicle-involved-with-other-desc,number-injured,number-killed,lighting-code,lighting-description,latitude,longitude,milepost-direction,milepost-distance,milepost-marker,milepost-unit-of-measure,pedestrian-action-code,pedestrian-action-desc,prepared-date,primary-collision-factor-code,primary-collision-factor-description,primary-collision-factor-is-cited,primary-collision-party-number,primary-road,reporting-district,reporting-district-code,reviewed-date,roadway-surface-code,secondary-direction,secondary-distance,secondary-road,secondary-unit-of-measure,sketch-desc,traffic-control-device-code,created-date,modified-date,is-county-road,is-freeway,chp-555-version,is-additonal-object-struck,notification-date,notification-time-description,has-digital-media-files,evidence-number,is-location-refer-to-narrative,is-aoi-one-same-as-location
2275128,9370-2023-03968,1,False,9370,12/15/2023 8:00:00 AM,800,176,14,109,Oakland,1,True,True,C,REAR END,,Friday,NotApplicable,False,,,False,True,False,ALAMEDA SUPERIOR COURT WILEY W. MANUEL COURTHOUSE,C,OTHER MOTOR VEHICLE,,0,0,A,DAYLIGHT,37.738281,-122.194218,,,,,A,NO PEDESTRIANS INVOLVED,12/15/2023 8:00:00 AM,A,VC 22350,False,1,I-880 N/B,,,12/29/2023 1:01:26 PM,A,S,998.0,HEGENBERGER RD,F,,D,12/29/2023 1:01:28 PM,12/29/2023 1:01:28 PM,False,True,4,,12/15/2023 8:01:00 AM,801,False,,,True
2275054,9370-2023-03970,1,False,9370,12/15/2023 11:35:00 AM,1135,054,14,109,Oakland,1,True,True,C,REAR END,,Friday,NotApplicable,False,M,,False,True,True,ALAMEDA SUPERIOR COURT WILEY W. MANUEL COURTHOUSE,C,OTHER MOTOR VEHICLE,,0,0,A,DAYLIGHT,37.812244,-122.249929,,,,,A,NO PEDESTRIANS INVOLVED,12/15/2023 11:35:00 AM,A,VC 22350,False,1,I-580 W/B TO GRAND AVENUE,,,12/29/2023 11:36:05 AM,A,W,600.0,GRAND AVENUE,F,,D,12/29/2023 11:36:10 AM,12/29/2023 11:36:10 AM,False,True,4,,12/15/2023 11:36:00 AM,1136,False,,,True
2274982,9335-2023-01970,1,False,9335,10/5/2023 9:22:00 AM,922,082,14,109,Oakland,1,True,True,B,SIDE SWIPE,,Thursday,NotApplicable,False,M,,False,True,False,ALAMEDA SUPERIOR COURT ALAMEDA,C,OTHER MOTOR VEHICLE,,0,0,A,DAYLIGHT,37.824473,-122.314888,,,,,A,NO PEDESTRIANS INVOLVED,10/5/2023 9:22:00 AM,B,UNSAFE MERGE,,2,I-80 W/B,,,12/29/2023 10:51:00 AM,A,W,324.0,SFOBB TOLL PLAZA,F,,D,12/29/2023 10:51:02 AM,12/29/2023 10:51:02 AM,False,True,4,,10/5/2023 10:15:00 AM,1015,True,EMBEDDED,,True
2274904,9370-2023-04129,1,False,9370,12/26/2023 2:26:00 PM,1426,055,14,109,Oakland,1,True,True,B,SIDE SWIPE,,Tuesday,NotApplicable,False,,,False,True,False,ALAMEDA SUPERIOR COURT WILEY W. MANUEL COURTHOUSE,C,OTHER MOTOR VEHICLE,,0,0,A,DAYLIGHT,37.822676,-122.261571,,,,,A,NO PEDESTRIANS INVOLVED,12/26/2023 2:26:00 PM,A,VC 21658(A),False,1,I-580 E/B,,,12/29/2023 9:41:54 AM,A,W,3180.0,WEST ST,F,,D,12/29/2023 9:41:56 AM,12/29/2023 9:41:56 AM,False,True,4,,12/26/2023 2:38:00 PM,1438,False,,,True
2274900,9335-2023-02513,1,False,9335,12/13/2023 6:55:00 AM,655,082,14,109,Oakland,1,True,True,B,SIDE SWIPE,,Wednesday,NotApplicable,False,,,False,True,False,ALAMEDA SUPERIOR COURT GEORGE E. MCDONALD HALL OF JUSTICE,C,OTHER MOTOR VEHICLE,,0,0,A,DAYLIGHT,37.824843,-122.314926,,,,,A,NO PEDESTRIANS INVOLVED,12/13/2023 6:55:00 AM,B,UNSAFE MERGE,,1,I-80 W/B,,,12/29/2023 9:39:22 AM,A,W,300.0,SFOBB TOLL PLAZA,F,,D,12/29/2023 9:39:25 AM,12/29/2023 9:39:25 AM,False,True,4,,12/13/2023 7:05:00 AM,705,True,EMBEDDED,,True
2274802,9370-2023-04059,1,False,9370,12/21/2023 12:19:00 AM,19,082,14,109,Oakland,1,True,True,E,HIT OBJECT,,Thursday,Yes,False,,,False,True,False,ALAMEDA SUPERIOR COURT WILEY W. MANUEL COURTHOUSE,I,FIXED OBJECT,CONCRETE WALL,1,0,C,DARK-STREET LIGHTS,37.937104,-122.326243,,,,,A,NO PEDESTRIANS INVOLVED,12/21/2023 12:19:00 AM,A,VC 22350,False,1,I-80 E/B,,,12/29/2023 8:21:17 AM,B,W,100.0,SAN PABLO AVENUE,F,,D,12/29/2023 8:21:19 AM,12/29/2023 8:21:19 AM,False,True,4,,12/21/2023 12:20:00 AM,20,False,,,True
2274689,9370-2023-04032,1,False,9370,12/18/2023 11:30:00 PM,2330,052,14,109,Oakland,1,True,True,B,SIDE SWIPE,,Monday,NotApplicable,False,M,,False,True,True,ALAMEDA SUPERIOR COURT WILEY W. MANUEL COURTHOUSE,C,OTHER MOTOR VEHICLE,,0,0,C,DARK-STREET LIGHTS,37.78845,-122.199341,,,,,A,NO PEDESTRIANS INVOLVED,12/18/2023 11:30:00 PM,A,VC 21658(a),False,1,I-580 W/B,,,12/29/2023 4:34:43 AM,B,E,1097.0,HIGH STREET,F,,D,12/29/2023 4:34:45 AM,12/29/2023 4:34:45 AM,False,True,4,,12/18/2023 11:41:00 PM,2341,False,,,True
2274347,9335-2023-02168,1,False,9335,11/1/2023 5:15:00 AM,515,082,14,109,Oakland,1,True,True,C,REAR END,,Wednesday,NotApplicable,False,,,False,True,False,ALAMEDA SUPERIOR COURT ALAMEDA,C,OTHER MOTOR VEHICLE,,1,0,C,DARK-STREET LIGHTS,37.823782,-122.318309,,,,,A,NO PEDESTRIANS INVOLVED,11/1/2023 5:15:00 AM,A,VC 22350,False,1,I-80 W/B,,,12/28/2023 8:30:14 PM,A,W,1317.0,SFOBB TOLL PLAZA,F,,D,12/28/2023 8:30:18 PM,12/28/2023 8:30:18 PM,False,True,4,,11/1/2023 5:20:00 AM,520,True,EMBEDDED,,True
2274244,9370-2023-04077,1,False,9370,12/22/2023 4:20:00 PM,1620,024,14,109,Oakland,1,True,True,B,SIDE SWIPE,,Friday,NotApplicable,False,,,False,True,False,ALAMEDA SUPERIOR COURT WILEY W. MANUEL COURTHOUSE,C,OTHER MOTOR VEHICLE,,0,0,A,DAYLIGHT,37.849676,-122.238071,,,,,A,NO PEDESTRIANS INVOLVED,12/22/2023 4:20:00 PM,A,VC 21658(a),False,,SR-24 E/B,,,12/28/2023 5:35:49 PM,A,E,1081.0,BROADWAY,F,,D,12/28/2023 5:35:52 PM,12/28/2023 5:35:52 PM,False,True,4,,12/22/2023 4:29:00 PM,1629,False,,,True
2274241,9370-2023-04143,1,False,9370,12/27/2023 7:30:00 PM,1930,024,14,109,Oakland,1,True,True,C,REAR END,,Wednesday,NotApplicable,False,,,False,True,False,ALAMEDA SUPERIOR COURT WILEY W. MANUEL COURTHOUSE,C,OTHER MOTOR VEHICLE,,0,0,C,DARK-STREET LIGHTS,37.830861,-122.267294,,,,,A,NO PEDESTRIANS INVOLVED,12/27/2023 7:30:00 PM,A,VC 22350,False,1,SR-24 W/B FROM MLK JR WAY TO I-580,,,12/28/2023 5:26:05 PM,A,W,2490.0,51ST ST,F,,D,12/28/2023 5:26:07 PM,12/28/2023 5:26:07 PM,False,True,4,,12/27/2023 7:35:00 PM,1935,False,,,True
2274200,9370-2023-04078,1,False,9370,12/22/2023 5:40:00 PM,1740,177,14,109,Oakland,1,True,True,C,REAR END,,Friday,NotApplicable,False,M,,False,True,False,ALAMEDA SUPERIOR COURT WILEY W. MANUEL COURTHOUSE,C,OTHER MOTOR VEHICLE,,0,0,C,DARK-STREET LIGHTS,37.798761,-122.275201,,,,,A,NO PEDESTRIANS INVOLVED,12/22/2023 5:40:00 PM,A,VC 22350,False,1,I-880 N/B,,,12/28/2023 4:27:29 PM,A,N,106.0,BROADWAY,F,,D,12/28/2023 4:27:32 PM,12/28/2023 4:27:32 PM,False,True,4,,12/22/2023 5:50:00 PM,1750,False,,,True
2274124,9370-2023-03956,1,False,9370,12/13/2023 8:00:00 AM,800,052,14,109,Oakland,1,True,True,B,SIDE SWIPE,,Wednesday,NotApplicable,False,,,False,True,True,ALAMEDA SUPERIOR COURT WILEY W. MANUEL COURTHOUSE,C,OTHER MOTOR VEHICLE,,2,0,A,DAYLIGHT,37.784241,-122.185195,,,,,A,NO PEDESTRIANS INVOLVED,12/13/2023 8:00:00 AM,A,VC 21658(A),False,1,I-580 W/B,,,12/28/2023 3:25:39 PM,A,E,1002.0,MACARTHUR BLVD,F,,D,12/28/2023 3:25:43 PM,12/28/2023 3:25:43 PM,False,True,4,,12/13/2023 8:05:00 AM,805,False,,,True
2273975,9370-2023-03973,1,False,9370,12/12/2023 6:08:00 AM,608,008,14,109,Oakland,1,True,True,C,REAR END,,Tuesday,NotApplicable,False,,,False,True,False,ALAMEDA SUPERIOR COURT WILEY W. MANUEL COURTHOUSE,C,OTHER MOTOR VEHICLE,,0,0,B,DUSK-DAWN,37.827362,-122.29708,,,,,A,NO PEDESTRIANS INVOLVED,12/12/2023 6:08:00 AM,A,VC 22350,False,1,I-80 W/B,,,12/28/2023 1:31:15 PM,A,W,3650.0,POWELL STREET,F,,D,12/28/2023 1:31:20 PM,12/28/2023 1:31:20 PM,False,True,4,,12/12/2023 6:10:00 AM,610,False,,,True
2273839,9370-2023-03976,1,False,9370,12/15/2023 6:30:00 PM,1830,055,14,109,Oakland,1,True,True,C,REAR END,,Friday,NotApplicable,False,,,False,True,True,ALAMEDA SUPERIOR COURT WILEY W. MANUEL COURTHOUSE,C,OTHER MOTOR VEHICLE,,0,0,D,DARK-NO STREET LIGHTS,37.826865,-122.286197,,,,,A,NO PEDESTRIANS INVOLVED,12/15/2023 6:30:00 PM,A,VC 22350,False,1,I-580 W/B,,,12/28/2023 11:45:57 AM,A,W,310.0,HOLLIS ST U/C,F,,D,12/28/2023 11:45:59 AM,12/28/2023 11:45:59 AM,False,True,4,,12/15/2023 6:35:00 PM,1835,False,,,False
2273802,9370-2023-03904,1,False,9370,12/8/2023 10:00:00 PM,2200,024,14,109,Oakland,1,True,True,B,SIDE SWIPE,,Friday,NotApplicable,False,M,,False,True,True,ALAMEDA SUPERIOR COURT WILEY W. MANUEL COURTHOUSE,C,OTHER MOTOR VEHICLE,,0,0,C,DARK-STREET LIGHTS,37.853182,-122.221934,,,,,A,NO PEDESTRIANS INVOLVED,12/8/2023 10:00:00 PM,A,VC 21658(A),False,1,SR 24 WB,,,12/28/2023 11:15:51 AM,A,E,935.0,FREEWAY OVERPASS,F,,D,12/28/2023 11:15:54 AM,12/28/2023 11:15:54 AM,False,True,4,,12/8/2023 10:05:00 PM,2205,False,,,True
2273599,9370-2023-04065,1,False,9370,12/21/2023 6:40:00 PM,1840,013,14,109,Oakland,1,True,True,C,REAR END,,Thursday,NotApplicable,False,,,False,True,False,ALAMEDA SUPERIOR COURT WILEY W. MANUEL COURTHOUSE,C,OTHER MOTOR VEHICLE,,1,0,B,DUSK-DAWN,37.842541,-122.225257,,,,,A,NO PEDESTRIANS INVOLVED,12/21/2023 6:40:00 PM,A,VC 22350,False,1,SR-13 N/B,,,12/28/2023 9:06:44 AM,A,N,455.0,BROADWAY TER,F,,D,12/28/2023 9:06:46 AM,12/28/2023 9:06:46 AM,False,True,4,,12/21/2023 6:46:00 PM,1846,False,,,False
2273557,9370-2023-04058,1,False,9370,12/20/2023 10:55:00 PM,2255,008,14,109,Oakland,1,True,True,C,REAR END,,Wednesday,NotApplicable,False,M,,False,True,True,ALAMEDA SUPERIOR COURT WILEY W. MANUEL COURTHOUSE,C,OTHER MOTOR VEHICLE,,0,0,C,DARK-STREET LIGHTS,37.828255,-122.294953,,,,,A,NO PEDESTRIANS INVOLVED,12/20/2023 10:55:00 PM,A,VC 21658(A),False,1,I-80 W/B,,,12/28/2023 8:35:16 AM,B,W,360.0,I-80 W/B TO I-880 S/B,F,,D,12/28/2023 8:35:18 AM,12/28/2023 8:35:18 AM,False,True,4,,12/20/2023 10:59:00 PM,2259,False,,,True
2273511,9370-2023-04056,1,False,9370,12/20/2023 2:00:00 PM,1400,177,14,109,Oakland,1,True,True,C,REAR END,,Wednesday,NotApplicable,False,M,,False,True,True,ALAMEDA SUPERIOR COURT WILEY W. MANUEL COURTHOUSE,C,OTHER MOTOR VEHICLE,,1,0,A,DAYLIGHT,37.787929,-122.249526,,,,,A,NO PEDESTRIANS INVOLVED,12/20/2023 2:00:00 PM,A,VC 22350,False,1,I-880 S/B,,,12/28/2023 8:10:15 AM,B,N,1486.0,16TH AVE,F,,D,12/28/2023 8:10:16 AM,12/28/2023 8:10:16 AM,False,True,4,,12/20/2023 2:19:00 PM,1419,False,,,True
2273499,9370-2023-04050,1,False,9370,12/19/2023 11:47:00 AM,1147,025,14,109,Oakland,1,True,True,C,REAR END,,Tuesday,NotApplicable,False,,,False,True,True,ALAMEDA SUPERIOR COURT WILEY W. MANUEL COURTHOUSE,C,OTHER MOTOR VEHICLE,,0,0,A,DAYLIGHT,37.833963,-122.266442,,,,,A,NO PEDESTRIANS INVOLVED,12/19/2023 11:47:00 AM,A,VC 22350,False,1,SR-24 W/B,,,12/28/2023 8:02:36 AM,B,E,200.0,45TH ST.,F,,D,12/28/2023 8:02:38 AM,12/28/2023 8:02:38 AM,False,True,4,,12/19/2023 11:52:00 AM,1152,False,,,True
2273468,9370-2023-04001,1,False,9370,12/16/2023 3:25:00 PM,1525,052,14,109,Oakland,1,True,True,B,SIDE SWIPE,,Saturday,Yes,False,F,,False,True,True,ALAMEDA SUPERIOR COURT WILEY W. MANUEL COURTHOUSE,C,OTHER MOTOR VEHICLE,,1,0,A,DAYLIGHT,37.78188,-122.174611,,,,,A,NO PEDESTRIANS INVOLVED,12/16/2023 3:25:00 PM,A,VC 22350,False,1,SR-13 N/B,,,12/28/2023 7:38:07 AM,A,S,390.0,KUHNLE AVENUE,F,,D,12/28/2023 7:38:10 AM,12/28/2023 7:38:10 AM,False,True,4,True,12/16/2023 3:27:00 PM,1527,False,,True,True
2273410,9370-2023-04022,1,False,9370,12/18/2023 2:14:00 PM,1414,179,14,109,Oakland,1,True,True,E,HIT OBJECT,,Monday,Yes,False,,,False,True,False,ALAMEDA SUPERIOR COURT WILEY W. MANUEL COURTHOUSE,I,FIXED OBJECT,CEMENT WALL,1,0,A,DAYLIGHT,37.814085,-122.300737,,,,,A,NO PEDESTRIANS INVOLVED,12/18/2023 2:14:00 PM,A,VC 22350,False,1,I-880 N/B,,,12/28/2023 6:41:38 AM,B,S,2800.0,WEST GRAND AVE,F,,D,12/28/2023 6:41:39 AM,12/28/2023 6:41:39 AM,False,True,4,,12/18/2023 2:18:00 PM,1418,False,,,True
2273409,9370-2023-04007,1,False,9370,12/17/2023 5:45:00 PM,1745,052,14,109,Oakland,1,True,True,C,REAR END,,Sunday,NotApplicable,False,,,False,True,False,ALAMEDA SUPERIOR COURT WILEY W. MANUEL COURTHOUSE,C,OTHER MOTOR VEHICLE,,0,0,B,DUSK-DAWN,37.746779,-122.14962,,,,,A,NO PEDESTRIANS INVOLVED,12/17/2023 5:45:00 PM,A,VC 22350,False,1,I-580 W/B,,,12/28/2023 6:39:57 AM,A,E,2500.0,GOLF LINKS RD,F,,D,12/28/2023 6:39:59 AM,12/28/2023 6:39:59 AM,False,True,4,,12/17/2023 5:50:00 PM,1750,False,,,True
2273386,9370-2023-04055,1,False,9370,12/16/2023 2:53:00 AM,253,024,14,109,Oakland,1,True,True,C,REAR END,,Saturday,Yes,False,,,False,True,True,ALAMEDA SUPERIOR COURT WILEY W. MANUEL COURTHOUSE,C,OTHER MOTOR VEHICLE,,1,0,D,DARK-NO STREET LIGHTS,37.848717,-122.227736,,,,,A,NO PEDESTRIANS INVOLVED,12/16/2023 2:53:00 AM,A,VC 23152(a),True,1,SR-24 W/B,,,12/28/2023 6:22:29 AM,A,E,305.0,SR-13 N/B,F,,D,12/28/2023 6:22:31 AM,12/28/2023 6:22:31 AM,False,True,4,,12/16/2023 2:58:00 AM,258,False,,False,True
2272924,9335-2023-02540,1,False,9335,12/15/2023 1:33:00 PM,1333,082,14,109,Oakland,1,True,True,E,HIT OBJECT,,Friday,NotApplicable,False,,,False,True,True,ALAMEDA SUPERIOR COURT GEORGE E. MCDONALD HALL OF JUSTICE,I,FIXED OBJECT,TOLL BOOTH,0,0,A,DAYLIGHT,37.824906,-122.313778,,,,,A,NO PEDESTRIANS INVOLVED,12/15/2023 1:33:00 PM,A,VC 22107,False,1,I-80 W/B,,,12/27/2023 7:18:54 PM,A,W,1200.0,I-80 W/B TO WEST GRAND AVENUE O/C,F,,D,12/27/2023 7:18:58 PM,12/27/2023 7:18:58 PM,False,True,4,,12/15/2023 1:35:00 PM,1335,True,EMBEDDED,,True
2272890,9370-2023-03669,1,False,9370,11/18/2023 11:35:00 PM,2335,025,14,109,Oakland,1,True,True,C,REAR END,,Saturday,NotApplicable,False,,,False,True,False,ALAMEDA SUPERIOR COURT WILEY W. MANUEL COURTHOUSE,E,PARKED MOTOR VEHICLE,,0,0,C,DARK-STREET LIGHTS,37.83434,-122.265742,,,,,A,NO PEDESTRIANS INVOLVED,11/18/2023 11:35:00 PM,A,VC 22350,False,2,SR-24 E/B,,,12/27/2023 5:56:38 PM,A,E,355.0,45TH ST,F,,D,12/27/2023 5:56:40 PM,12/27/2023 5:56:40 PM,False,True,4,,11/18/2023 11:41:00 PM,2341,False,,,True
2272879,9370-2023-03549,1,False,9370,11/11/2023 12:35:00 AM,35,177,14,109,Oakland,1,True,True,E,HIT OBJECT,,Saturday,NotApplicable,False,,,False,True,False,ALAMEDA SUPERIOR COURT WILEY W. MANUEL COURTHOUSE,I,FIXED OBJECT,METAL CRASH ATTENUATOR,0,0,D,DARK-NO STREET LIGHTS,37.793979,-122.264134,,,,,A,NO PEDESTRIANS INVOLVED,11/11/2023 12:35:00 AM,A,VC 23152(a),True,1,I-880 N/B,,,12/27/2023 5:24:03 PM,A,S,800.0,OAK ST,F,,D,12/27/2023 5:24:05 PM,12/27/2023 5:24:05 PM,False,True,4,,11/11/2023 12:37:00 AM,37,False,,,True
2272843,9370-2023-04041,1,False,9370,12/19/2023 12:10:00 PM,1210,176,14,109,Oakland,1,True,True,B,SIDE SWIPE,,Tuesday,NotApplicable,False,F,,False,True,False,ALAMEDA SUPERIOR COURT WILEY W. MANUEL COURTHOUSE,C,OTHER MOTOR VEHICLE,,1,0,A,DAYLIGHT,37.775171,-122.234099,,,,,A,NO PEDESTRIANS INVOLVED,12/19/2023 12:10:00 PM,A,VC 21658(A),False,1,I-880 S/B,,,12/27/2023 4:21:59 PM,B,N,80.0,29TH AVE,F,,C,12/27/2023 4:22:01 PM,12/27/2023 4:22:01 PM,False,True,4,,12/19/2023 12:11:00 PM,1211,False,,,True
2272775,9370-2023-03769,1,False,9370,11/29/2023 11:46:00 AM,1146,176,14,109,Oakland,1,True,True,C,REAR END,,Wednesday,NotApplicable,False,M,,False,True,False,ALAMEDA SUPERIOR COURT WILEY W. MANUEL COURTHOUSE,C,OTHER MOTOR VEHICLE,,0,0,A,DAYLIGHT,37.773995,-122.230142,,,,,A,NO PEDESTRIANS INVOLVED,11/29/2023 11:46:00 AM,A,VC 22350,False,2,I-880 N/B,,,12/27/2023 3:42:29 PM,A,S,1500.0,29TH AVE,F,,D,12/27/2023 3:42:31 PM,12/27/2023 3:42:31 PM,False,True,4,,11/29/2023 11:50:00 AM,1150,False,,,True
2272729,9370-2023-03273,1,False,9370,10/21/2023 2:20:00 AM,220,008,14,109,Oakland,1,True,True,A,HEAD-ON,,Saturday,Yes,False,F,,False,True,True,ALAMEDA SUPERIOR COURT WILEY W. MANUEL COURTHOUSE,C,OTHER MOTOR VEHICLE,,1,0,D,DARK-NO STREET LIGHTS,37.825532,-122.291249,,,,,A,NO PEDESTRIANS INVOLVED,10/21/2023 2:20:00 AM,A,VC 21651(c),False,1,I-80 WESTBOUND TO I-880 SOUTHBOUND,,,12/27/2023 3:13:52 PM,A,E,3300.0,WEST GRAND AVENUE,F,,D,12/27/2023 3:13:54 PM,12/27/2023 3:13:54 PM,False,True,4,,10/21/2023 12:00:00 AM,233,False,,,True
2272713,9335-2023-01983,1,False,9335,10/6/2023 5:00:00 PM,1700,084,14,109,Oakland,1,True,True,C,REAR END,,Friday,NotApplicable,False,,,False,True,False,ALAMEDA SUPERIOR COURT ALAMEDA,C,OTHER MOTOR VEHICLE,,0,0,A,DAYLIGHT,37.822388,-122.321743,,,,,A,NO PEDESTRIANS INVOLVED,10/6/2023 5:00:00 PM,A,VC 22350,False,1,I-80 E/B,,,12/27/2023 3:03:20 PM,A,W,2400.0,SFOBB TOLL PLAZA,F,,D,12/27/2023 3:03:26 PM,12/27/2023 3:03:26 PM,False,True,4,,10/6/2023 5:10:00 PM,1710,False,,,True
2272684,9370-2023-04042,1,False,9370,12/19/2023 4:11:00 AM,411,054,14,109,Oakland,1,True,True,E,HIT OBJECT,,Tuesday,Yes,False,,,False,True,True,ALAMEDA SUPERIOR COURT WILEY W. MANUEL COURTHOUSE,J,OTHER OBJECT,CONCRETE MEDIAN BARRIER,0,0,D,DARK-NO STREET LIGHTS,37.821792,-122.258992,,,,,A,NO PEDESTRIANS INVOLVED,12/19/2023 4:11:00 AM,A,VC 22350,False,1,I-580 W/B,,,12/27/2023 2:50:09 PM,B,W,1470.0,HARRISON ST,F,,D,12/27/2023 2:50:10 PM,12/27/2023 2:50:10 PM,False,True,4,,12/19/2023 4:13:00 AM,413,False,,,True
2272624,9370-2023-04010,1,False,9370,12/18/2023 4:45:00 AM,445,055,14,109,Oakland,1,True,True,B,SIDE SWIPE,,Monday,NotApplicable,False,,,False,True,False,ALAMEDA SUPERIOR COURT WILEY W. MANUEL COURTHOUSE,I,FIXED OBJECT,CENTER DIVIDE,0,0,C,DARK-STREET LIGHTS,37.821942,-122.259059,,,,,A,NO PEDESTRIANS INVOLVED,12/18/2023 4:45:00 AM,A,VC 22350,False,1,I-580 W/B,,,12/27/2023 2:12:36 PM,B,E,200.0,SR-24 E/B TRANSITION,F,,D,12/27/2023 2:12:39 PM,12/27/2023 2:12:39 PM,False,True,4,,12/18/2023 4:50:00 AM,450,False,,,True
2272527,9370-2023-04014,1,False,9370,12/18/2023 4:27:00 AM,427,052,14,109,Oakland,1,True,True,B,SIDE SWIPE,,Monday,Yes,False,M,,False,True,False,ALAMEDA SUPERIOR COURT WILEY W. MANUEL COURTHOUSE,C,OTHER MOTOR VEHICLE,,1,0,D,DARK-NO STREET LIGHTS,37.740465,-122.144171,,,,,A,NO PEDESTRIANS INVOLVED,12/18/2023 4:27:00 AM,A,VC 23152(a),True,1,I-580 E/B,,,12/27/2023 12:48:20 PM,B,W,896.0,FOOTHILL BLVD,F,,D,12/27/2023 12:48:32 PM,12/27/2023 12:48:32 PM,False,True,4,,12/18/2023 4:29:00 AM,429,False,,,True
2272413,9370-2023-04088,1,False,9370,12/18/2023 4:15:00 AM,415,177,14,109,Oakland,1,True,True,E,HIT OBJECT,,Monday,NotApplicable,False,M,,False,True,False,ALAMEDA SUPERIOR COURT WILEY W. MANUEL COURTHOUSE,C,OTHER MOTOR VEHICLE,,0,0,D,DARK-NO STREET LIGHTS,37.790263,-122.259076,,,,,A,NO PEDESTRIANS INVOLVED,12/18/2023 4:15:00 AM,A,VC 21658(a),False,2,I-880 N/B,,,12/27/2023 11:31:23 AM,B,S,260.0,5TH STREET,F,,D,12/27/2023 11:31:29 AM,12/27/2023 11:31:29 AM,False,True,4,,12/18/2023 4:20:00 AM,420,False,,,True
2272393,9370-2023-03782,1,False,9370,11/29/2023 9:30:00 AM,930,008,14,109,Oakland,1,True,True,E,HIT OBJECT,,Wednesday,NotApplicable,False,,,False,True,False,ALAMEDA SUPERIOR COURT WILEY W. MANUEL COURTHOUSE,C,OTHER MOTOR VEHICLE,,0,0,A,DAYLIGHT,37.825098,-122.307029,,,,,A,NO PEDESTRIANS INVOLVED,11/29/2023 9:30:00 AM,A,VC 21658(a),False,1,I-80 W/B,,,12/27/2023 11:14:13 AM,A,W,1800.0,SFOBB TOLL PLAZA,F,,D,12/27/2023 11:14:19 AM,12/27/2023 11:14:19 AM,False,True,4,,11/29/2023 9:40:00 AM,940,False,,,True
2272147,9370-2023-04038,1,False,9370,12/18/2023 2:30:00 AM,230,177,14,109,Oakland,1,True,True,C,REAR END,,Monday,NotApplicable,False,M,,False,True,False,ALAMEDA SUPERIOR COURT WILEY W. MANUEL COURTHOUSE,C,OTHER MOTOR VEHICLE,,0,0,D,DARK-NO STREET LIGHTS,37.800198,-122.278445,,,,,A,NO PEDESTRIANS INVOLVED,12/18/2023 2:30:00 AM,A,VC 22350,False,1,I-880 N/B TO I-980 E/B,,,12/27/2023 9:22:10 AM,B,N,1200.0,BROADWAY,F,,D,12/27/2023 9:22:16 AM,12/27/2023 9:22:16 AM,False,True,4,,12/18/2023 2:50:00 AM,250,False,,,True
2272104,9370-2023-04011,1,False,9370,12/18/2023 1:15:00 AM,115,055,14,109,Oakland,1,True,True,E,HIT OBJECT,,Monday,NotApplicable,False,,,False,True,False,ALAMEDA SUPERIOR COURT WILEY W. MANUEL COURTHOUSE,I,FIXED OBJECT,CONCRETE BARRIER,0,0,D,DARK-NO STREET LIGHTS,37.822505,-122.260585,,,,,A,NO PEDESTRIANS INVOLVED,12/18/2023 1:15:00 AM,A,VC 22350,False,1,INTERSTATE 580 WESTBOUND,,,12/27/2023 8:59:09 AM,B,W,132.0,BROADWAY,F,,D,12/27/2023 8:59:12 AM,12/27/2023 8:59:12 AM,False,True,4,,12/18/2023 1:20:00 AM,120,False,,,True