collision-id,report-number,report-version,is-preliminary,ncic-code,crash-date-time,crash-time-description,beat,city-id,city-code,city-name,county-code,city-is-active,city-is-incorporated,collision-type-code,collision-type-description,collision-type-other-desc,day-of-week,dispatch-notified,has-photographs,hit-run,is-attachments-mailed,is-deleted,is-highway-related,is-tow-away,judicial-district,motor-vehicle-involved-with-code,motor-vehicle-involved-with-desc,motor-vehicle-involved-with-other-desc,number-injured,number-killed,lighting-code,lighting-description,latitude,longitude,milepost-direction,milepost-distance,milepost-marker,milepost-unit-of-measure,pedestrian-action-code,pedestrian-action-desc,prepared-date,primary-collision-factor-code,primary-collision-factor-description,primary-collision-factor-is-cited,primary-collision-party-number,primary-road,reporting-district,reporting-district-code,reviewed-date,roadway-surface-code,secondary-direction,secondary-distance,secondary-road,secondary-unit-of-measure,sketch-desc,traffic-control-device-code,created-date,modified-date,is-county-road,is-freeway,chp-555-version,is-additonal-object-struck,notification-date,notification-time-description,has-digital-media-files,evidence-number,is-location-refer-to-narrative,is-aoi-one-same-as-location
2298188,9370-2023-04191,1,False,9370,11/20/2023 4:30:00 AM,430,178,14,109,Oakland,1,True,True,C,REAR END,,Monday,NotApplicable,False,M,,False,True,False,ALAMEDA SUPERIOR COURT WILEY W. MANUEL COURTHOUSE,C,OTHER MOTOR VEHICLE,,0,0,D,DARK-NO STREET LIGHTS,37.807477,-122.303986,,,,,A,NO PEDESTRIANS INVOLVED,11/20/2023 4:30:00 AM,A,VC 22350,False,1,I-880 N/B TO 7TH STREET,,,1/26/2024 12:58:02 PM,A,,,7TH STREET,,,D,1/26/2024 12:58:04 PM,1/26/2024 12:58:04 PM,False,True,4,,11/22/2023 4:41:00 AM,441,False,,,True
2297859,9335-2023-01992,1,False,9335,10/7/2023 7:11:00 AM,711,084,14,109,Oakland,1,True,True,C,REAR END,,Saturday,Yes,False,F,,False,True,True,ALAMEDA SUPERIOR COURT ALAMEDA,C,OTHER MOTOR VEHICLE,,2,0,A,DAYLIGHT,37.819709,-122.343877,,,,,A,NO PEDESTRIANS INVOLVED,10/7/2023 7:11:00 AM,A,VC 23152(a),True,1,I-80 E/B,,,1/26/2024 8:19:50 AM,A,E,0.28,SAN FRANCISCO/ALAMEDA COUNTY LINE,M,,D,1/26/2024 8:19:56 AM,1/26/2024 8:19:56 AM,False,True,4,,10/7/2023 7:13:00 AM,713,True,E2023-0689,,True
2294407,9370-2023-04075,1,False,9370,12/22/2023 1:25:00 PM,1325,024,14,109,Oakland,1,True,True,B,SIDE SWIPE,,Friday,NotApplicable,False,M,,False,True,False,ALAMEDA SUPERIOR COURT WILEY W. MANUEL COURTHOUSE,C,OTHER MOTOR VEHICLE,,0,0,A,DAYLIGHT,37.860634,-122.209681,,,,,A,NO PEDESTRIANS INVOLVED,12/22/2023 1:25:00 PM,A,VC 21658(A),False,1,SR-24 E/B,,,1/23/2024 4:11:14 AM,A,W,1189.0,FISH RANCH RD,F,,D,1/23/2024 4:11:16 AM,1/23/2024 4:11:16 AM,False,True,4,,12/22/2023 1:30:00 PM,1330,False,,,True
2294066,9370-2023-04150,1,False,9370,12/22/2023 11:25:00 AM,1125,177,14,109,Oakland,1,True,True,B,SIDE SWIPE,,Friday,NotApplicable,False,M,,False,True,False,ALAMEDA SUPERIOR COURT WILEY W. MANUEL COURTHOUSE,C,OTHER MOTOR VEHICLE,,0,0,A,DAYLIGHT,37.787383,-122.248106,,,,,A,NO PEDESTRIANS INVOLVED,12/22/2023 11:25:00 AM,A,VC 21658(A),False,1,I-880 S/B,,,1/22/2024 4:46:38 PM,A,N,1139.0,16TH AVE,F,,D,1/22/2024 4:46:42 PM,1/22/2024 4:46:42 PM,False,True,4,,12/22/2023 11:32:00 AM,1132,False,,,
2293536,9370-2023-04127,1,False,9370,12/26/2023 6:31:00 PM,1831,024,14,109,Oakland,1,True,True,B,SIDE SWIPE,,Tuesday,NotApplicable,False,M,,False,True,False,ALAMEDA SUPERIOR COURT WILEY W. MANUEL COURTHOUSE,C,OTHER MOTOR VEHICLE,,0,0,D,DARK-NO STREET LIGHTS,37.848555,-122.226243,,,,,A,NO PEDESTRIANS INVOLVED,12/26/2023 6:31:00 PM,A,VC 21658(A),False,1,SR-24 E/B,,,1/22/2024 10:34:52 AM,A,W,2226.0,TUNNEL RD,F,,D,1/22/2024 10:34:54 AM,1/22/2024 10:34:54 AM,False,True,4,,12/26/2023 6:41:00 PM,1841,False,,,True
2292848,9370-2023-04144,1,False,9370,12/28/2023 11:30:00 AM,1130,176,14,109,Oakland,1,True,True,C,REAR END,,Thursday,NotApplicable,False,M,,False,True,False,ALAMEDA SUPERIOR COURT WILEY W. MANUEL COURTHOUSE,C,OTHER MOTOR VEHICLE,,0,0,A,DAYLIGHT,37.767091,-122.219319,,,,,A,NO PEDESTRIANS INVOLVED,12/28/2023 11:30:00 AM,A,VC 22350,False,2,I-880 N/B,,,1/21/2024 12:21:30 PM,A,S,500.0,HIGH ST,F,,D,1/21/2024 12:21:32 PM,1/21/2024 12:21:32 PM,False,True,4,,12/28/2023 11:35:00 AM,1135,False,,,True
2291925,9335-2023-02468,1,False,9370,12/9/2023 12:13:00 AM,13,008,14,109,Oakland,1,True,True,C,REAR END,,Saturday,Yes,False,M,,False,True,False,ALAMEDA SUPERIOR COURT WILEY W. MANUEL COURTHOUSE,C,OTHER MOTOR VEHICLE,,0,0,D,DARK-NO STREET LIGHTS,37.827626,-122.292527,,,,,A,NO PEDESTRIANS INVOLVED,12/9/2023 12:13:00 AM,A,VC 22350,False,1,I-80 W/B TO I-580 EASTBOUND,,,1/19/2024 1:05:18 PM,A,E,862.0,MANDELA PARKWAY,F,,D,1/19/2024 1:05:22 PM,1/19/2024 1:05:22 PM,False,True,4,,12/9/2023 12:14:00 AM,14,False,,,True
2290041,9370-2023-04187,1,False,9370,12/31/2023 12:30:00 AM,30,024,14,109,Oakland,1,True,True,B,SIDE SWIPE,,Sunday,NotApplicable,False,M,,False,True,False,ALAMEDA SUPERIOR COURT WILEY W. MANUEL COURTHOUSE,C,OTHER MOTOR VEHICLE,,0,0,C,DARK-STREET LIGHTS,37.848609,-122.235273,,,,,A,NO PEDESTRIANS INVOLVED,12/31/2023 12:30:00 AM,A,VC 21658(A),False,1,SR-24 E/B,,,1/18/2024 6:23:14 AM,A,W,325.0,SR-13 S/B,F,,D,1/18/2024 6:23:16 AM,1/18/2024 6:23:16 AM,False,True,4,,12/31/2023 1:00:00 AM,100,False,,,True
2288541,9370-2023-03998,1,False,9370,12/17/2023 1:45:00 AM,145,013,14,109,Oakland,1,True,True,A,HEAD-ON,,Sunday,Yes,False,,,False,True,True,ALAMEDA SUPERIOR COURT WILEY W. MANUEL COURTHOUSE,I,FIXED OBJECT,CMS SIGN,0,0,D,DARK-NO STREET LIGHTS,37.826061,-122.21106,,,,,A,NO PEDESTRIANS INVOLVED,12/17/2023 1:45:00 AM,A,VC 23152(a),True,1,SR 13 S/B,,,1/16/2024 9:14:35 PM,A,N,1970.0,PARK BLVD,F,,D,1/16/2024 9:14:37 PM,1/16/2024 9:14:37 PM,False,True,4,,12/17/2023 1:50:00 AM,150,False,,,True
2288019,9335-2023-02297,2,False,9335,11/15/2023 7:00:00 PM,1900,084,14,109,Oakland,1,True,True,B,SIDE SWIPE,,Wednesday,NotApplicable,False,,,False,True,False,ALAMEDA SUPERIOR COURT WILEY W. MANUEL COURTHOUSE,C,OTHER MOTOR VEHICLE,,0,0,C,DARK-STREET LIGHTS,37.822325,-122.322696,,,,,A,NO PEDESTRIANS INVOLVED,11/15/2023 7:00:00 PM,A,VC 21658(A),False,,I-80 E/B,,,1/16/2024 11:43:04 AM,A,W,3843.0,I-80 W/B TO WEST GRAND AVENUE O/C,F,,D,1/16/2024 11:44:07 AM,1/16/2024 11:44:48 AM,False,True,4,,11/15/2023 7:03:00 PM,1903,True,EMBEDDED,,True
2287527,9370-2023-04176,1,False,9370,12/30/2023 12:10:00 PM,1210,176,14,109,Oakland,1,True,True,B,SIDE SWIPE,,Saturday,NotApplicable,False,,,False,True,False,ALAMEDA SUPERIOR COURT WILEY W. MANUEL COURTHOUSE,C,OTHER MOTOR VEHICLE,,0,0,A,DAYLIGHT,37.774475,-122.231444,,,,,A,NO PEDESTRIANS INVOLVED,12/30/2023 12:10:00 PM,A,VC 21658(A),False,,I-880 N/B,,,1/16/2024 7:25:57 AM,A,S,400.0,29TH AVENUE,F,,D,1/16/2024 7:26:00 AM,1/16/2024 7:26:00 AM,False,True,4,,12/30/2023 12:15:00 PM,1215,False,,,True
2287500,9370-2023-04171,1,False,9370,12/29/2023 9:45:00 PM,2145,025,14,109,Oakland,1,True,True,C,REAR END,,Friday,NotApplicable,False,,,False,True,False,ALAMEDA SUPERIOR COURT WILEY W. MANUEL COURTHOUSE,C,OTHER MOTOR VEHICLE,,1,0,C,DARK-STREET LIGHTS,37.833858,-122.266464,,,,,A,NO PEDESTRIANS INVOLVED,12/29/2023 9:45:00 PM,A,VC 22350,False,1,SR-24 W/B,,,1/16/2024 6:51:57 AM,B,E,150.0,I-580 W/B,F,,D,1/16/2024 6:51:58 AM,1/16/2024 6:51:58 AM,False,True,4,,12/29/2023 9:50:00 PM,2150,False,,,True
2287468,9370-2023-03989,1,False,9370,12/15/2023 6:29:00 PM,1829,055,14,109,Oakland,1,True,True,B,SIDE SWIPE,,Friday,NotApplicable,False,,,False,True,True,ALAMEDA SUPERIOR COURT WILEY W. MANUEL COURTHOUSE,C,OTHER MOTOR VEHICLE,,0,0,D,DARK-NO STREET LIGHTS,37.826915,-122.279004,,,,,A,NO PEDESTRIANS INVOLVED,12/15/2023 6:29:00 PM,A,VC 23152(F),True,1,I-580 WB,,,1/16/2024 5:33:31 AM,A,E,210.0,ADELINE ST,F,,D,1/16/2024 5:33:35 AM,1/16/2024 5:33:35 AM,False,True,4,,12/15/2023 6:32:00 PM,1832,False,,,False
2287467,9370-2023-03997,2,False,9370,12/15/2023 6:28:00 PM,1828,055,14,109,Oakland,1,True,True,B,SIDE SWIPE,,Friday,NotApplicable,False,,,False,True,False,ALAMEDA SUPERIOR COURT WILEY W. MANUEL COURTHOUSE,C,OTHER MOTOR VEHICLE,,0,0,D,DARK-NO STREET LIGHTS,37.827009,-122.2857,,,,,A,NO PEDESTRIANS INVOLVED,12/15/2023 6:28:00 PM,A,VC 23152(F),False,1,I-580 W/B,,,4/10/2024 11:31:27 AM,A,E,350.0,HOLLIS ST,F,,D,1/16/2024 5:28:23 AM,4/10/2024 11:31:29 AM,False,True,4,,12/15/2023 6:32:00 PM,1832,False,,,True
2287465,9370-2023-03995,1,False,9370,12/15/2023 6:27:00 PM,1827,055,14,109,Oakland,1,True,True,E,HIT OBJECT,,Friday,Yes,False,,,False,True,True,ALAMEDA SUPERIOR COURT WILEY W. MANUEL COURTHOUSE,I,FIXED OBJECT,CONCRETE BARRIER,0,0,D,DARK-NO STREET LIGHTS,37.8272,-122.284829,,,,,A,NO PEDESTRIANS INVOLVED,12/15/2023 6:27:00 PM,A,VC 23152(F),True,1,I-580 W/B,,,1/16/2024 5:19:34 AM,A,W,300.0,HOLLIS ST,F,,D,1/16/2024 5:19:37 AM,1/16/2024 5:19:37 AM,False,True,4,,12/15/2023 6:32:00 PM,1832,False,,,True
2286747,9335-2023-00690,1,False,9335,4/6/2023 2:01:00 AM,201,084,14,109,Oakland,1,True,True,C,REAR END,,Thursday,Yes,False,,,False,True,True,ALAMEDA SUPERIOR COURT WILEY W. MANUEL COURTHOUSE,C,OTHER MOTOR VEHICLE,,1,1,C,DARK-STREET LIGHTS,37.822431,-122.321858,,,,,A,NO PEDESTRIANS INVOLVED,4/6/2023 2:01:00 AM,A,VC 23152(F),False,1,I-80 EASTBOUND,,,1/14/2024 8:57:38 AM,A,W,2415.0,SAN FRANCISCO / OAKLAND BAY BRIDGE TOLL PLAZA,F,,A,1/14/2024 8:57:42 AM,1/14/2024 8:57:42 AM,False,True,4,,4/6/2023 2:02:00 AM,202,True,AREA PHOTO FILE,False,True
2286738,9370-2023-04179,2,False,9370,12/30/2023 8:37:00 PM,2037,901,14,109,Oakland,1,True,True,D,BROADSIDE,,Saturday,NotApplicable,False,,,False,True,True,ALAMEDA SUPERIOR COURT WILEY W. MANUEL COURTHOUSE,C,OTHER MOTOR VEHICLE,,0,0,C,DARK-STREET LIGHTS,37.826264,-122.275102,,,,,A,NO PEDESTRIANS INVOLVED,12/30/2023 8:37:00 PM,A,VC 21453(A),False,1,MARKET STREET,,,2/2/2024 5:15:49 AM,A,,,SR-24 WESTBOUND TO MARKET SREET,,,A,1/14/2024 6:19:34 AM,2/2/2024 5:15:52 AM,False,True,4,,12/30/2023 8:38:00 PM,2038,True,AREA PHOTO FILE,,True
2285424,9370-2023-03996,1,False,9370,12/17/2023 2:47:00 AM,247,080,14,109,Oakland,1,True,True,E,HIT OBJECT,,Sunday,Yes,False,,,False,True,True,ALAMEDA SUPERIOR COURT WILEY W. MANUEL COURTHOUSE,I,FIXED OBJECT,YELLOW ATTENUATOR BARRELS,1,0,D,DARK-NO STREET LIGHTS,37.831424,-122.294027,,,,,A,NO PEDESTRIANS INVOLVED,12/17/2023 2:47:00 AM,A,VC 23152(g),True,1,I-80 W/B,,,1/11/2024 6:59:48 PM,A,W,2497.0,POWELL ST,F,,D,1/11/2024 6:59:50 PM,1/11/2024 6:59:50 PM,False,True,4,True,12/17/2023 2:53:00 AM,253,True,EMBEDDED,,False
2285317,9345-2023-04717,1,False,9345,12/31/2023 1:17:00 AM,117,904,14,109,Oakland,1,True,True,B,SIDE SWIPE,,Sunday,Yes,False,,,False,True,True,ALAMEDA SUPERIOR COURT WILEY W. MANUEL COURTHOUSE,I,FIXED OBJECT,CONCRETE BARRIER,1,0,C,DARK-STREET LIGHTS,37.79003,-122.2584,,,,,A,NO PEDESTRIANS INVOLVED,12/31/2023 1:17:00 AM,A,VC 22350,False,1,I-880 N/B TO EMBARCADERO,,,1/11/2024 3:07:14 PM,A,E,100.0,EMBARCADERO,F,,D,1/11/2024 3:07:18 PM,1/11/2024 3:07:18 PM,False,True,4,,12/31/2023 1:17:00 AM,117,False,,,True
2285233,9370-2023-04158,1,False,9370,12/28/2023 10:00:00 PM,2200,176,14,109,Oakland,1,True,True,E,HIT OBJECT,,Thursday,Yes,False,,,False,True,False,ALAMEDA SUPERIOR COURT WILEY W. MANUEL COURTHOUSE,I,FIXED OBJECT,ROAD SIGN,0,0,C,DARK-STREET LIGHTS,37.7314,-122.187131,,,,,A,NO PEDESTRIANS INVOLVED,12/28/2023 10:00:00 PM,A,VC 23152(a),False,1,I-880 N/B,,,1/11/2024 1:52:28 PM,A,S,675.0,98TH AVENUE OFF RAMP,F,,D,1/11/2024 1:52:32 PM,1/11/2024 1:52:32 PM,False,True,4,,12/28/2023 10:05:00 PM,2205,False,,,True
2285215,9370-2023-04146,1,False,9370,12/28/2023 1:55:00 PM,1355,177,14,109,Oakland,1,True,True,B,SIDE SWIPE,,Thursday,NotApplicable,False,,,False,True,True,ALAMEDA SUPERIOR COURT WILEY W. MANUEL COURTHOUSE,C,OTHER MOTOR VEHICLE,,0,0,A,DAYLIGHT,37.788948,-122.252602,,,,,A,NO PEDESTRIANS INVOLVED,12/28/2023 1:55:00 PM,A,VC 21658(A),False,1,I-880 N/B,,,1/11/2024 1:40:03 PM,A,S,600.0,5TH AVE,F,,D,1/11/2024 1:40:04 PM,1/11/2024 1:40:04 PM,False,True,4,,12/28/2023 1:56:00 PM,1356,False,,,True
2285209,9370-2023-04193,1,False,9370,12/25/2023 6:50:00 PM,1850,013,14,109,Oakland,1,True,True,B,SIDE SWIPE,,Monday,Yes,False,,,False,True,True,ALAMEDA SUPERIOR COURT WILEY W. MANUEL COURTHOUSE,C,OTHER MOTOR VEHICLE,,0,0,D,DARK-NO STREET LIGHTS,37.837506,-122.220811,,,,,A,NO PEDESTRIANS INVOLVED,12/25/2023 6:50:00 PM,A,VC 23152(a),True,1,SR-13 N/B,,,1/11/2024 1:36:18 PM,A,S,400.0,BROADWAY TER,F,,D,1/11/2024 1:36:22 PM,1/11/2024 1:36:22 PM,False,True,4,,12/26/2023 7:02:00 PM,1902,False,,,True
2283235,9370-2023-04130,1,False,9370,12/26/2023 5:32:00 PM,1732,052,14,109,Oakland,1,True,True,C,REAR END,,Tuesday,NotApplicable,False,,,False,True,False,ALAMEDA SUPERIOR COURT WILEY W. MANUEL COURTHOUSE,C,OTHER MOTOR VEHICLE,,0,0,C,DARK-STREET LIGHTS,37.777966,-122.167805,,,,,A,NO PEDESTRIANS INVOLVED,12/26/2023 5:32:00 PM,A,VC 22350,False,1,I-580 E/B,,,1/9/2024 5:17:34 PM,A,W,1173.0,EDWARDS AVE,F,,D,1/9/2024 5:17:35 PM,1/9/2024 5:17:35 PM,False,True,4,,12/26/2023 6:03:00 PM,1803,False,,,True
2283044,9370-2023-04132,1,False,9370,12/26/2023 9:35:00 PM,2135,176,14,109,Oakland,1,True,True,E,HIT OBJECT,,Tuesday,Yes,False,M,,False,True,True,ALAMEDA SUPERIOR COURT WILEY W. MANUEL COURTHOUSE,I,FIXED OBJECT,MEDIAN CONCRETE BARRIER,1,0,D,DARK-NO STREET LIGHTS,37.75146,-122.205851,,,,,A,NO PEDESTRIANS INVOLVED,12/26/2023 9:35:00 PM,A,VC 22107,False,1,INTERSTATE 880 NORTHBOUND,,,1/9/2024 1:16:47 PM,A,S,950.0,66TH AVE,F,,D,1/9/2024 1:16:49 PM,1/9/2024 1:16:49 PM,False,True,4,False,12/26/2023 9:40:00 PM,2140,False,,,True
2282751,9335-2023-02509,1,False,9335,12/12/2023 6:15:00 AM,615,082,14,109,Oakland,1,True,True,B,SIDE SWIPE,,Tuesday,NotApplicable,False,M,,False,True,False,ALAMEDA SUPERIOR COURT ALAMEDA,C,OTHER MOTOR VEHICLE,,0,0,A,DAYLIGHT,37.823272,-122.320132,,,,,A,NO PEDESTRIANS INVOLVED,12/12/2023 6:15:00 AM,A,VC 21658(A),False,1,I-80 WB,,,1/9/2024 9:54:29 AM,A,W,850.0,METERING LIGHTS,F,,A,1/9/2024 9:54:38 AM,1/9/2024 9:54:38 AM,False,True,4,,12/12/2023 6:30:00 AM,630,False,,,True
2282724,9370-2023-04145,1,False,9370,12/27/2023 10:00:00 PM,2200,008,14,109,Oakland,1,True,True,C,REAR END,,Wednesday,NotApplicable,False,M,,False,True,True,ALAMEDA SUPERIOR COURT WILEY W. MANUEL COURTHOUSE,C,OTHER MOTOR VEHICLE,,0,0,A,DAYLIGHT,37.827365,-122.296914,,,,,A,NO PEDESTRIANS INVOLVED,12/27/2023 10:00:00 PM,A,VC 22350,False,1,I-80 W/B,,,1/9/2024 9:32:24 AM,B,E,3700.0,POWELL STREET,F,,D,1/9/2024 9:32:26 AM,1/9/2024 9:32:26 AM,False,True,4,,12/27/2023 10:10:00 PM,2210,False,,,True
2282691,9335-2023-02652,1,False,9335,12/29/2023 5:25:00 PM,1725,088,14,109,Oakland,1,True,True,B,SIDE SWIPE,,Friday,NotApplicable,False,M,,False,True,False,ALAMEDA SUPERIOR COURT ALAMEDA,C,OTHER MOTOR VEHICLE,,0,0,A,DAYLIGHT,37.825227,-122.313931,,,,,A,NO PEDESTRIANS INVOLVED,12/29/2023 5:25:00 PM,A,VC 21658(A),False,1,I-80 WESTBOUND,,,1/9/2024 9:03:33 AM,B,E,980.0,SFOBB METERING LIGHTS,F,,D,1/9/2024 9:03:44 AM,1/9/2024 9:03:44 AM,False,True,4,,12/29/2023 5:40:00 PM,1740,False,,,True
2282228,9370-2023-04025,1,False,9370,12/18/2023 4:47:00 PM,1647,013,14,109,Oakland,1,True,True,C,REAR END,,Monday,NotApplicable,False,M,,False,True,False,ALAMEDA SUPERIOR COURT WILEY W. MANUEL COURTHOUSE,C,OTHER MOTOR VEHICLE,,0,0,D,DARK-NO STREET LIGHTS,37.787447,-122.180891,,,,,A,NO PEDESTRIANS INVOLVED,12/18/2023 4:47:00 PM,A,VC 22350,False,1,SR-13 S/B,,,1/8/2024 6:12:46 PM,B,N,1244.0,CALAVERAS AVE,F,,D,1/8/2024 6:12:50 PM,1/8/2024 6:12:50 PM,False,True,4,,12/18/2023 4:47:00 PM,1647,False,,,True
2281867,9370-2023-04190,1,False,9370,11/17/2023 5:25:00 PM,1725,052,14,109,Oakland,1,True,True,C,REAR END,,Friday,NotApplicable,False,M,,False,True,False,ALAMEDA SUPERIOR COURT WILEY W. MANUEL COURTHOUSE,C,OTHER MOTOR VEHICLE,,0,0,A,DAYLIGHT,37.782455,-122.176254,,,,,A,NO PEDESTRIANS INVOLVED,11/17/2023 5:25:00 PM,A,VC 22350,False,1,I-580 E/B,,,1/8/2024 12:42:54 PM,A,W,100.0,SEMINARY AVE,F,,D,1/8/2024 12:42:56 PM,1/8/2024 12:42:56 PM,False,True,4,,11/17/2023 5:26:00 PM,1726,False,,,True
2281856,9370-2023-03966,1,False,9370,12/14/2023 10:25:00 PM,2225,008,14,109,Oakland,1,True,True,B,SIDE SWIPE,,Thursday,NotApplicable,False,,,False,True,True,ALAMEDA SUPERIOR COURT WILEY W. MANUEL COURTHOUSE,C,OTHER MOTOR VEHICLE,,0,0,C,DARK-STREET LIGHTS,37.833434,-122.294757,,,,,A,NO PEDESTRIANS INVOLVED,12/14/2023 10:25:00 PM,A,VC 21658(A),False,1,INTERSTATE 80,,,1/8/2024 12:36:40 PM,A,W,500.0,POWELL ST,F,,D,1/8/2024 12:36:42 PM,1/8/2024 12:36:42 PM,False,True,4,,12/14/2023 10:30:00 PM,2230,False,,,True
2281813,9370-2023-04120,1,False,9370,12/25/2023 7:05:00 PM,1905,013,14,109,Oakland,1,True,True,C,REAR END,,Monday,NotApplicable,False,,,False,True,True,ALAMEDA SUPERIOR COURT WILEY W. MANUEL COURTHOUSE,C,OTHER MOTOR VEHICLE,,0,0,D,DARK-NO STREET LIGHTS,37.838112,-122.221618,,,,,A,NO PEDESTRIANS INVOLVED,12/25/2023 7:05:00 PM,C,,,,SR-13 N/B,,,1/8/2024 12:08:00 PM,A,S,1580.0,BROADWAY TER,F,,D,1/8/2024 12:08:03 PM,1/8/2024 12:08:03 PM,False,True,4,,12/25/2023 7:06:00 PM,1906,False,,,True
2281780,9370-2023-04186,1,False,9370,12/29/2023 3:20:00 PM,1520,176,14,109,Oakland,1,True,True,B,SIDE SWIPE,,Friday,NotApplicable,False,M,,False,True,False,ALAMEDA SUPERIOR COURT WILEY W. MANUEL COURTHOUSE,C,OTHER MOTOR VEHICLE,,0,0,A,DAYLIGHT,37.772588,-122.226296,,,,,A,NO PEDESTRIANS INVOLVED,12/29/2023 3:20:00 PM,A,VC 21658(A),False,1,I-880 S/B,,,1/8/2024 11:46:22 AM,B,N,2305.0,HIGH ST,F,,D,1/8/2024 11:46:23 AM,1/8/2024 11:46:23 AM,False,True,4,,12/29/2023 3:31:00 PM,1531,False,,,True
2281356,9370-2023-03485,1,False,9370,11/7/2023 5:40:00 AM,540,025,14,109,Oakland,1,True,True,C,REAR END,,Tuesday,NotApplicable,False,,,False,True,False,ALAMEDA SUPERIOR COURT WILEY W. MANUEL COURTHOUSE,C,OTHER MOTOR VEHICLE,,2,0,B,DUSK-DAWN,37.832149,-122.266884,,,,,A,NO PEDESTRIANS INVOLVED,11/7/2023 5:40:00 AM,A,VC 22350,False,1,SR-24 W/B TO I-580,,,1/8/2024 6:55:50 AM,A,E,290.0,42ND ST,F,,D,1/8/2024 6:55:52 AM,1/8/2024 6:55:52 AM,False,True,4,False,11/7/2023 5:45:00 AM,545,False,,False,True
2281319,9370-2023-04093,1,False,9370,12/22/2023 7:34:00 PM,1934,025,14,109,Oakland,1,True,True,C,REAR END,,Friday,NotApplicable,False,,,False,True,True,ALAMEDA SUPERIOR COURT WILEY W. MANUEL COURTHOUSE,C,OTHER MOTOR VEHICLE,,1,0,C,DARK-STREET LIGHTS,37.83019,-122.26731,,,,,A,NO PEDESTRIANS INVOLVED,12/22/2023 7:34:00 PM,A,VC 22350,False,1,SR-24 W/B,,,1/8/2024 6:11:58 AM,A,E,1150.0,WEST MACARTHUR BLVD,F,,D,1/8/2024 6:12:00 AM,1/8/2024 6:12:00 AM,False,False,4,,12/22/2023 7:44:00 PM,1944,False,,,True
2281310,9370-2023-04090,1,False,9370,12/23/2023 1:15:00 AM,115,053,14,109,Oakland,1,True,True,E,HIT OBJECT,,Saturday,NotApplicable,False,M,,False,True,True,ALAMEDA SUPERIOR COURT WILEY W. MANUEL COURTHOUSE,I,FIXED OBJECT,METAL GUARDRAIL,0,0,C,DARK-STREET LIGHTS,37.795314,-122.208605,,,,,A,NO PEDESTRIANS INVOLVED,12/23/2023 1:15:00 AM,A,VC 22107,False,1,I-580 E/B FROM COOLIDGE AVE,,,1/8/2024 5:45:58 AM,A,E,795.0,COOLIDGE AVE,F,,D,1/8/2024 5:46:00 AM,1/8/2024 5:46:00 AM,False,True,4,,12/23/2023 1:18:00 AM,118,False,,,True
2281305,9370-2023-04110,1,False,9370,12/24/2023 5:25:00 PM,1725,054,14,109,Oakland,1,True,True,B,SIDE SWIPE,,Sunday,Yes,False,F,,False,True,True,ALAMEDA SUPERIOR COURT WILEY W. MANUEL COURTHOUSE,C,OTHER MOTOR VEHICLE,,1,0,D,DARK-NO STREET LIGHTS,37.808176,-122.241114,,,,,A,NO PEDESTRIANS INVOLVED,12/24/2023 5:25:00 PM,A,VC 21658(A),False,1,I-580 W/B,,,1/8/2024 5:06:01 AM,A,E,228.0,LAKESHORE AVE,F,,D,1/8/2024 5:06:04 AM,1/8/2024 5:06:04 AM,False,True,4,,12/24/2023 5:27:00 PM,1727,False,,,True
2281298,9370-2023-04154,1,False,9370,12/28/2023 8:57:00 PM,2057,052,14,109,Oakland,1,True,True,B,SIDE SWIPE,,Thursday,NotApplicable,False,M,,False,True,True,ALAMEDA SUPERIOR COURT WILEY W. MANUEL COURTHOUSE,C,OTHER MOTOR VEHICLE,,0,0,C,DARK-STREET LIGHTS,37.773558,-122.158783,,,,,A,NO PEDESTRIANS INVOLVED,12/28/2023 8:57:00 PM,A,VC 21658(a),False,1,I-580 E/B,,,1/8/2024 4:32:14 AM,A,W,860.0,KELLER AVE,F,,D,1/8/2024 4:32:17 AM,1/8/2024 4:32:17 AM,False,True,4,True,12/28/2023 8:59:00 PM,2059,False,,,True