collision-id,report-number,report-version,is-preliminary,ncic-code,crash-date-time,crash-time-description,beat,city-id,city-code,city-name,county-code,city-is-active,city-is-incorporated,collision-type-code,collision-type-description,collision-type-other-desc,day-of-week,dispatch-notified,has-photographs,hit-run,is-attachments-mailed,is-deleted,is-highway-related,is-tow-away,judicial-district,motor-vehicle-involved-with-code,motor-vehicle-involved-with-desc,motor-vehicle-involved-with-other-desc,number-injured,number-killed,lighting-code,lighting-description,latitude,longitude,milepost-direction,milepost-distance,milepost-marker,milepost-unit-of-measure,pedestrian-action-code,pedestrian-action-desc,prepared-date,primary-collision-factor-code,primary-collision-factor-description,primary-collision-factor-is-cited,primary-collision-party-number,primary-road,reporting-district,reporting-district-code,reviewed-date,roadway-surface-code,secondary-direction,secondary-distance,secondary-road,secondary-unit-of-measure,sketch-desc,traffic-control-device-code,created-date,modified-date,is-county-road,is-freeway,chp-555-version,is-additonal-object-struck,notification-date,notification-time-description,has-digital-media-files,evidence-number,is-location-refer-to-narrative,is-aoi-one-same-as-location
2482967,23-033275,2,False,0109,7/1/2023 2:03:00 PM,1403,06X,14,109,Oakland,1,True,True,D,BROADSIDE,,Saturday,,,M,,False,False,False,,C,OTHER MOTOR VEHICLE,,1,0,A,DAYLIGHT,,,,,,,A,NO PEDESTRIANS INVOLVED,,A,22350,,1,APGAR ST,1,,,A,,,WEST ST,,,D,7/22/2024 5:01:17 PM,1/28/2025 1:23:05 PM,,,2,,,,,,,
2482956,23-013812,2,False,0109,3/20/2023 5:34:00 PM,1734,17X,14,109,Oakland,1,True,True,D,BROADSIDE,,Monday,,,,,False,True,False,,C,OTHER MOTOR VEHICLE,,0,0,A,DAYLIGHT,,,,,,,A,NO PEDESTRIANS INVOLVED,,A,21453,,1,BEAUMONT AV,1,,,A,,,RT 580,,,A,7/22/2024 5:01:16 PM,1/28/2025 1:23:04 PM,,,2,,,,,,,
2482941,23-030659,2,False,0109,6/17/2023 9:18:00 PM,2118,27X,14,109,Oakland,1,True,True,D,BROADSIDE,,Saturday,,,,,False,False,False,,C,OTHER MOTOR VEHICLE,,2,0,C,DARK-STREET LIGHTS,,,,,,,A,NO PEDESTRIANS INVOLVED,,A,21461A,,1,INTERNATIONAL BL,2,,,A,,,50TH AV,,,A,7/22/2024 5:01:15 PM,1/28/2025 1:23:04 PM,,,2,,,,,,,
2482934,23-032263,2,False,0109,6/25/2023 7:10:00 PM,1910,27X,14,109,Oakland,1,True,True,D,BROADSIDE,,Sunday,,,,,False,False,False,,C,OTHER MOTOR VEHICLE,,1,0,A,DAYLIGHT,,,,,,,A,NO PEDESTRIANS INVOLVED,,A,21802A,,1,BANCROFT AV,2,,,A,,,50TH AV,,,D,7/22/2024 5:01:14 PM,1/28/2025 1:23:03 PM,,,2,,,,,,,
2482933,23-030624,2,False,0109,6/17/2023 5:14:00 PM,1714,05X,14,109,Oakland,1,True,True,D,BROADSIDE,,Saturday,,,,,False,False,False,,C,OTHER MOTOR VEHICLE,,3,0,A,DAYLIGHT,,,,,,,A,NO PEDESTRIANS INVOLVED,,A,21802A,,1,MANDELA PKWY,1,,,A,,,16TH ST,,,A,7/22/2024 5:01:14 PM,1/28/2025 1:23:03 PM,,,2,,,,,,,
2482930,23-030392,2,False,0109,6/16/2023 12:58:00 PM,1258,33X,14,109,Oakland,1,True,True,D,BROADSIDE,,Friday,,,,,False,False,False,,C,OTHER MOTOR VEHICLE,,4,0,A,DAYLIGHT,,,,,,,A,NO PEDESTRIANS INVOLVED,,A,21453A,,,SAN LEANDRO ST,2,,,A,,,85TH AV,,,A,7/22/2024 5:01:13 PM,1/28/2025 1:23:03 PM,,,2,,,,,,,
2482929,23-030445,2,False,0109,6/16/2023 8:26:00 PM,2026,03Y,14,109,Oakland,1,True,True,D,BROADSIDE,,Friday,,,,,False,False,True,,C,OTHER MOTOR VEHICLE,,2,0,B,DUSK-DAWN,,,,,,,A,NO PEDESTRIANS INVOLVED,,A,21453A,,1,12TH ST,1,,,A,,,CLAY ST,,,A,7/22/2024 5:01:13 PM,1/28/2025 1:23:03 PM,,,2,,,,,,,
2482924,23-044075,2,False,0109,8/23/2023 8:21:00 PM,2021,33X,14,109,Oakland,1,True,True,B,SIDE SWIPE,,Wednesday,,,,,False,False,False,,C,OTHER MOTOR VEHICLE,,1,0,C,DARK-STREET LIGHTS,,,,,,,A,NO PEDESTRIANS INVOLVED,,A,22107,,1,D ST,2,,,A,W,85.0,90TH AV,F,,D,7/22/2024 5:01:13 PM,1/28/2025 1:23:03 PM,,,2,,,,,,,
2482923,23-041628,2,False,0109,8/11/2023 10:51:00 PM,2251,07X,14,109,Oakland,1,True,True,E,HIT OBJECT,,Friday,,,,,False,False,False,,I,FIXED OBJECT,,1,0,C,DARK-STREET LIGHTS,,,,,,,A,NO PEDESTRIANS INVOLVED,,A,21658A,,1,33RD ST,1,,,A,,,SAN PABLO AV,,,D,7/22/2024 5:01:13 PM,1/28/2025 1:23:03 PM,,,2,,,,,,,
2482922,23-041822,2,False,0109,8/13/2023 11:39:00 PM,2339,21X,14,109,Oakland,1,True,True,A,HEAD-ON,,Sunday,,,M,,False,False,False,,C,OTHER MOTOR VEHICLE,,1,0,C,DARK-STREET LIGHTS,,,,,,,A,NO PEDESTRIANS INVOLVED,,A,22107,,1,COOLIDGE AV,2,,,A,N,60.0,SCHOOL ST,F,,A,7/22/2024 5:01:13 PM,1/28/2025 1:23:03 PM,,,2,,,,,,,
2482866,23-029265,2,False,0109,6/11/2023 11:22:00 PM,2322,17Y,14,109,Oakland,1,True,True,B,SIDE SWIPE,,Sunday,,,,,False,False,False,,E,PARKED MOTOR VEHICLE,,0,0,C,DARK-STREET LIGHTS,,,,,,,A,NO PEDESTRIANS INVOLVED,,A,22107,,1,E 28TH ST,1,,,A,W,100.0,9TH AV,F,,D,7/22/2024 5:01:07 PM,1/28/2025 1:23:00 PM,,,2,,,,,,,
2482865,23-029295,2,False,0109,6/11/2023 3:45:00 AM,345,06X,14,109,Oakland,1,True,True,H,OTHER,,Sunday,,,M,,False,False,False,,C,OTHER MOTOR VEHICLE,,0,0,B,DUSK-DAWN,,,,,,,A,NO PEDESTRIANS INVOLVED,,D,,,,W MACARTHUR BL,1,,,A,,,MARTIN LUTHER KING JR WY,,,A,7/22/2024 5:01:07 PM,1/28/2025 1:23:00 PM,,,2,,,,,,,
2482864,23-030027,2,False,0109,6/14/2023 3:11:00 PM,1511,03X,14,109,Oakland,1,True,True,D,BROADSIDE,,Wednesday,,,,,False,False,True,,I,FIXED OBJECT,,0,0,A,DAYLIGHT,,,,,,,A,NO PEDESTRIANS INVOLVED,,A,22107,,1,13TH ST,1,,,A,,,WEBSTER ST,,,A,7/22/2024 5:01:07 PM,1/28/2025 1:23:00 PM,,,2,,,,,,,
2482863,23-030186,2,False,0109,6/15/2023 1:25:00 PM,1325,23X,14,109,Oakland,1,True,True,C,REAR END,,Thursday,,,,,False,False,False,,C,OTHER MOTOR VEHICLE,,0,0,A,DAYLIGHT,,,,,,,A,NO PEDESTRIANS INVOLVED,,A,22350,,1,ALAMEDA AV,2,,,A,W,100.0,HIGH ST,F,,D,7/22/2024 5:01:06 PM,1/28/2025 1:23:00 PM,,,2,,,,,,,
2482862,23-031889,2,False,0109,6/23/2023 7:10:00 PM,1910,,14,109,Oakland,1,True,True,D,BROADSIDE,,Friday,,,M,,False,False,False,,C,OTHER MOTOR VEHICLE,,0,0,B,DUSK-DAWN,,,,,,,A,NO PEDESTRIANS INVOLVED,,A,21802A,,1,E 19TH ST,2,,,A,,,24TH AV,,,D,7/22/2024 5:01:06 PM,1/28/2025 1:23:00 PM,,,2,,,,,,,
2482861,23-030709,2,False,0109,6/18/2023 3:05:00 AM,305,22X,14,109,Oakland,1,True,True,A,HEAD-ON,,Sunday,,,,,False,False,True,,I,FIXED OBJECT,,0,0,A,DAYLIGHT,,,,,,,A,NO PEDESTRIANS INVOLVED,,A,22107,,1,JOAQUIN MILLER RD,2,,,A,N,210.0,CRANE WY,F,,D,7/22/2024 5:01:06 PM,1/28/2025 1:23:00 PM,,,2,,,,,,,
2482860,23-030531,2,False,0109,6/17/2023 3:46:00 AM,346,01X,14,109,Oakland,1,True,True,A,HEAD-ON,,Saturday,,,M,,False,False,False,,I,FIXED OBJECT,,0,0,C,DARK-STREET LIGHTS,,,,,,,A,NO PEDESTRIANS INVOLVED,,A,22107,,1,BROADWAY,1,,,A,S,75.0,11TH ST,F,,A,7/22/2024 5:01:06 PM,1/28/2025 1:23:00 PM,,,2,,,,,,,
2482859,23-030275,2,False,0109,6/15/2023 10:01:00 PM,2201,34X,14,109,Oakland,1,True,True,D,BROADSIDE,,Thursday,,,,,False,False,False,,C,OTHER MOTOR VEHICLE,,0,0,C,DARK-STREET LIGHTS,,,,,,,A,NO PEDESTRIANS INVOLVED,,A,21453A,,,81ST AV,2,,,A,,,INTERNATIONAL BL,,,A,7/22/2024 5:01:06 PM,1/28/2025 1:23:00 PM,,,2,,,,,,,
2482858,23-029770,2,False,0109,6/13/2023 10:57:00 AM,1057,17X,14,109,Oakland,1,True,True,D,BROADSIDE,,Tuesday,,,,,False,False,True,,C,OTHER MOTOR VEHICLE,,0,0,A,DAYLIGHT,,,,,,,A,NO PEDESTRIANS INVOLVED,,A,21453A,,,E 18TH ST,1,,,A,,,5TH AV,,,A,7/22/2024 5:01:06 PM,1/28/2025 1:23:00 PM,,,2,,,,,,,
2482857,23-029866,2,False,0109,6/13/2023 5:34:00 PM,1734,35X,14,109,Oakland,1,True,True,D,BROADSIDE,,Tuesday,,,M,,False,False,True,,C,OTHER MOTOR VEHICLE,,0,0,A,DAYLIGHT,,,,,,,A,NO PEDESTRIANS INVOLVED,,A,22107,,1,GOLF LINKS RD,2,,,A,W,100.0,CASTLEWOOD ST,F,,C,7/22/2024 5:01:06 PM,1/28/2025 1:23:00 PM,,,2,,,,,,,
2482856,23033644,2,False,0109,6/12/2023 3:26:00 PM,1526,08X,14,109,Oakland,1,True,True,B,SIDE SWIPE,,Monday,,,,,False,False,False,,C,OTHER MOTOR VEHICLE,,0,0,A,DAYLIGHT,,,,,,,A,NO PEDESTRIANS INVOLVED,,A,21658A,,1,HARRISON ST,1,,,A,,,W GRAND AV,,,A,7/22/2024 5:01:06 PM,1/28/2025 1:23:00 PM,,,2,,,,,,,
2482855,23-029327,2,False,0109,6/11/2023 9:51:00 AM,951,30X,14,109,Oakland,1,True,True,C,REAR END,,Sunday,,,M,,False,False,False,,E,PARKED MOTOR VEHICLE,,0,0,A,DAYLIGHT,,,,,,,A,NO PEDESTRIANS INVOLVED,,A,22107,,1,ARTHUR ST,2,,,A,E,20.0,HAVENSCOURT BL,F,,B,7/22/2024 5:01:06 PM,1/28/2025 1:22:59 PM,,,2,,,,,,,
2482854,23-029289,2,False,0109,6/11/2023 3:15:00 AM,315,27X,14,109,Oakland,1,True,True,D,BROADSIDE,,Sunday,,,M,,False,False,False,,C,OTHER MOTOR VEHICLE,,0,0,C,DARK-STREET LIGHTS,,,,,,,A,NO PEDESTRIANS INVOLVED,,A,22450,,1,BANCROFT AV,2,,,A,,,45TH AV,,,D,7/22/2024 5:01:06 PM,1/28/2025 1:22:59 PM,,,2,,,,,,,
2482853,23-033118,2,False,0109,6/29/2023 6:10:00 PM,1810,07X,14,109,Oakland,1,True,True,H,OTHER,,Thursday,,,M,,False,False,True,,J,OTHER OBJECT,,0,0,A,DAYLIGHT,,,,,,,A,NO PEDESTRIANS INVOLVED,,A,22107,,1,12TH ST,1,,,A,,,ADELINE ST,,,A,7/22/2024 5:01:06 PM,1/28/2025 1:22:59 PM,,,2,,,,,,,
2482852,23-029391,2,False,0109,6/11/2023 2:24:00 PM,1424,26X,14,109,Oakland,1,True,True,B,SIDE SWIPE,,Sunday,,,,,False,False,False,,C,OTHER MOTOR VEHICLE,,0,0,A,DAYLIGHT,,,,,,,A,NO PEDESTRIANS INVOLVED,,A,21651B,,1,SAN LEANDRO ST,2,,,A,W,20.0,75TH AV,F,,A,7/22/2024 5:01:06 PM,1/28/2025 1:22:59 PM,,,2,,,,,,,
2482820,23-039358,2,False,0109,7/30/2023 11:52:00 AM,1152,21X,14,109,Oakland,1,True,True,B,SIDE SWIPE,,Sunday,,,M,,False,False,False,,E,PARKED MOTOR VEHICLE,,0,0,A,DAYLIGHT,,,,,,,A,NO PEDESTRIANS INVOLVED,,A,22107,,1,FRUITVALE AV,2,,,A,S,80.0,HYDE ST,F,,D,7/22/2024 5:01:03 PM,1/28/2025 1:22:58 PM,,,2,,,,,,,
2482819,23-033593,2,False,0109,7/2/2023 10:33:00 AM,1033,33X,14,109,Oakland,1,True,True,C,REAR END,,Sunday,,,M,,False,False,False,,E,PARKED MOTOR VEHICLE,,0,0,A,DAYLIGHT,,,,,,,A,NO PEDESTRIANS INVOLVED,,A,22107,,1,87TH AV,2,,,A,N,10.0,D ST,F,,D,7/22/2024 5:01:03 PM,1/28/2025 1:22:58 PM,,,2,,,,,,,
2482818,23-035838,2,False,0109,7/14/2023 9:30:00 AM,930,31Z,14,109,Oakland,1,True,True,E,HIT OBJECT,,Friday,,,M,,False,False,False,,I,FIXED OBJECT,,0,0,A,DAYLIGHT,,,,,,,A,NO PEDESTRIANS INVOLVED,,A,22107,,1,HUNTER AV,2,,,A,E,50.0,EL VERANO ST,F,,D,7/22/2024 5:01:02 PM,1/28/2025 1:22:58 PM,,,2,,,,,,,
2482817,23-037525,2,False,0109,7/22/2023 11:55:00 AM,1155,34X,14,109,Oakland,1,True,True,D,BROADSIDE,,Saturday,,,M,,False,False,False,,E,PARKED MOTOR VEHICLE,,0,0,A,DAYLIGHT,,,,,,,A,NO PEDESTRIANS INVOLVED,,A,22107,,1,INTERNATIONAL BL,2,,,A,E,20.0,87TH AV,F,,D,7/22/2024 5:01:02 PM,1/28/2025 1:22:58 PM,,,2,,,,,,,
2482816,23-037856,2,False,0109,7/24/2023 6:48:00 AM,648,33X,14,109,Oakland,1,True,True,C,REAR END,,Monday,,,M,,False,False,True,,E,PARKED MOTOR VEHICLE,,0,0,A,DAYLIGHT,,,,,,,A,NO PEDESTRIANS INVOLVED,,A,22107,,1,INTERNATIONAL BL,2,,,A,W,30.0,97TH AV,F,,D,7/22/2024 5:01:02 PM,1/28/2025 1:22:58 PM,,,2,,,,,,,
2482807,23-041142,2,False,0109,8/9/2023 1:08:00 PM,1308,29X,14,109,Oakland,1,True,True,B,SIDE SWIPE,,Wednesday,,,,,False,False,False,,C,OTHER MOTOR VEHICLE,,0,0,A,DAYLIGHT,,,,,,,A,NO PEDESTRIANS INVOLVED,,D,,,,CAMDEN ST,1,,,A,W,82.0,64TH AV,F,,D,7/22/2024 5:01:02 PM,1/28/2025 1:22:57 PM,,,2,,,,,,,
2482806,23-045634,2,False,0109,8/31/2023 7:48:00 PM,1948,17X,14,109,Oakland,1,True,True,H,OTHER,,Thursday,,,,,False,False,False,,C,OTHER MOTOR VEHICLE,,0,0,C,DARK-STREET LIGHTS,,,,,,,A,NO PEDESTRIANS INVOLVED,,A,22106,,1,10TH AV,1,,,A,N,500.0,E 24TH ST,F,,D,7/22/2024 5:01:01 PM,1/28/2025 1:22:57 PM,,,2,,,,,,,
2482805,23-039764,2,False,0109,8/2/2023 1:47:00 PM,1347,35X,14,109,Oakland,1,True,True,C,REAR END,,Wednesday,,,,,False,False,False,,C,OTHER MOTOR VEHICLE,,0,0,A,DAYLIGHT,,,,,,,A,NO PEDESTRIANS INVOLVED,,A,22350,,1,90TH AV,2,,,A,N,30.0,BANCROFT AV,F,,D,7/22/2024 5:01:01 PM,1/28/2025 1:22:57 PM,,,2,,,,,,,
2482804,23-045649,2,False,0109,8/13/2023 9:55:00 PM,2155,20X,14,109,Oakland,1,True,True,E,HIT OBJECT,,Sunday,,,M,,False,False,True,,I,FIXED OBJECT,,0,0,C,DARK-STREET LIGHTS,,,,,,,A,NO PEDESTRIANS INVOLVED,,A,22107,,1,INTERNATIONAL BL,2,,,A,W,15.0,31ST AV,F,,D,7/22/2024 5:01:01 PM,1/28/2025 1:22:57 PM,,,2,,,,,,,
2482803,23-041766,2,False,0109,8/12/2023 4:31:00 PM,1631,20X,14,109,Oakland,1,True,True,D,BROADSIDE,,Saturday,,,M,,False,False,False,,C,OTHER MOTOR VEHICLE,,0,0,A,DAYLIGHT,,,,,,,A,NO PEDESTRIANS INVOLVED,,A,21655B,,1,INTERNATIONAL BL,2,,,A,E,100.0,29TH AV,F,,D,7/22/2024 5:01:01 PM,1/28/2025 1:22:57 PM,,,2,,,,,,,
2482802,23-040760,2,False,0109,8/7/2023 3:14:00 PM,1514,05X,14,109,Oakland,1,True,True,D,BROADSIDE,,Monday,,,,,False,False,False,,C,OTHER MOTOR VEHICLE,,0,0,A,DAYLIGHT,,,,,,,A,NO PEDESTRIANS INVOLVED,,A,21453A,,1,18TH ST,1,,,A,,,BRUSH ST,,,A,7/22/2024 5:01:01 PM,1/28/2025 1:22:57 PM,,,2,,,,,,,
2482801,23-040805,2,False,0109,8/7/2023 8:29:00 PM,2029,32Y,14,109,Oakland,1,True,True,A,HEAD-ON,,Monday,,,,,False,False,False,,I,FIXED OBJECT,,0,0,C,DARK-STREET LIGHTS,,,,,,,A,NO PEDESTRIANS INVOLVED,,B,,,1,MACARTHUR BL,2,,,A,S,78.0,TRUMAN AV,F,,D,7/22/2024 5:01:01 PM,1/28/2025 1:22:57 PM,,,2,,,,,,,
2482800,23-041094,2,False,0109,8/9/2023 9:24:00 AM,924,34X,14,109,Oakland,1,True,True,D,BROADSIDE,,Wednesday,,,,,False,False,False,,C,OTHER MOTOR VEHICLE,,0,0,A,DAYLIGHT,,,,,,,A,NO PEDESTRIANS INVOLVED,,A,21802A,,1,83RD AV,2,,,A,,,BANCROFT AV,,,D,7/22/2024 5:01:01 PM,1/28/2025 1:22:57 PM,,,2,,,,,,,
2482799,23-041364,2,False,0109,8/1/2023 4:48:00 PM,1648,28X,14,109,Oakland,1,True,True,C,REAR END,,Tuesday,,,M,,False,False,False,,C,OTHER MOTOR VEHICLE,,0,0,A,DAYLIGHT,,,,,,,A,NO PEDESTRIANS INVOLVED,,A,22106,,1,FLEMING AV,2,,,A,,,MORSE DR,,,D,7/22/2024 5:01:01 PM,1/28/2025 1:22:57 PM,,,2,,,,,,,
2482798,23-041657,2,False,0109,8/12/2023 2:27:00 AM,227,32X,14,109,Oakland,1,True,True,A,HEAD-ON,,Saturday,,,,,False,False,False,,C,OTHER MOTOR VEHICLE,,0,0,C,DARK-STREET LIGHTS,,,,,,,A,NO PEDESTRIANS INVOLVED,,A,22107,,1,BLENHEIM ST,2,,,A,,,SAN LEANDRO ST,,,D,7/22/2024 5:01:01 PM,1/28/2025 1:22:57 PM,,,2,,,,,,,
2482797,23-041631,2,False,0109,8/11/2023 11:25:00 PM,2325,26X,14,109,Oakland,1,True,True,A,HEAD-ON,,Friday,,,,,False,True,True,,I,FIXED OBJECT,,0,0,C,DARK-STREET LIGHTS,,,,,,,A,NO PEDESTRIANS INVOLVED,,A,22107,,1,66TH AV,2,,,A,,,RT 880,,,A,7/22/2024 5:01:01 PM,1/28/2025 1:22:57 PM,,,2,,,,,,,
2482796,23-041829,2,False,0109,8/13/2023 12:10:00 AM,10,32X,14,109,Oakland,1,True,True,C,REAR END,,Sunday,,,,,False,False,False,,,,,0,0,C,DARK-STREET LIGHTS,,,,,,,A,NO PEDESTRIANS INVOLVED,,A,22350,,1,102ND AV,2,,,A,N,100.0,INTERNATIONAL BL,F,,D,7/22/2024 5:01:00 PM,1/28/2025 1:22:57 PM,,,2,,,,,,,
2482795,23-041668,2,False,0109,8/12/2023 4:19:00 AM,419,35X,14,109,Oakland,1,True,True,C,REAR END,,Saturday,,,M,,False,False,False,,C,OTHER MOTOR VEHICLE,,0,0,C,DARK-STREET LIGHTS,,,,,,,A,NO PEDESTRIANS INVOLVED,,A,21658A,,1,90TH AV,2,,,A,N,125.0,BANCROFT,F,,A,7/22/2024 5:01:00 PM,1/28/2025 1:22:57 PM,,,2,,,,,,,
2482794,23-041953,2,False,0109,8/13/2023 12:36:00 PM,1236,09X,14,109,Oakland,1,True,True,C,REAR END,,Sunday,,,M,,False,False,False,,C,OTHER MOTOR VEHICLE,,0,0,A,DAYLIGHT,,,,,,,A,NO PEDESTRIANS INVOLVED,,A,22107,,1,KINGSTON AV,1,,,A,N,150.0,MONTE VISTA AV,F,,D,7/22/2024 5:01:00 PM,1/28/2025 1:22:56 PM,,,2,,,,,,,
2482793,23-042168,2,False,0109,8/14/2023 7:13:00 PM,1913,04X,14,109,Oakland,1,True,True,A,HEAD-ON,,Monday,,,,,False,False,False,,C,OTHER MOTOR VEHICLE,,0,0,A,DAYLIGHT,,,,,,,A,NO PEDESTRIANS INVOLVED,,A,21801A,,1,BROADWAY,1,,,A,,,GRAND AV,,,A,7/22/2024 5:01:00 PM,1/28/2025 1:22:56 PM,,,2,,,,,,,
2482792,23-040460,2,False,0109,8/6/2023 2:42:00 AM,242,03X,14,109,Oakland,1,True,True,B,SIDE SWIPE,,Sunday,,,M,,False,False,False,,C,OTHER MOTOR VEHICLE,,0,0,C,DARK-STREET LIGHTS,,,,,,,A,NO PEDESTRIANS INVOLVED,,A,22107,,1,13TH ST,1,,,A,,,AT HARRISON ST,,,A,7/22/2024 5:01:00 PM,1/28/2025 1:22:56 PM,,,2,,,,,,,
2482775,23-041344,2,False,0109,8/10/2023 2:30:00 PM,1430,32X,14,109,Oakland,1,True,True,C,REAR END,,Thursday,,,,,False,False,False,,C,OTHER MOTOR VEHICLE,,1,0,A,DAYLIGHT,,,,,,,A,NO PEDESTRIANS INVOLVED,,A,22350,,1,INTERNATIONAL BL,2,,,A,E,20.0,98TH AV,F,,D,7/22/2024 5:00:59 PM,1/28/2025 1:22:56 PM,,,2,,,,,,,
2482774,23041892,2,False,0109,8/3/2023 10:12:00 AM,1012,13Z,14,109,Oakland,1,True,True,C,REAR END,,Thursday,,,M,,False,False,False,,E,PARKED MOTOR VEHICLE,,0,0,A,DAYLIGHT,,,,,,,A,NO PEDESTRIANS INVOLVED,,A,22350,,1,WILD CURRANT WY,1,,,A,E,100.0,OAKWOOD DR,F,,A,7/22/2024 5:00:59 PM,1/28/2025 1:22:56 PM,,,2,,,,,,,
2482773,23-004422,2,False,0109,1/26/2023 5:46:00 AM,546,26X,14,109,Oakland,1,True,True,D,BROADSIDE,,Thursday,,,M,,False,False,True,,D,MOTOR VEHICLE ON OTHER ROADWAY,,0,0,C,DARK-STREET LIGHTS,,,,,,,A,NO PEDESTRIANS INVOLVED,,A,22450A,,1,71ST AV,2,,,A,,,HERBERT GUICE WY,,,D,7/22/2024 5:00:58 PM,1/28/2025 1:22:56 PM,,,2,,,,,,,
2482772,23043385,2,False,0109,8/20/2023 5:43:00 PM,1743,34X,14,109,Oakland,1,True,True,C,REAR END,,Sunday,,,M,,False,False,True,,C,OTHER MOTOR VEHICLE,,0,0,A,DAYLIGHT,,,,,,,A,NO PEDESTRIANS INVOLVED,,A,22107,,1,OLIVE ST,1,,,A,E,30.0,94TH AV,F,,D,7/22/2024 5:00:58 PM,1/28/2025 1:22:56 PM,,,2,,,,,,,
2482771,23041999,2,False,0109,8/12/2023 9:40:00 PM,2140,26X,14,109,Oakland,1,True,True,D,BROADSIDE,,Saturday,,,M,,False,False,True,,C,OTHER MOTOR VEHICLE,,0,0,C,DARK-STREET LIGHTS,,,,,,,A,NO PEDESTRIANS INVOLVED,,A,21655A,,1,INTERNATIONAL BL,2,,,A,,,57TH AV,,,A,7/22/2024 5:00:58 PM,1/28/2025 1:22:55 PM,,,2,,,,,,,
2482770,23-006891,2,False,0109,2/7/2023 8:17:00 PM,2017,12Y,14,109,Oakland,1,True,True,D,BROADSIDE,,Tuesday,,,,,False,False,False,,C,OTHER MOTOR VEHICLE,,1,0,E,DARK-STREET LIGHTS NOT FUNCTIONING*,,,,,,,A,NO PEDESTRIANS INVOLVED,,A,21453A,,1,MARTIN LUTHER KING JR WY,1,,,A,,,52ND ST,,,A,7/22/2024 5:00:58 PM,1/28/2025 1:22:55 PM,,,2,,,,,,,
2482769,23-033802,2,False,0109,7/3/2023 11:18:00 AM,1118,05X,14,109,Oakland,1,True,True,C,REAR END,,Monday,,,,,False,False,False,,C,OTHER MOTOR VEHICLE,,0,0,A,DAYLIGHT,,,,,,,A,NO PEDESTRIANS INVOLVED,,A,21658A,,1,GRAND AV,1,,,A,,,ISABELLA ST,,,D,7/22/2024 5:00:58 PM,1/28/2025 1:22:55 PM,,,2,,,,,,,
2482768,23031684,2,False,0109,6/22/2023 4:10:00 PM,1610,11X,14,109,Oakland,1,True,True,B,SIDE SWIPE,,Thursday,,,,,False,False,False,,C,OTHER MOTOR VEHICLE,,0,0,A,DAYLIGHT,,,,,,,A,NO PEDESTRIANS INVOLVED,,A,22106,,1,MARTIN LUTHER KING JR WY,1,,,A,S,75.0,55TH ST,F,,D,7/22/2024 5:00:58 PM,1/28/2025 1:22:55 PM,,,2,,,,,,,
2482767,23-043985,2,False,0109,8/23/2023 12:56:00 PM,1256,24X,14,109,Oakland,1,True,True,A,HEAD-ON,,Wednesday,,,,,False,False,False,,H,ANIMAL,,0,0,A,DAYLIGHT,,,,,,,A,NO PEDESTRIANS INVOLVED,,C,,,,FOOTHILL BL,2,,,A,E,160.0,36TH AV,F,,A,7/22/2024 5:00:58 PM,1/28/2025 1:22:55 PM,,,2,,,,,,,
2482766,23-027070,2,False,0109,5/30/2023 5:54:00 PM,1754,13Y,14,109,Oakland,1,True,True,D,BROADSIDE,,Tuesday,,,,,False,False,True,,C,OTHER MOTOR VEHICLE,,0,0,A,DAYLIGHT,,,,,,,A,NO PEDESTRIANS INVOLVED,,A,21802A,,1,BROADWAY,1,,,A,,,RT 24,,,B,7/22/2024 5:00:58 PM,1/28/2025 1:22:55 PM,,,2,,,,,,,
2482712,23030484,2,False,0109,6/16/2023 9:23:00 PM,2123,35X,14,109,Oakland,1,True,True,A,HEAD-ON,,Friday,,,,,False,False,False,,D,MOTOR VEHICLE ON OTHER ROADWAY,,0,0,C,DARK-STREET LIGHTS,,,,,,,A,NO PEDESTRIANS INVOLVED,,A,21801A,,1,82ND AV,2,,,A,S,15.0,BANCROFT AV,F,,A,7/22/2024 5:00:52 PM,1/28/2025 1:22:53 PM,,,2,,,,,,,
2482688,23-046835,2,False,0109,9/6/2023 3:10:00 PM,1510,18X,14,109,Oakland,1,True,True,B,SIDE SWIPE,,Wednesday,,,,,False,False,False,,C,OTHER MOTOR VEHICLE,,0,0,A,DAYLIGHT,,,,,,,A,NO PEDESTRIANS INVOLVED,,A,22107,,1,21ST AV,1,,,A,,,E 25TH ST,,,D,7/22/2024 5:00:50 PM,1/28/2025 1:22:52 PM,,,2,,,,,,,
2482687,23-046229,2,False,0109,9/4/2023 2:15:00 AM,215,09X,14,109,Oakland,1,True,True,E,HIT OBJECT,,Monday,,,,,False,False,True,,I,FIXED OBJECT,,0,0,C,DARK-STREET LIGHTS,,,,,,,A,NO PEDESTRIANS INVOLVED,,A,23152A,,1,JOHN ST,1,,,A,W,20.0,PIEDMONT AV,F,,D,7/22/2024 5:00:50 PM,1/28/2025 1:22:52 PM,,,2,,,,,,,
2482686,23-046370,2,False,0109,9/4/2023 10:13:00 PM,2213,07X,14,109,Oakland,1,True,True,A,HEAD-ON,,Monday,,,M,,False,False,False,,E,PARKED MOTOR VEHICLE,,0,0,C,DARK-STREET LIGHTS,,,,,,,A,NO PEDESTRIANS INVOLVED,,A,22107,,1,MEAD AV,1,,,A,W,80.0,SAN PABLO AV,F,,D,7/22/2024 5:00:50 PM,1/28/2025 1:22:52 PM,,,2,,,,,,,
2482685,23-046624,2,False,0109,9/5/2023 3:58:00 PM,1558,06X,14,109,Oakland,1,True,True,B,SIDE SWIPE,,Tuesday,,,M,,False,False,False,,C,OTHER MOTOR VEHICLE,,0,0,A,DAYLIGHT,,,,,,,A,NO PEDESTRIANS INVOLVED,,A,22106,,1,MARTIN LUTHER KING JR WY,1,,,A,,,37TH ST,,,D,7/22/2024 5:00:50 PM,1/28/2025 1:22:52 PM,,,2,,,,,,,
2482684,23-045704,2,False,0109,9/1/2023 8:37:00 AM,837,21X,14,109,Oakland,1,True,True,C,REAR END,,Friday,,,M,,False,False,False,,C,OTHER MOTOR VEHICLE,,0,0,A,DAYLIGHT,,,,,,,A,NO PEDESTRIANS INVOLVED,,A,22350,,1,COOLIDGE AV,1,,,A,,,TEXAS ST,,,A,7/22/2024 5:00:50 PM,1/28/2025 1:22:51 PM,,,2,,,,,,,