collision-id,report-number,report-version,is-preliminary,ncic-code,crash-date-time,crash-time-description,beat,city-id,city-code,city-name,county-code,city-is-active,city-is-incorporated,collision-type-code,collision-type-description,collision-type-other-desc,day-of-week,dispatch-notified,has-photographs,hit-run,is-attachments-mailed,is-deleted,is-highway-related,is-tow-away,judicial-district,motor-vehicle-involved-with-code,motor-vehicle-involved-with-desc,motor-vehicle-involved-with-other-desc,number-injured,number-killed,lighting-code,lighting-description,latitude,longitude,milepost-direction,milepost-distance,milepost-marker,milepost-unit-of-measure,pedestrian-action-code,pedestrian-action-desc,prepared-date,primary-collision-factor-code,primary-collision-factor-description,primary-collision-factor-is-cited,primary-collision-party-number,primary-road,reporting-district,reporting-district-code,reviewed-date,roadway-surface-code,secondary-direction,secondary-distance,secondary-road,secondary-unit-of-measure,sketch-desc,traffic-control-device-code,created-date,modified-date,is-county-road,is-freeway,chp-555-version,is-additonal-object-struck,notification-date,notification-time-description,has-digital-media-files,evidence-number,is-location-refer-to-narrative,is-aoi-one-same-as-location
2497993,23-010919,2,False,0109,3/4/2023 7:02:00 PM,1902,35X,14,109,Oakland,1,True,True,A,HEAD-ON,,Saturday,,,,,False,False,False,,I,FIXED OBJECT,,0,0,C,DARK-STREET LIGHTS,,,,,,,A,NO PEDESTRIANS INVOLVED,,A,22350,,1,86TH AV,2,,,A,,,DOWLING AV,,,D,7/22/2024 6:01:12 PM,1/28/2025 1:35:37 PM,,,2,,,,,,,
2497979,23-011574,2,False,0109,3/8/2023 7:00:00 PM,1900,24X,14,109,Oakland,1,True,True,B,SIDE SWIPE,,Wednesday,,,M,,False,False,False,,E,PARKED MOTOR VEHICLE,,0,0,C,DARK-STREET LIGHTS,,,,,,,A,NO PEDESTRIANS INVOLVED,,A,22107,,1,36TH AV,2,,,B,S,10.0,FOOTHILL BL,F,,A,7/22/2024 6:01:08 PM,1/28/2025 1:35:36 PM,,,2,,,,,,,
2497977,23-010626,2,False,0109,3/3/2023 8:26:00 AM,826,26X,14,109,Oakland,1,True,True,D,BROADSIDE,,Friday,,,,,False,False,False,,C,OTHER MOTOR VEHICLE,,0,0,A,DAYLIGHT,,,,,,,A,NO PEDESTRIANS INVOLVED,,A,21802A,,1,69TH AV,2,,,A,,,EASTLAWN ST,,,A,7/22/2024 6:01:08 PM,1/28/2025 1:35:36 PM,,,2,,,,,,,
2497976,23-011614,2,False,0109,3/8/2023 1:01:00 PM,1301,23X,14,109,Oakland,1,True,True,C,REAR END,,Wednesday,,,M,,False,False,False,,,,,0,0,A,DAYLIGHT,,,,,,,A,NO PEDESTRIANS INVOLVED,,A,22350,,1,INTERNATIONAL BL,2,,,A,E,15.0,35TH AV,F,,A,7/22/2024 6:01:08 PM,1/28/2025 1:35:36 PM,,,2,,,,,,,
2517476,23-015965,2,False,0109,4/2/2023 4:13:00 PM,1613,34X,14,109,Oakland,1,True,True,D,BROADSIDE,,Sunday,,,,,False,False,False,,C,OTHER MOTOR VEHICLE,,1,0,A,DAYLIGHT,,,,,,,A,NO PEDESTRIANS INVOLVED,,A,22450A,,1,89TH AV,2,,,A,,,BIRCH ST,,,A,7/23/2024 9:08:23 AM,1/28/2025 1:51:09 PM,,,2,,,,,,,
2517474,23-019113,2,False,0109,4/19/2023 3:11:00 AM,311,33X,14,109,Oakland,1,True,True,C,REAR END,,Wednesday,,,,,False,False,False,,C,OTHER MOTOR VEHICLE,,1,0,C,DARK-STREET LIGHTS,,,,,,,A,NO PEDESTRIANS INVOLVED,,A,22350,,1,98TH AV,2,,,A,N,10.0,SAN LEANDRO ST,F,,A,7/23/2024 9:08:23 AM,1/28/2025 1:51:09 PM,,,2,,,,,,,
2517451,23-018523,2,False,0109,4/16/2023 9:45:00 PM,2145,05Y,14,109,Oakland,1,True,True,D,BROADSIDE,,Sunday,,,M,,False,False,False,,C,OTHER MOTOR VEHICLE,,0,0,C,DARK-STREET LIGHTS,,,,,,,A,NO PEDESTRIANS INVOLVED,,A,20002,,1,27TH ST,1,,,A,,,MARTIN LUTHER KING JR WY,,,A,7/23/2024 9:08:22 AM,1/28/2025 1:51:07 PM,,,2,,,,,,,
2517450,23-018717,2,False,0109,4/17/2023 4:05:00 AM,405,27X,14,109,Oakland,1,True,True,C,REAR END,,Monday,,,,,False,False,False,,C,OTHER MOTOR VEHICLE,,0,0,C,DARK-STREET LIGHTS,,,,,,,A,NO PEDESTRIANS INVOLVED,,A,23152A,,1,BANCROFT AV,2,,,A,,,VICKSBURG AV,,,A,7/23/2024 9:08:22 AM,1/28/2025 1:51:07 PM,,,2,,,,,,,
2517448,23-018634,2,False,0109,4/16/2023 2:44:00 PM,1444,20X,14,109,Oakland,1,True,True,B,SIDE SWIPE,,Sunday,,,M,,False,False,False,,C,OTHER MOTOR VEHICLE,,0,0,A,DAYLIGHT,,,,,,,A,NO PEDESTRIANS INVOLVED,,A,22107,,1,22ND AV,2,,,A,,,FOOTHILL BL,,,D,7/23/2024 9:08:22 AM,1/28/2025 1:51:07 PM,,,2,,,,,,,
2515840,23-008392,2,False,0109,2/18/2023 12:02:00 PM,1202,23X,14,109,Oakland,1,True,True,G,VEHICLE/PEDESTRAIN,,Saturday,,,F,,False,False,False,,B,PEDESTRIAN,,2,0,A,DAYLIGHT,,,,,,,B,CROSSING IN CROSS WALK AT INTERSECTION,,A,21950A,,1,INTERNATIONAL BL,2,,,A,,,34TH AV,,,A,7/23/2024 9:07:00 AM,1/28/2025 1:49:44 PM,,,2,,,,,,,
2515839,23-007200,2,False,0109,2/9/2023 3:30:00 PM,1530,01X,14,109,Oakland,1,True,True,B,SIDE SWIPE,,Thursday,,,,,False,False,False,,C,OTHER MOTOR VEHICLE,,1,0,A,DAYLIGHT,,,,,,,A,NO PEDESTRIANS INVOLVED,,A,21804,,1,2ND ST,,,,A,W,30.0,BROADWAY,F,,A,7/23/2024 9:07:00 AM,1/28/2025 1:49:44 PM,,,2,,,,,,,
2515838,23-008331,2,False,0109,2/17/2023 11:31:00 PM,2331,30X,14,109,Oakland,1,True,True,B,SIDE SWIPE,,Friday,,,,,False,False,False,,E,PARKED MOTOR VEHICLE,,1,0,C,DARK-STREET LIGHTS,,,,,,,A,NO PEDESTRIANS INVOLVED,,A,22107,,1,FONTAINE ST,5,,,A,,,HOLMES AV,,,D,7/23/2024 9:07:00 AM,1/28/2025 1:49:44 PM,,,3,,,,,,,
2515837,23-007373,2,False,0109,2/10/2023 10:30:00 PM,2230,19X,14,109,Oakland,1,True,True,D,BROADSIDE,,Friday,,,,,False,False,False,,G,BICYCLE,,1,0,C,DARK-STREET LIGHTS,,,,,,,,,,A,22450A,,,8TH AV,3,,,B,,,E 11TH ST,,,A,7/23/2024 9:07:00 AM,1/28/2025 1:49:44 PM,,,2,,,,,,,
2515836,23-009745,2,False,0109,2/26/2023 8:10:00 AM,810,28X,14,109,Oakland,1,True,True,G,VEHICLE/PEDESTRAIN,,Sunday,,,F,,False,False,False,,G,BICYCLE,,1,0,B,DUSK-DAWN,,,,,,,E,IN ROAD - INCLUDES SHOULDER,,A,22107,,1,SUNNYMERE AV,2,,,A,,,DELMONT AV,,,D,7/23/2024 9:07:00 AM,1/28/2025 1:49:43 PM,,,2,,,,,,,
2515835,23-008609,2,False,0109,2/15/2023 10:30:00 PM,2230,21Y,14,109,Oakland,1,True,True,G,VEHICLE/PEDESTRAIN,,Wednesday,,,F,,False,False,False,,B,PEDESTRIAN,,1,0,C,DARK-STREET LIGHTS,,,,,,,B,CROSSING IN CROSS WALK AT INTERSECTION,,A,21453A,,1,FRUITVALE AV,2,,,A,,,E 27TH ST,,,A,7/23/2024 9:07:00 AM,1/28/2025 1:49:43 PM,,,2,,,,,,,
2515802,23008121,2,False,0109,2/16/2023 3:50:00 PM,1550,10X,14,109,Oakland,1,True,True,A,HEAD-ON,,Thursday,,,,,False,False,False,,E,PARKED MOTOR VEHICLE,,1,0,A,DAYLIGHT,,,,,,,A,NO PEDESTRIANS INVOLVED,,A,22107,,1,STANFORD AV,1,,,A,,,LOWELL ST,,,C,7/23/2024 9:06:58 AM,1/28/2025 1:49:42 PM,,,2,,,,,,,
2515800,23013886,2,False,0109,3/21/2023 9:02:00 AM,902,02X,14,109,Oakland,1,True,True,D,BROADSIDE,,Tuesday,,,M,,False,False,False,,C,OTHER MOTOR VEHICLE,,1,0,A,DAYLIGHT,,,,,,,A,NO PEDESTRIANS INVOLVED,,A,21453A,,1,14TH ST,1,,,B,,,ADELINE ST,,,A,7/23/2024 9:06:58 AM,1/28/2025 1:49:42 PM,,,2,,,,,,,
2515776,23003749,2,False,0109,1/22/2023 4:00:00 AM,400,2TX,14,109,Oakland,1,True,True,A,HEAD-ON,,Sunday,,,M,,False,False,False,,E,PARKED MOTOR VEHICLE,,0,0,C,DARK-STREET LIGHTS,,,,,,,,,,A,22107,,1,BANCROFT AV,2,,,A,E,50.0,52ND AV,F,,D,7/23/2024 9:06:57 AM,1/28/2025 1:49:40 PM,,,2,,,,,,,
2515775,23003221,2,False,0109,1/19/2023 12:20:00 PM,1220,01X,14,109,Oakland,1,True,True,D,BROADSIDE,,Thursday,,,,,False,False,False,,C,OTHER MOTOR VEHICLE,,0,0,A,DAYLIGHT,,,,,,,A,NO PEDESTRIANS INVOLVED,,A,22100B,,,MADISON ST,1,,,A,,,5TH ST,,,A,7/23/2024 9:06:57 AM,1/28/2025 1:49:40 PM,,,2,,,,,,,
2515751,23-017711,2,False,0109,4/12/2023 6:19:00 AM,619,07X,14,109,Oakland,1,True,True,A,HEAD-ON,,Wednesday,,,,,False,False,True,,C,OTHER MOTOR VEHICLE,,3,0,A,DAYLIGHT,,,,,,,A,NO PEDESTRIANS INVOLVED,,A,21801A,,1,SAN PABLO AV,1,,,A,,,27TH ST,,,A,7/23/2024 9:06:56 AM,1/28/2025 1:49:39 PM,,,2,,,,,,,
2515749,23-017211,2,False,0109,4/9/2023 11:12:00 AM,1112,32X,14,109,Oakland,1,True,True,D,BROADSIDE,,Sunday,,,,,False,False,True,,C,OTHER MOTOR VEHICLE,,1,0,A,DAYLIGHT,,,,,,,A,NO PEDESTRIANS INVOLVED,,A,21453A,,1,98TH AV,2,,,A,,,SAN LEANDRO ST,,,A,7/23/2024 9:06:56 AM,1/28/2025 1:49:39 PM,,,2,,,,,,,
2515534,23-020195,2,False,0109,4/25/2023 4:40:00 AM,440,12X,14,109,Oakland,1,True,True,E,HIT OBJECT,,Tuesday,,,M,,False,False,False,,I,FIXED OBJECT,,0,0,C,DARK-STREET LIGHTS,,,,,,,A,NO PEDESTRIANS INVOLVED,,A,22107,,1,WEBSTER ST,1,,,A,N,75.0,45TH ST,F,,D,7/23/2024 9:06:44 AM,1/28/2025 1:49:28 PM,,,2,,,,,,,
2515533,23-017379,2,False,0109,4/10/2023 11:20:00 AM,1120,05X,14,109,Oakland,1,True,True,H,OTHER,,Monday,,,,,False,False,False,,J,OTHER OBJECT,,0,0,A,DAYLIGHT,,,,,,,A,NO PEDESTRIANS INVOLVED,,C,,,,WEST GRAND AV,1,,,A,,,POPLAR ST,,,B,7/23/2024 9:06:44 AM,1/28/2025 1:49:28 PM,,,2,,,,,,,
2515532,23-017907,2,False,0109,4/12/2023 7:30:00 AM,730,02X,14,109,Oakland,1,True,True,B,SIDE SWIPE,,Wednesday,,,M,,False,False,False,,E,PARKED MOTOR VEHICLE,,0,0,A,DAYLIGHT,,,,,,,A,NO PEDESTRIANS INVOLVED,,A,22107,,1,UNION ST,1,,,A,N,40.0,11TH ST,F,,D,7/23/2024 9:06:44 AM,1/28/2025 1:49:28 PM,,,2,,,,,,,
2515531,23-018925,2,False,0109,4/18/2023 5:58:00 AM,558,04X,14,109,Oakland,1,True,True,C,REAR END,,Tuesday,,,M,,False,False,True,,E,PARKED MOTOR VEHICLE,,0,0,A,DAYLIGHT,,,,,,,A,NO PEDESTRIANS INVOLVED,,A,22350,,1,14TH ST,1,,,A,W,15.0,ADELINE ST,M,,A,7/23/2024 9:06:43 AM,1/28/2025 1:49:28 PM,,,2,,,,,,,
2515530,23-016773,2,False,0109,4/7/2023 11:20:00 PM,2320,23X,14,109,Oakland,1,True,True,B,SIDE SWIPE,,Friday,,,,,False,False,True,,E,PARKED MOTOR VEHICLE,,0,0,C,DARK-STREET LIGHTS,,,,,,,A,NO PEDESTRIANS INVOLVED,,A,22107,,1,SAN LEANDRO ST,2,,,A,E,15.0,36TH AV,F,,D,7/23/2024 9:06:43 AM,1/28/2025 1:49:27 PM,,,2,,,,,,,
2515529,23-018306,2,False,0109,4/14/2023 4:38:00 PM,1638,05X,14,109,Oakland,1,True,True,C,REAR END,,Friday,,,,,False,False,True,,C,OTHER MOTOR VEHICLE,,0,0,A,DAYLIGHT,,,,,,,A,NO PEDESTRIANS INVOLVED,,A,22350,,1,ADELINE ST,1,,,A,S,330.0,W GRAND AV,F,,A,7/23/2024 9:06:43 AM,1/28/2025 1:49:27 PM,,,2,,,,,,,
2515528,23-018729,2,False,0109,4/17/2023 8:40:00 AM,840,20X,14,109,Oakland,1,True,True,C,REAR END,,Monday,,,,,False,False,False,,C,OTHER MOTOR VEHICLE,,0,0,A,DAYLIGHT,,,,,,,A,NO PEDESTRIANS INVOLVED,,D,,,,INTERNATIONAL BL,2,,,A,W,50.0,MILLER AV,F,,D,7/23/2024 9:06:43 AM,1/28/2025 1:49:27 PM,,,2,,,,,,,
2515527,23-016132,2,False,0109,4/3/2023 4:39:00 PM,1639,04X,14,109,Oakland,1,True,True,D,BROADSIDE,,Monday,,,,,False,False,False,,C,OTHER MOTOR VEHICLE,,0,0,A,DAYLIGHT,,,,,,,A,NO PEDESTRIANS INVOLVED,,A,21453A,,1,14TH ST,1,,,A,,,CASTRO ST,,,A,7/23/2024 9:06:43 AM,1/28/2025 1:49:27 PM,,,2,,,,,,,
2515526,23-016986,2,False,0109,4/8/2023 5:55:00 AM,555,32X,14,109,Oakland,1,True,True,E,HIT OBJECT,,Saturday,,,M,,False,False,True,,I,FIXED OBJECT,,0,0,B,DUSK-DAWN,,,,,,,A,NO PEDESTRIANS INVOLVED,,A,22107,,1,105TH AV,2,,,A,N,20.0,SAN LEANDRO ST,F,,D,7/23/2024 9:06:43 AM,1/28/2025 1:49:27 PM,,,2,,,,,,,
2515392,23-003005,2,False,0109,1/18/2023 11:55:00 AM,1155,01X,14,109,Oakland,1,True,True,B,SIDE SWIPE,,Wednesday,,,,,False,False,False,,C,OTHER MOTOR VEHICLE,,0,0,A,DAYLIGHT,,,,,,,A,NO PEDESTRIANS INVOLVED,,A,22100A,,,4TH ST,1,,,A,,,BROADWAY,,,A,7/23/2024 9:06:37 AM,1/28/2025 1:49:21 PM,,,2,,,,,,,
2515307,23-009544,2,False,0109,2/25/2023 7:56:00 AM,756,31X,14,109,Oakland,1,True,True,D,BROADSIDE,,Saturday,,,,,False,False,False,,C,OTHER MOTOR VEHICLE,,1,0,A,DAYLIGHT,,,,,,,A,NO PEDESTRIANS INVOLVED,,A,21453A,,,SAN LEANDRO ST,2,,,A,,,75TH AV,,,A,7/23/2024 9:06:32 AM,1/28/2025 1:49:17 PM,,,2,,,,,,,
2515300,23-008145,2,False,0109,2/16/2023 5:05:00 PM,1705,26X,14,109,Oakland,1,True,True,D,BROADSIDE,,Thursday,,,,,False,False,True,,C,OTHER MOTOR VEHICLE,,0,0,B,DUSK-DAWN,,,,,,,A,NO PEDESTRIANS INVOLVED,,A,21453A,,1,INTERNATIONAL BL,2,,,A,N,10.0,50TH AV,F,,A,7/23/2024 9:06:32 AM,1/28/2025 1:49:16 PM,,,2,,,,,,,
2515296,23-018888,2,False,0109,4/17/2023 11:11:00 PM,2311,19X,14,109,Oakland,1,True,True,D,BROADSIDE,,Monday,,,M,,False,False,True,,E,PARKED MOTOR VEHICLE,,0,0,C,DARK-STREET LIGHTS,,,,,,,A,NO PEDESTRIANS INVOLVED,,A,22107,,1,20TH AV,1,,,B,,,MARIN WY,,,D,7/23/2024 9:06:32 AM,1/28/2025 1:49:16 PM,,,2,,,,,,,
2515108,23-015387,2,False,0109,4/17/2023 10:49:00 AM,1049,03Y,14,109,Oakland,1,True,True,D,BROADSIDE,,Monday,,,,,False,False,False,,,,,1,0,A,DAYLIGHT,,,,,,,A,NO PEDESTRIANS INVOLVED,,A,21453A,,1,12TH ST,1,,,A,,,CASTRO ST,,,A,7/23/2024 9:06:23 AM,1/28/2025 1:49:07 PM,,,2,,,,,,,
2515104,23-016919,2,False,0109,4/7/2023 8:05:00 PM,2005,08X,14,109,Oakland,1,True,True,D,BROADSIDE,,Friday,,,M,,False,False,False,,C,OTHER MOTOR VEHICLE,,0,0,C,DARK-STREET LIGHTS,,,,,,,A,NO PEDESTRIANS INVOLVED,,A,21802A,,1,BROADWAY,1,,,A,,,23RD ST,,,D,7/23/2024 9:06:23 AM,1/28/2025 1:49:07 PM,,,2,,,,,,,
2515100,23-015233,2,False,0109,3/29/2023 12:58:00 PM,1258,32X,14,109,Oakland,1,True,True,B,SIDE SWIPE,,Wednesday,,,M,,False,False,False,,C,OTHER MOTOR VEHICLE,,2,0,A,DAYLIGHT,,,,,,,A,NO PEDESTRIANS INVOLVED,,A,21453C,,1,INTERNATIONAL BL,2,,,B,,,104TH AV,,,A,7/23/2024 9:06:23 AM,1/28/2025 1:49:07 PM,,,2,,,,,,,
2515096,23-007701,2,False,0109,2/13/2023 12:40:00 PM,1240,32X,14,109,Oakland,1,True,True,D,BROADSIDE,,Monday,,,,,False,False,True,,C,OTHER MOTOR VEHICLE,,1,0,A,DAYLIGHT,,,,,,,A,NO PEDESTRIANS INVOLVED,,A,22107,,1,INTERNATIONAL BL,2,,,A,,,100TH AV,,,A,7/23/2024 9:06:23 AM,1/28/2025 1:49:06 PM,,,2,,,,,,,
2514953,23-007212,2,False,0109,2/9/2023 5:10:00 PM,1710,16X,14,109,Oakland,1,True,True,D,BROADSIDE,,Thursday,,,,,False,False,False,,C,OTHER MOTOR VEHICLE,,1,0,A,DAYLIGHT,,,,,,,A,NO PEDESTRIANS INVOLVED,,A,22107,,1,GRAND AV,1,,,A,N,200.0,LAKE PARK AV,F,,D,7/23/2024 9:06:16 AM,1/28/2025 1:49:00 PM,,,2,,,,,,,
2514951,23-008017,2,False,0109,2/15/2023 7:32:00 PM,1932,05X,14,109,Oakland,1,True,True,D,BROADSIDE,,Wednesday,,,M,,False,False,True,,C,OTHER MOTOR VEHICLE,,0,0,C,DARK-STREET LIGHTS,,,,,,,A,NO PEDESTRIANS INVOLVED,,A,21453,,1,BRUSH ST,01,,,A,,,W GRAND AV,,,A,7/23/2024 9:06:16 AM,1/28/2025 1:48:59 PM,,,2,,,,,,,
2514950,23-008314,2,False,0109,2/17/2023 8:52:00 PM,2052,05X,14,109,Oakland,1,True,True,A,HEAD-ON,,Friday,,,M,,False,False,True,,C,OTHER MOTOR VEHICLE,,0,0,C,DARK-STREET LIGHTS,,,,,,,A,NO PEDESTRIANS INVOLVED,,A,22450A,,1,16TH ST,01,,,A,,,WEST ST,,,A,7/23/2024 9:06:16 AM,1/28/2025 1:48:59 PM,,,2,,,,,,,
2514949,23-007850,2,False,0109,2/14/2023 4:28:00 PM,1628,08X,14,109,Oakland,1,True,True,B,SIDE SWIPE,,Tuesday,,,M,,False,False,False,,C,OTHER MOTOR VEHICLE,,0,0,A,DAYLIGHT,,,,,,,A,NO PEDESTRIANS INVOLVED,,A,22107,,1,27TH ST,2,,,A,,,NORTHGATE AV,,,A,7/23/2024 9:06:16 AM,1/28/2025 1:48:59 PM,,,2,,,,,,,
2514948,23-008317,2,False,0109,2/17/2023 10:10:00 PM,2210,04X,14,109,Oakland,1,True,True,A,HEAD-ON,,Friday,,,,,False,False,False,,C,OTHER MOTOR VEHICLE,,2,0,B,DUSK-DAWN,,,,,,,A,NO PEDESTRIANS INVOLVED,,A,21801,,1,GRAND AV,1,,,,,,GRAND AV 80,,,A,7/23/2024 9:06:16 AM,1/28/2025 1:48:59 PM,,,2,,,,,,,
2514947,23-009976,2,False,0109,2/27/2023 3:48:00 PM,1548,02X,14,109,Oakland,1,True,True,E,HIT OBJECT,,Monday,,,M,,False,False,False,,I,FIXED OBJECT,,0,0,A,DAYLIGHT,,,,,,,A,NO PEDESTRIANS INVOLVED,,A,21650,,1,12TH ST,1,,,B,E,10.0,WEST ST,F,,D,7/23/2024 9:06:16 AM,1/28/2025 1:48:59 PM,,,2,,,,,,,
2514946,23-008627,2,False,0109,2/20/2023 2:39:00 AM,239,26X,14,109,Oakland,1,True,True,C,REAR END,,Monday,,,,,False,False,False,,E,PARKED MOTOR VEHICLE,,0,0,C,DARK-STREET LIGHTS,,,,,,,A,NO PEDESTRIANS INVOLVED,,A,22106,,1,INTERNATIONAL BL,2,,,A,,,42ND AV,,,D,7/23/2024 9:06:16 AM,1/28/2025 1:48:59 PM,,,2,,,,,,,
2514945,23-009698,2,False,0109,2/25/2023 11:40:00 PM,2340,29X,14,109,Oakland,1,True,True,B,SIDE SWIPE,,Saturday,,,,,False,False,True,,E,PARKED MOTOR VEHICLE,,0,0,C,DARK-STREET LIGHTS,,,,,,,A,NO PEDESTRIANS INVOLVED,,A,22107,,1,HAVENSCOURT BL,2,,,A,E,550.0,AVENAL AV,F,,D,7/23/2024 9:06:16 AM,1/28/2025 1:48:59 PM,,,2,,,,,,,
2514944,23-009523,2,False,0109,2/25/2023 2:00:00 AM,200,17Y,14,109,Oakland,1,True,True,B,SIDE SWIPE,,Saturday,,,,,False,False,True,,E,PARKED MOTOR VEHICLE,,0,0,C,DARK-STREET LIGHTS,,,,,,,A,NO PEDESTRIANS INVOLVED,,A,22107,,1,8TH AV,1,,,A,,,IVY DR,,,D,7/23/2024 9:06:16 AM,1/28/2025 1:48:59 PM,,,2,,,,,,,
2514943,23-008148,2,False,0109,2/16/2023 5:03:00 PM,1703,32X,14,109,Oakland,1,True,True,B,SIDE SWIPE,,Thursday,,,,,False,False,False,,E,PARKED MOTOR VEHICLE,,0,0,A,DAYLIGHT,,,,,,,A,NO PEDESTRIANS INVOLVED,,A,22107,,1,100TH AV,2,,,A,,,B ST,,,D,7/23/2024 9:06:16 AM,1/28/2025 1:48:59 PM,,,2,,,,,,,
2513712,23-013027,2,False,0109,3/16/2023 10:45:00 AM,1045,02X,14,109,Oakland,1,True,True,D,BROADSIDE,,Thursday,,,,,False,False,False,,C,OTHER MOTOR VEHICLE,,0,0,A,DAYLIGHT,,,,,,,A,NO PEDESTRIANS INVOLVED,,A,21800D,,1,7TH ST,1,,,A,,,ADELINE ST,,,B,7/23/2024 9:05:21 AM,1/28/2025 1:47:57 PM,,,2,,,,,,,
2513700,23-013973,2,False,0109,3/21/2023 7:33:00 PM,1933,21Y,14,109,Oakland,1,True,True,C,REAR END,,Tuesday,,,,,False,False,True,,E,PARKED MOTOR VEHICLE,,0,0,C,DARK-STREET LIGHTS,,,,,,,F,NOT IN ROAD,,A,22106,,1,LYNDE ST,2,,,B,E,20.0,FRUITVALE AV,F,,D,7/23/2024 9:05:20 AM,1/28/2025 1:47:57 PM,,,2,,,,,,,
2513694,23-013048,2,False,0109,3/16/2023 11:30:00 AM,1130,23X,14,109,Oakland,1,True,True,D,BROADSIDE,,Thursday,,,,,False,False,True,,C,OTHER MOTOR VEHICLE,,0,0,A,DAYLIGHT,,,,,,,A,NO PEDESTRIANS INVOLVED,,A,21457A,,1,INTERNATIONAL BL,2,,,A,,,38TH AV,,,B,7/23/2024 9:05:20 AM,1/28/2025 1:47:57 PM,,,2,,,,,,,
2513693,23-010554,2,False,0109,3/2/2023 7:00:00 PM,1900,19X,14,109,Oakland,1,True,True,D,BROADSIDE,,Thursday,,,M,,False,False,False,,C,OTHER MOTOR VEHICLE,,0,0,C,DARK-STREET LIGHTS,,,,,,,A,NO PEDESTRIANS INVOLVED,,A,22350,,1,E 15TH ST,2,,,A,,,2ND AV,,,D,7/23/2024 9:05:20 AM,1/28/2025 1:47:57 PM,,,2,,,,,,,
2513692,23-010925,2,False,0109,3/4/2023 8:05:00 PM,2005,19X,14,109,Oakland,1,True,True,C,REAR END,,Saturday,,,M,,False,False,False,,C,OTHER MOTOR VEHICLE,,0,0,B,DUSK-DAWN,,,,,,,A,NO PEDESTRIANS INVOLVED,,A,22350,,1,PARK BL,1,,,B,,,MONTCLAIR AV,,,D,7/23/2024 9:05:20 AM,1/28/2025 1:47:56 PM,,,2,,,,,,,
2513691,23-011089,2,False,0109,3/5/2023 11:19:00 PM,2319,16Y,14,109,Oakland,1,True,True,C,REAR END,,Sunday,,,M,,False,False,False,,E,PARKED MOTOR VEHICLE,,0,0,C,DARK-STREET LIGHTS,,,,,,,A,NO PEDESTRIANS INVOLVED,,A,22107,,1,MACARTHUR BL,1,,,B,E,50.0,MONTANA AV,F,,D,7/23/2024 9:05:20 AM,1/28/2025 1:47:57 PM,,,2,,,,,,,
2513690,23-010821,2,False,0109,3/4/2023 6:43:00 AM,643,19X,14,109,Oakland,1,True,True,D,BROADSIDE,,Saturday,,,M,,False,False,False,,E,PARKED MOTOR VEHICLE,,0,0,B,DUSK-DAWN,,,,,,,A,NO PEDESTRIANS INVOLVED,,A,22107,,1,21ST AV,1,,,A,N,50.0,INTERNATIONAL BL,F,,D,7/23/2024 9:05:20 AM,1/28/2025 1:47:56 PM,,,2,,,,,,,
2513689,23-010813,2,False,0109,3/4/2023 5:34:00 AM,534,27X,14,109,Oakland,1,True,True,H,OTHER,,Saturday,,,M,,False,False,False,,A,NON-COLLISION,,0,0,C,DARK-STREET LIGHTS,,,,,,,A,NO PEDESTRIANS INVOLVED,,A,22107,,1,INTERNATIONAL AV,2,,,A,,,44TH AV,,,A,7/23/2024 9:05:20 AM,1/28/2025 1:47:56 PM,,,2,,,,,,,
2513688,23-010778,2,False,0109,3/4/2023 11:40:00 AM,1140,04X,14,109,Oakland,1,True,True,C,REAR END,,Saturday,,,M,,False,False,False,,C,OTHER MOTOR VEHICLE,,0,0,C,DARK-STREET LIGHTS,,,,,,,A,NO PEDESTRIANS INVOLVED,,A,22350,,1,UNION ST,1,,,A,S,10.0,7TH ST,F,,A,7/23/2024 9:05:20 AM,1/28/2025 1:47:56 PM,,,2,,,,,,,
2513687,23-010787,2,False,0109,3/4/2023 12:25:00 AM,25,06X,14,109,Oakland,1,True,True,A,HEAD-ON,,Saturday,,,,,False,False,False,,B,PEDESTRIAN,,0,0,C,DARK-STREET LIGHTS,,,,,,,D,CROSSING - NOT IN CROSSWALK,,A,21954A,,1,MARTIN LUTHER KING JR WY,1,,,A,S,500.0,37TH ST,F,,D,7/23/2024 9:05:20 AM,1/28/2025 1:47:56 PM,,,2,,,,,,,
2513686,23-010800,2,False,0109,3/4/2023 2:41:00 AM,241,35X,14,109,Oakland,1,True,True,B,SIDE SWIPE,,Saturday,,,,,False,False,False,,E,PARKED MOTOR VEHICLE,,0,0,C,DARK-STREET LIGHTS,,,,,,,A,NO PEDESTRIANS INVOLVED,,A,22107,,1,BANCROFT AV,2,,,A,,,96TH AV,,,B,7/23/2024 9:05:20 AM,1/28/2025 1:47:56 PM,,,2,,,,,,,
2513685,23-014090,2,False,0109,3/22/2023 2:55:00 PM,1455,12Y,14,109,Oakland,1,True,True,D,BROADSIDE,,Wednesday,,,,,False,False,False,,C,OTHER MOTOR VEHICLE,,0,0,A,DAYLIGHT,,,,,,,A,NO PEDESTRIANS INVOLVED,,A,21800,,,TELEGRAPH AV,1,,,A,,,56TH ST,,,B,7/23/2024 9:05:20 AM,1/28/2025 1:47:56 PM,,,2,,,,,,,
2513684,23-013802,2,False,0109,3/20/2023 3:00:00 PM,1500,11X,14,109,Oakland,1,True,True,B,SIDE SWIPE,,Monday,,,M,,False,False,False,,C,OTHER MOTOR VEHICLE,,0,0,A,DAYLIGHT,,,,,,,A,NO PEDESTRIANS INVOLVED,,A,22107,,1,51ST ST,1,,,A,W,51.0,SHATTUCK AV,F,,A,7/23/2024 9:05:20 AM,1/28/2025 1:47:56 PM,,,2,,,,,,,
2513683,23-013328,2,False,0109,3/17/2023 6:33:00 PM,1833,19X,14,109,Oakland,1,True,True,D,BROADSIDE,,Friday,,,M,,False,False,True,,E,PARKED MOTOR VEHICLE,,0,0,A,DAYLIGHT,,,,,,,A,NO PEDESTRIANS INVOLVED,,A,22350,,1,E12TH ST,1,,,A,E,12.0,13TH AV,F,,D,7/23/2024 9:05:20 AM,1/28/2025 1:47:56 PM,,,2,,,,,,,