collision-id,report-number,report-version,is-preliminary,ncic-code,crash-date-time,crash-time-description,beat,city-id,city-code,city-name,county-code,city-is-active,city-is-incorporated,collision-type-code,collision-type-description,collision-type-other-desc,day-of-week,dispatch-notified,has-photographs,hit-run,is-attachments-mailed,is-deleted,is-highway-related,is-tow-away,judicial-district,motor-vehicle-involved-with-code,motor-vehicle-involved-with-desc,motor-vehicle-involved-with-other-desc,number-injured,number-killed,lighting-code,lighting-description,latitude,longitude,milepost-direction,milepost-distance,milepost-marker,milepost-unit-of-measure,pedestrian-action-code,pedestrian-action-desc,prepared-date,primary-collision-factor-code,primary-collision-factor-description,primary-collision-factor-is-cited,primary-collision-party-number,primary-road,reporting-district,reporting-district-code,reviewed-date,roadway-surface-code,secondary-direction,secondary-distance,secondary-road,secondary-unit-of-measure,sketch-desc,traffic-control-device-code,created-date,modified-date,is-county-road,is-freeway,chp-555-version,is-additonal-object-struck,notification-date,notification-time-description,has-digital-media-files,evidence-number,is-location-refer-to-narrative,is-aoi-one-same-as-location
2509041,23-025276,2,False,0109,5/20/2023 3:30:00 PM,1530,22X,14,109,Oakland,1,True,True,C,REAR END,,Saturday,,,,,False,True,False,,C,OTHER MOTOR VEHICLE,,0,0,A,DAYLIGHT,,,,,,,A,NO PEDESTRIANS INVOLVED,,A,22350,,1,RT 580,2,,,A,,,35TH AV,,,D,7/23/2024 9:01:54 AM,1/28/2025 1:44:07 PM,,,2,,,,,,,
2508124,23-010477,2,False,0109,3/3/2023 10:29:00 AM,1029,17X,14,109,Oakland,1,True,True,D,BROADSIDE,,Friday,,,,,False,False,False,,C,OTHER MOTOR VEHICLE,,1,0,A,DAYLIGHT,,,,,,,A,NO PEDESTRIANS INVOLVED,,A,21453A,,1,E 18TH ST,1,,,A,,,5TH AV,,,A,7/22/2024 7:29:30 PM,1/28/2025 1:43:45 PM,,,2,,,,,,,
2528278,23-029571,2,False,0109,6/12/2023 12:11:00 PM,1211,20X,14,109,Oakland,1,True,True,B,SIDE SWIPE,,Monday,,,F,,False,False,False,,G,BICYCLE,,1,0,A,DAYLIGHT,,,,,,,A,NO PEDESTRIANS INVOLVED,,A,22107,,1,INTERNATIONAL BL,2,,,A,E,25.0,26TH AV,F,,D,7/23/2024 9:18:56 AM,1/28/2025 2:01:10 PM,,,2,,,,,,,
2528277,23-028801,2,False,0109,6/8/2023 7:00:00 AM,700,23X,14,109,Oakland,1,True,True,G,VEHICLE/PEDESTRAIN,,Thursday,,,M,,False,False,False,,B,PEDESTRIAN,,1,0,A,DAYLIGHT,,,,,,,B,CROSSING IN CROSS WALK AT INTERSECTION,,A,21950A,,1,SAN LEANDRO ST,2,,,A,,,35TH AV,,,A,7/23/2024 9:18:56 AM,1/28/2025 2:01:09 PM,,,2,,,,,,,
2528179,23-027445,2,False,0109,6/1/2023 11:00:00 AM,1100,03X,14,109,Oakland,1,True,True,B,SIDE SWIPE,,Thursday,,,M,,False,False,False,,C,OTHER MOTOR VEHICLE,,0,0,A,DAYLIGHT,,,,,,,A,NO PEDESTRIANS INVOLVED,,A,22101D,,1,HARRISON ST,1,,,A,,,7TH ST,,,A,7/23/2024 9:18:50 AM,1/28/2025 2:01:04 PM,,,2,,,,,,,
2528178,23-027510,2,False,0109,6/1/2023 6:41:00 PM,1841,35X,14,109,Oakland,1,True,True,E,HIT OBJECT,,Thursday,,,M,,False,False,True,,I,FIXED OBJECT,,0,0,A,DAYLIGHT,,,,,,,A,NO PEDESTRIANS INVOLVED,,A,22107,,1,98TH AV,2,,,A,S,200.0,LAS VEGAS AV,F,,D,7/23/2024 9:18:50 AM,1/28/2025 2:01:04 PM,,,2,,,,,,,
2528177,23-028870,2,False,0109,6/8/2023 7:58:00 PM,1958,19X,14,109,Oakland,1,True,True,D,BROADSIDE,,Thursday,,,M,,False,False,False,,C,OTHER MOTOR VEHICLE,,0,0,A,DAYLIGHT,,,,,,,A,NO PEDESTRIANS INVOLVED,,A,22450A,,1,E 15TH ST,1,,,A,,,9TH AV,,,D,7/23/2024 9:18:50 AM,1/28/2025 2:01:04 PM,,,2,,,,,,,
2528176,23-027526,2,False,0109,6/1/2023 9:04:00 PM,2104,14X,14,109,Oakland,1,True,True,H,OTHER,,Thursday,,,M,,False,False,False,,C,OTHER MOTOR VEHICLE,,0,0,C,DARK-STREET LIGHTS,,,,,,,A,NO PEDESTRIANS INVOLVED,,A,22107,,1,GRAND AV,1,,,A,,,BELLEVUE AV,,,D,7/23/2024 9:18:50 AM,1/28/2025 2:01:04 PM,,,2,,,,,,,
2528175,23-028933,2,False,0109,6/9/2023 3:47:00 AM,347,21X,14,109,Oakland,1,True,True,A,HEAD-ON,,Friday,,,M,,False,False,True,,E,PARKED MOTOR VEHICLE,,0,0,C,DARK-STREET LIGHTS,,,,,,,A,NO PEDESTRIANS INVOLVED,,D,,,,COOLIDGE AV,2,,,A,S,25.0,PRENTISS ST,F,,D,7/23/2024 9:18:50 AM,1/28/2025 2:01:04 PM,,,2,,,,,,,
2528174,23-028652,2,False,0109,6/7/2023 3:55:00 PM,1555,20X,14,109,Oakland,1,True,True,B,SIDE SWIPE,,Wednesday,,,M,,False,False,True,,,,,0,0,A,DAYLIGHT,,,,,,,A,NO PEDESTRIANS INVOLVED,,A,22107,,1,26TH AV,2,,,A,N,15.0,12TH ST,F,,D,7/23/2024 9:18:50 AM,1/28/2025 2:01:04 PM,,,2,,,,,,,
2528173,23-028828,2,False,0109,6/8/2023 2:24:00 PM,1424,19X,14,109,Oakland,1,True,True,C,REAR END,,Thursday,,,,,False,False,False,,C,OTHER MOTOR VEHICLE,,0,0,A,DAYLIGHT,,,,,,,A,NO PEDESTRIANS INVOLVED,,A,22350,,1,E 12TH ST,1,,,A,,,22ND AV,,,A,7/23/2024 9:18:50 AM,1/28/2025 2:01:04 PM,,,2,,,,,,,
2528136,23-023994,2,False,0109,5/14/2023 1:54:00 AM,154,23X,14,109,Oakland,1,True,True,B,SIDE SWIPE,,Sunday,,,M,,False,False,True,,C,OTHER MOTOR VEHICLE,,1,0,C,DARK-STREET LIGHTS,,,,,,,A,NO PEDESTRIANS INVOLVED,,A,22107,,1,35TH AV,2,,,A,,,E 15TH ST,,,D,7/23/2024 9:18:48 AM,1/28/2025 2:01:02 PM,,,2,,,,,,,
2528135,23-024027,2,False,0109,5/14/2023 9:12:00 AM,912,23X,14,109,Oakland,1,True,True,D,BROADSIDE,,Sunday,,,M,,False,False,False,,C,OTHER MOTOR VEHICLE,,1,0,A,DAYLIGHT,,,,,,,A,NO PEDESTRIANS INVOLVED,,A,21453A,,1,INTERNATIONAL BL,2,,,A,,,42ND AV,,,A,7/23/2024 9:18:48 AM,1/28/2025 2:01:02 PM,,,2,,,,,,,
2528134,23-023699,2,False,0109,5/12/2023 1:02:00 PM,1302,05X,14,109,Oakland,1,True,True,G,VEHICLE/PEDESTRAIN,,Friday,,,,,False,False,False,,B,PEDESTRIAN,,1,0,A,DAYLIGHT,,,,,,,F,NOT IN ROAD,,C,,,,MARITIME ST,1,,,A,,,ADMIRAL TONEY WY,,,A,7/23/2024 9:18:48 AM,1/28/2025 2:01:02 PM,,,2,,,,,,,
2528133,23-023542,2,False,0109,5/11/2023 6:27:00 PM,1827,13X,14,109,Oakland,1,True,True,H,OTHER,,Thursday,,,,,False,False,False,,A,NON-COLLISION,,1,0,A,DAYLIGHT,,,,,,,A,NO PEDESTRIANS INVOLVED,,A,22350,,1,GRIZZLY PEAK BL,1,,,A,E,0.7,SOUTH PARK DR,M,,D,7/23/2024 9:18:48 AM,1/28/2025 2:01:02 PM,,,2,,,,,,,
2528132,23-022392,2,False,0109,5/6/2023 8:13:00 AM,813,05X,14,109,Oakland,1,True,True,B,SIDE SWIPE,,Saturday,,,,,False,False,True,,D,MOTOR VEHICLE ON OTHER ROADWAY,,2,0,A,DAYLIGHT,,,,,,,A,NO PEDESTRIANS INVOLVED,,A,22106,,1,MARKET ST,1,,,B,,,19TH ST,,,C,7/23/2024 9:18:48 AM,1/28/2025 2:01:02 PM,,,2,,,,,,,
2528131,23-022255,2,False,0109,5/5/2023 10:18:00 PM,2218,13X,14,109,Oakland,1,True,True,G,VEHICLE/PEDESTRAIN,,Friday,,,,,False,False,False,,B,PEDESTRIAN,,2,0,D,DARK-NO STREET LIGHTS,,,,,,,E,IN ROAD - INCLUDES SHOULDER,,A,22107,,1,THORNHILL DR,1,,,B,N,25.0,ARMOUR DR,F,,D,7/23/2024 9:18:48 AM,1/28/2025 2:01:02 PM,,,2,,,,,,,
2528130,23-024965,2,False,0109,5/18/2023 8:42:00 PM,2042,19X,14,109,Oakland,1,True,True,C,REAR END,,Thursday,,,F,,False,False,False,,C,OTHER MOTOR VEHICLE,,1,0,B,DUSK-DAWN,,,,,,,A,NO PEDESTRIANS INVOLVED,,A,22102,,1,INTERNATIONAL BL,1,,,A,E,100.0,14TH AV,F,,A,7/23/2024 9:18:47 AM,1/28/2025 2:01:02 PM,,,2,,,,,,,
2528129,23-024829,2,False,0109,5/18/2023 8:53:00 AM,853,13X,14,109,Oakland,1,True,True,B,SIDE SWIPE,,Thursday,,,,,False,False,False,,C,OTHER MOTOR VEHICLE,,1,0,A,DAYLIGHT,,,,,,,A,NO PEDESTRIANS INVOLVED,,A,21801A,,1,MORAGA AV,1,,,A,,,ESTATES DR,,,D,7/23/2024 9:18:47 AM,1/28/2025 2:01:02 PM,,,2,,,,,,,
2528127,23-024242,2,False,0109,5/15/2023 2:12:00 PM,1412,07X,14,109,Oakland,1,True,True,D,BROADSIDE,,Monday,,,,,False,False,False,,C,OTHER MOTOR VEHICLE,,1,0,A,DAYLIGHT,,,,,,,A,NO PEDESTRIANS INVOLVED,,A,21802A,,1,WEST GRAND AV,1,,,A,,,CAMPBELL ST,,,A,7/23/2024 9:18:47 AM,1/28/2025 2:01:02 PM,,,2,,,,,,,
2528125,23-023298,2,False,0109,5/10/2023 5:49:00 PM,1749,04X,14,109,Oakland,1,True,True,D,BROADSIDE,,Wednesday,,,,,False,False,False,,C,OTHER MOTOR VEHICLE,,1,0,,,,,,,,,A,NO PEDESTRIANS INVOLVED,,A,21801A,,1,HARRISON ST,1,,,A,,,15TH ST,,,A,7/23/2024 9:18:47 AM,1/28/2025 2:01:02 PM,,,2,,,,,,,
2528118,23-009959,2,False,0109,2/27/2023 3:38:00 PM,1538,26X,14,109,Oakland,1,True,True,B,SIDE SWIPE,,Monday,,,,,False,False,False,,C,OTHER MOTOR VEHICLE,,1,0,A,DAYLIGHT,,,,,,,A,NO PEDESTRIANS INVOLVED,,D,,,,INTERNATIONAL BL,2,,,A,E,50.0,57TH AV,F,,D,7/23/2024 9:18:47 AM,1/28/2025 2:01:01 PM,,,2,,,,,,,
2528117,23-008417,2,False,0109,2/18/2023 3:21:00 PM,1521,26X,14,109,Oakland,1,True,True,H,OTHER,,Saturday,,,M,,False,False,False,,B,PEDESTRIAN,,1,0,A,DAYLIGHT,,,,,,,E,IN ROAD - INCLUDES SHOULDER,,D,,,,79TH AV,2,,,A,,,RUDSDALE ST,,,A,7/23/2024 9:18:46 AM,1/28/2025 2:01:01 PM,,,2,,,,,,,
2528116,23-007349,2,False,0109,2/10/2023 4:30:00 PM,1630,25X,14,109,Oakland,1,True,True,B,SIDE SWIPE,,Friday,,,,,False,False,True,,E,PARKED MOTOR VEHICLE,,1,0,A,DAYLIGHT,,,,,,,A,NO PEDESTRIANS INVOLVED,,A,22107,,1,39TH AV,2,,,A,N,200.0,BAYO ST,F,,D,7/23/2024 9:18:46 AM,1/28/2025 2:01:01 PM,,,2,,,,,,,
2528114,23-009085,2,False,0109,2/22/2023 9:26:00 AM,926,03X,14,109,Oakland,1,True,True,D,BROADSIDE,,Wednesday,,,,,False,False,True,,C,OTHER MOTOR VEHICLE,,2,0,A,DAYLIGHT,,,,,,,A,NO PEDESTRIANS INVOLVED,,A,21801A,,1,BROADWAY,1,,,A,,,7TH ST,,,A,7/23/2024 9:18:46 AM,1/28/2025 2:01:01 PM,,,2,,,,,,,
2528097,23-002292,2,False,0109,1/14/2023 2:23:00 AM,223,03X,14,109,Oakland,1,True,True,F,OVERTURNED,,Saturday,,,M,,False,False,False,,B,PEDESTRIAN,,2,0,C,DARK-STREET LIGHTS,,,,,,,E,IN ROAD - INCLUDES SHOULDER,,A,21453,,1,11TH ST,1,,,B,,,MADISON ST,,,D,7/23/2024 9:18:45 AM,1/28/2025 2:01:00 PM,,,2,,,,,,,
2528094,23-003507,2,False,0109,1/21/2023 7:06:00 AM,706,27X,14,109,Oakland,1,True,True,G,VEHICLE/PEDESTRAIN,,Saturday,,,,,False,False,False,,,,,1,0,A,DAYLIGHT,,,,,,,C,CROSSING IN CROSS WALK - NOT AT INTERSECTION,,A,21950A,,2,50TH AV,2,,,A,N,5.0,BANCROFT,F,,A,7/23/2024 9:18:45 AM,1/28/2025 2:01:00 PM,,,2,,,,,,,
2528093,23-002632,2,False,0109,1/16/2023 11:32:00 AM,1132,12Y,14,109,Oakland,1,True,True,D,BROADSIDE,,Monday,,,,,False,False,False,,C,OTHER MOTOR VEHICLE,,1,0,A,DAYLIGHT,,,,,,,A,NO PEDESTRIANS INVOLVED,,A,21453A,,1,BROADWAY,1,,,A,,,CORONADO AV,,,A,7/23/2024 9:18:45 AM,1/28/2025 2:01:00 PM,,,2,,,,,,,
2528092,23-004910,2,False,0109,1/29/2023 11:17:00 PM,2317,31Z,14,109,Oakland,1,True,True,B,SIDE SWIPE,,Sunday,,,,,False,False,False,,E,PARKED MOTOR VEHICLE,,2,0,C,DARK-STREET LIGHTS,,,,,,,A,NO PEDESTRIANS INVOLVED,,A,22350,,1,SAN LEANDRO ST,2,,,A,W,200.0,105TH AV,F,,D,7/23/2024 9:18:45 AM,1/28/2025 2:01:00 PM,,,2,,,,,,,
2528091,23-003934,2,False,0109,1/23/2023 3:59:00 PM,1559,08X,14,109,Oakland,1,True,True,G,VEHICLE/PEDESTRAIN,,Monday,,,,,False,False,False,,B,PEDESTRIAN,,1,0,A,DAYLIGHT,,,,,,,B,CROSSING IN CROSS WALK AT INTERSECTION,,A,21950A,,1,28TH ST,1,,,A,,,SUMMIT ST,,,B,7/23/2024 9:18:45 AM,1/28/2025 2:01:00 PM,,,2,,,,,,,
2528089,23-000873,2,False,0109,1/6/2023 12:25:00 AM,25,08X,14,109,Oakland,1,True,True,G,VEHICLE/PEDESTRAIN,,Friday,,,,,False,False,False,,B,PEDESTRIAN,,1,0,C,DARK-STREET LIGHTS,,,,,,,C,CROSSING IN CROSS WALK - NOT AT INTERSECTION,,A,21453D,,1,TELEGRAPH AV,1,,,A,,,W GRAND AV,,,A,7/23/2024 9:18:44 AM,1/28/2025 2:01:00 PM,,,2,,,,,,,
2528088,23-001389,2,False,0109,1/9/2023 7:54:00 AM,754,23X,14,109,Oakland,1,True,True,C,REAR END,,Monday,,,,,False,False,False,,E,PARKED MOTOR VEHICLE,,2,0,A,DAYLIGHT,,,,,,,F,NOT IN ROAD,,A,22107,,1,FOOTHILL BL,2,,,B,E,90.0,FRUITVALE AV,F,,A,7/23/2024 9:18:44 AM,1/28/2025 2:01:00 PM,,,2,,,,,,,
2528087,23-002261,2,False,0109,1/13/2023 9:25:00 PM,2125,15X,14,109,Oakland,1,True,True,D,BROADSIDE,,Friday,,,,,False,False,False,,C,OTHER MOTOR VEHICLE,,1,0,C,DARK-STREET LIGHTS,,,,,,,A,NO PEDESTRIANS INVOLVED,,A,21460A,,1,PARK BL,1,,,A,,,E 18TH ST,,,A,7/23/2024 9:18:44 AM,1/28/2025 2:00:59 PM,,,2,,,,,,,
2528086,23-004198,2,False,0109,1/24/2023 10:14:00 PM,2214,26X,14,109,Oakland,1,True,True,D,BROADSIDE,,Tuesday,,,,,False,False,True,,C,OTHER MOTOR VEHICLE,,2,0,C,DARK-STREET LIGHTS,,,,,,,A,NO PEDESTRIANS INVOLVED,,A,21802A,,1,E 12TH ST,2,,,A,,,45TH AV,,,A,7/23/2024 9:18:44 AM,1/28/2025 2:00:59 PM,,,2,,,,,,,
2528085,23-003595,2,False,0109,1/21/2023 6:12:00 PM,1812,23X,14,109,Oakland,1,True,True,D,BROADSIDE,,Saturday,,,F,,False,False,True,,C,OTHER MOTOR VEHICLE,,2,0,C,DARK-STREET LIGHTS,,,,,,,A,NO PEDESTRIANS INVOLVED,,A,21801A,,1,FOOTHILL BL,2,,,A,,,HIGH ST,,,A,7/23/2024 9:18:44 AM,1/28/2025 2:00:59 PM,,,2,,,,,,,
2528057,23-025600,2,False,0109,5/22/2023 5:31:00 PM,1731,02X,14,109,Oakland,1,True,True,B,SIDE SWIPE,,Monday,,,,,False,False,False,,C,OTHER MOTOR VEHICLE,,0,0,A,DAYLIGHT,,,,,,,A,NO PEDESTRIANS INVOLVED,,A,21453A,,1,14TH ST,1,,,A,,,ADELINE ST,,,A,7/23/2024 9:18:42 AM,1/28/2025 2:00:58 PM,,,2,,,,,,,
2528056,23-025842,2,False,0109,5/23/2023 12:16:00 PM,1216,29X,14,109,Oakland,1,True,True,B,SIDE SWIPE,,Tuesday,,,,,False,False,False,,E,PARKED MOTOR VEHICLE,,0,0,C,DARK-STREET LIGHTS,,,,,,,A,NO PEDESTRIANS INVOLVED,,A,22107,,1,LAIRD AV,1,,,A,E,30.0,62ND AV,F,,A,7/23/2024 9:18:42 AM,1/28/2025 2:00:58 PM,,,2,,,,,,,
2528055,23-025808,2,False,0109,5/23/2023 6:41:00 PM,1841,20X,14,109,Oakland,1,True,True,D,BROADSIDE,,Tuesday,,,,,False,False,True,,C,OTHER MOTOR VEHICLE,,0,0,A,DAYLIGHT,,,,,,,A,NO PEDESTRIANS INVOLVED,,A,22107,,1,ELMWOOD AV,2,,,A,,,DEL MONTE WY,,,D,7/23/2024 9:18:42 AM,1/28/2025 2:00:58 PM,,,2,,,,,,,
2528054,23-022222,2,False,0109,5/5/2023 7:36:00 PM,1936,35X,14,109,Oakland,1,True,True,F,OVERTURNED,,Friday,,,,,False,False,True,,A,NON-COLLISION,,0,0,A,DAYLIGHT,,,,,,,A,NO PEDESTRIANS INVOLVED,,A,22350,,1,GOLF LINKS RD,2,,,B,E,300.0,MOUNTAIN BL,F,,D,7/23/2024 9:18:42 AM,1/28/2025 2:00:58 PM,,,2,,,,,,,
2528053,23-022237,2,False,0109,5/5/2023 8:46:00 PM,2046,27X,14,109,Oakland,1,True,True,D,BROADSIDE,,Friday,,,,,False,False,True,,C,OTHER MOTOR VEHICLE,,0,0,C,DARK-STREET LIGHTS,,,,,,,A,NO PEDESTRIANS INVOLVED,,A,21802A,,1,BANCROFT AV,2,,,B,,,46TH AV,,,D,7/23/2024 9:18:42 AM,1/28/2025 2:00:58 PM,,,2,,,,,,,
2528052,23-021300,2,False,0109,5/1/2023 1:12:00 AM,112,04X,14,109,Oakland,1,True,True,B,SIDE SWIPE,,Monday,,,M,,False,False,True,,E,PARKED MOTOR VEHICLE,,0,0,C,DARK-STREET LIGHTS,,,,,,,A,NO PEDESTRIANS INVOLVED,,A,22107,,1,BROADWAY,1,,,A,N,50.0,23RD ST,F,,D,7/23/2024 9:18:42 AM,1/28/2025 2:00:58 PM,,,2,,,,,,,
2528051,23-024127,2,False,0109,5/14/2023 9:57:00 PM,2157,04X,14,109,Oakland,1,True,True,D,BROADSIDE,,Sunday,,,M,,False,False,False,,C,OTHER MOTOR VEHICLE,,0,0,C,DARK-STREET LIGHTS,,,,,,,A,NO PEDESTRIANS INVOLVED,,A,22107,,1,18TH ST,1,,,A,,,TELEGRAPH AV,,,A,7/23/2024 9:18:42 AM,1/28/2025 2:00:58 PM,,,2,,,,,,,
2527982,23-004676,2,False,0109,1/27/2023 2:53:00 PM,1453,08X,14,109,Oakland,1,True,True,D,BROADSIDE,,Friday,,,,,False,False,False,,C,OTHER MOTOR VEHICLE,,0,0,A,DAYLIGHT,,,,,,,A,NO PEDESTRIANS INVOLVED,,A,21802A,,1,TELEGRAPH AV,1,,,A,E,5.0,SYCAMORE ST,F,,D,7/23/2024 9:18:38 AM,1/28/2025 2:00:54 PM,,,2,,,,,,,
2527981,23-055389,2,False,0109,1/31/2023 12:12:00 PM,1212,10Y,14,109,Oakland,1,True,True,D,BROADSIDE,,Tuesday,,,,,False,False,False,,C,OTHER MOTOR VEHICLE,,0,0,A,DAYLIGHT,,,,,,,A,NO PEDESTRIANS INVOLVED,,A,21453A,,1,MARTIN LUTHER KING JR WY,1,,,A,N,1.0,52ND ST,F,,A,7/23/2024 9:18:38 AM,1/28/2025 2:00:54 PM,,,2,,,,,,,
2527980,23-005113,2,False,0109,1/30/2023 4:40:00 AM,440,30X,14,109,Oakland,1,True,True,A,HEAD-ON,,Monday,,,M,,False,False,False,,I,FIXED OBJECT,,0,0,C,DARK-STREET LIGHTS,,,,,,,A,NO PEDESTRIANS INVOLVED,,A,22107,,1,MACARTHUR BL,2,,,A,,,73RD AV,,,A,7/23/2024 9:18:38 AM,1/28/2025 2:00:54 PM,,,2,,,,,,,
2527979,23-003805,2,False,0109,1/23/2023 12:38:00 AM,38,27X,14,109,Oakland,1,True,True,H,OTHER,,Monday,,,M,,False,False,False,,I,FIXED OBJECT,,0,0,C,DARK-STREET LIGHTS,,,,,,,A,NO PEDESTRIANS INVOLVED,,A,22107,,1,INTERNATIONAL BL,2,,,A,W,100.0,58TH AV,F,,D,7/23/2024 9:18:38 AM,1/28/2025 2:00:54 PM,,,2,,,,,,,
2527978,23-002226,2,False,0109,1/13/2023 1:50:00 PM,1350,26X,14,109,Oakland,1,True,True,A,HEAD-ON,,Friday,,,,,False,False,True,,C,OTHER MOTOR VEHICLE,,0,0,A,DAYLIGHT,,,,,,,A,NO PEDESTRIANS INVOLVED,,A,21801A,,1,75TH AV,2,,,B,,,HAWLEY ST,,,D,7/23/2024 9:18:37 AM,1/28/2025 2:00:54 PM,,,2,,,,,,,
2527977,23-001253,2,False,0109,1/8/2023 9:39:00 AM,939,27Y,14,109,Oakland,1,True,True,C,REAR END,,Sunday,,,,,False,False,False,,C,OTHER MOTOR VEHICLE,,0,0,A,DAYLIGHT,,,,,,,A,NO PEDESTRIANS INVOLVED,,A,22350,,1,HIGH ST,2,,,A,S,60.0,BROOKDALE AV,F,,A,7/23/2024 9:18:37 AM,1/28/2025 2:00:54 PM,,,2,,,,,,,
2527976,23-009302,2,False,0109,1/25/2023 7:10:00 PM,1910,19X,14,109,Oakland,1,True,True,A,HEAD-ON,,Wednesday,,,M,,False,False,False,,C,OTHER MOTOR VEHICLE,,0,0,C,DARK-STREET LIGHTS,,,,,,,A,NO PEDESTRIANS INVOLVED,,A,21801A,,1,E 12TH ST,1,,,A,,,21ST AV,,,D,7/23/2024 9:18:37 AM,1/28/2025 2:00:54 PM,,,2,,,,,,,
2527975,23-0019,2,False,0109,1/12/2023 10:30:00 AM,1030,10X,14,109,Oakland,1,True,True,B,SIDE SWIPE,,Thursday,,,M,,False,False,False,,E,PARKED MOTOR VEHICLE,,0,0,A,DAYLIGHT,,,,,,,A,NO PEDESTRIANS INVOLVED,,A,22107,,1,60TH ST,1,,,A,E,20.0,IDAHO ST,F,,D,7/23/2024 9:18:37 AM,1/28/2025 2:00:54 PM,,,2,,,,,,,
2527961,23-009571,2,False,0109,2/25/2023 11:08:00 AM,1108,34X,14,109,Oakland,1,True,True,H,OTHER,,Saturday,,,,,False,False,False,,C,OTHER MOTOR VEHICLE,,0,0,A,DAYLIGHT,,,,,,,A,NO PEDESTRIANS INVOLVED,,A,22107,,1,98TH AV,2,,,A,N,10.0,MEDFORD AV,F,,D,7/23/2024 9:18:36 AM,1/28/2025 2:00:53 PM,,,2,,,,,,,
2527960,23-010048,2,False,0109,2/28/2023 5:15:00 AM,515,08X,14,109,Oakland,1,True,True,D,BROADSIDE,,Tuesday,,,M,,False,False,False,,C,OTHER MOTOR VEHICLE,,0,0,B,DUSK-DAWN,,,,,,,A,NO PEDESTRIANS INVOLVED,,A,21453A,,1,CASTRO ST,1,,,B,,,SAN PABLO AV,,,A,7/23/2024 9:18:36 AM,1/28/2025 2:00:53 PM,,,2,,,,,,,
2527959,23-007943,2,False,0109,2/15/2023 8:30:00 AM,830,03X,14,109,Oakland,1,True,True,A,HEAD-ON,,Wednesday,,,,,False,False,False,,C,OTHER MOTOR VEHICLE,,0,0,A,DAYLIGHT,,,,,,,A,NO PEDESTRIANS INVOLVED,,A,22450,,1,19TH ST,1,,,A,,,MARTIN LUTHER KING JR WY,,,A,7/23/2024 9:18:36 AM,1/28/2025 2:00:53 PM,,,2,,,,,,,
2527958,23-008699,2,False,0109,2/20/2023 1:26:00 AM,126,34X,14,109,Oakland,1,True,True,C,REAR END,,Monday,,,M,,False,False,False,,E,PARKED MOTOR VEHICLE,,0,0,D,DARK-NO STREET LIGHTS,,,,,,,A,NO PEDESTRIANS INVOLVED,,A,22107,,1,PLYMOUTH ST,2,,,A,W,10.0,85TH AV,F,,D,7/23/2024 9:18:36 AM,1/28/2025 2:00:53 PM,,,2,,,,,,,
2527957,23-007502,2,False,0109,2/16/2023 1:00:00 AM,100,12X,14,109,Oakland,1,True,True,B,SIDE SWIPE,,Thursday,,,M,,False,False,True,,E,PARKED MOTOR VEHICLE,,0,0,C,DARK-STREET LIGHTS,,,,,,,A,NO PEDESTRIANS INVOLVED,,A,22107,,1,CHABOT RD,1,,,A,E,30.0,CHABOT CREST,F,,,7/23/2024 9:18:36 AM,1/28/2025 2:00:53 PM,,,2,,,,,,,
2527956,23-008360,2,False,0109,2/18/2023 8:15:00 AM,815,29X,14,109,Oakland,1,True,True,A,HEAD-ON,,Saturday,,,M,,False,False,False,,I,FIXED OBJECT,,0,0,A,DAYLIGHT,,,,,,,A,NO PEDESTRIANS INVOLVED,,A,22107,,1,MACARTHUR BL,2,,,A,E,5.0,68TH AV,F,,A,7/23/2024 9:18:36 AM,1/28/2025 2:00:53 PM,,,2,,,,,,,
2527955,23-006672,2,False,0109,2/7/2023 9:04:00 PM,2104,29X,14,109,Oakland,1,True,True,C,REAR END,,Tuesday,,,M,,False,False,False,,E,PARKED MOTOR VEHICLE,,0,0,C,DARK-STREET LIGHTS,,,,,,,A,NO PEDESTRIANS INVOLVED,,A,22107,,1,BANCROFT AV,2,,,A,E,60.0,62ND AV,F,,D,7/23/2024 9:18:36 AM,1/28/2025 2:00:53 PM,,,2,,,,,,,
2527954,23-006588,2,False,0109,2/6/2023 3:22:00 PM,1522,05X,14,109,Oakland,1,True,True,D,BROADSIDE,,Monday,,,M,,False,False,False,,C,OTHER MOTOR VEHICLE,,0,0,A,DAYLIGHT,,,,,,,A,NO PEDESTRIANS INVOLVED,,A,21801A,,1,MARKET ST,1,,,A,,,21ST ST,,,D,7/23/2024 9:18:36 AM,1/28/2025 2:00:53 PM,,,2,,,,,,,
2527953,23-006060,2,False,0109,2/3/2023 5:07:00 PM,1707,19X,14,109,Oakland,1,True,True,D,BROADSIDE,,Friday,,,,,False,False,False,,C,OTHER MOTOR VEHICLE,,0,0,B,DUSK-DAWN,,,,,,,A,NO PEDESTRIANS INVOLVED,,A,21453A,,1,22ND AV,1,,,B,,,INTERNATIONAL BL,,,A,7/23/2024 9:18:36 AM,1/28/2025 2:00:52 PM,,,2,,,,,,,
2527952,23-006218,2,False,0109,2/4/2023 3:32:00 PM,1532,26Y,14,109,Oakland,1,True,True,B,SIDE SWIPE,,Saturday,,,F,,False,False,False,,C,OTHER MOTOR VEHICLE,,0,0,A,DAYLIGHT,,,,,,,A,NO PEDESTRIANS INVOLVED,,A,22107,,1,54TH AV,2,,,B,,,INTERNATIONAL BL,,,A,7/23/2024 9:18:36 AM,1/28/2025 2:00:52 PM,,,2,,,,,,,
2527951,23-005842,2,False,0109,2/2/2023 4:49:00 PM,1649,17X,14,109,Oakland,1,True,True,E,HIT OBJECT,,Thursday,,,,,False,False,False,,E,PARKED MOTOR VEHICLE,,0,0,B,DUSK-DAWN,,,,,,,A,NO PEDESTRIANS INVOLVED,,A,22107,,1,E 28TH ST,1,,,A,W,200.0,9TH AV,F,,A,7/23/2024 9:18:36 AM,1/28/2025 2:00:52 PM,,,2,,,,,,,
2527950,23-010156,2,False,0109,2/28/2023 6:20:00 PM,1820,30X,14,109,Oakland,1,True,True,C,REAR END,,Tuesday,,,M,,False,False,False,,C,OTHER MOTOR VEHICLE,,0,0,C,DARK-STREET LIGHTS,,,,,,,A,NO PEDESTRIANS INVOLVED,,A,22350,,1,INTERNATIONAL BL,2,,,B,S,200.0,76TH AV,F,,A,7/23/2024 9:18:36 AM,1/28/2025 2:00:52 PM,,,2,,,,,,,