collision-id,report-number,report-version,is-preliminary,ncic-code,crash-date-time,crash-time-description,beat,city-id,city-code,city-name,county-code,city-is-active,city-is-incorporated,collision-type-code,collision-type-description,collision-type-other-desc,day-of-week,dispatch-notified,has-photographs,hit-run,is-attachments-mailed,is-deleted,is-highway-related,is-tow-away,judicial-district,motor-vehicle-involved-with-code,motor-vehicle-involved-with-desc,motor-vehicle-involved-with-other-desc,number-injured,number-killed,lighting-code,lighting-description,latitude,longitude,milepost-direction,milepost-distance,milepost-marker,milepost-unit-of-measure,pedestrian-action-code,pedestrian-action-desc,prepared-date,primary-collision-factor-code,primary-collision-factor-description,primary-collision-factor-is-cited,primary-collision-party-number,primary-road,reporting-district,reporting-district-code,reviewed-date,roadway-surface-code,secondary-direction,secondary-distance,secondary-road,secondary-unit-of-measure,sketch-desc,traffic-control-device-code,created-date,modified-date,is-county-road,is-freeway,chp-555-version,is-additonal-object-struck,notification-date,notification-time-description,has-digital-media-files,evidence-number,is-location-refer-to-narrative,is-aoi-one-same-as-location
2527949,23-010169,2,False,0109,2/28/2023 8:12:00 PM,2012,32X,14,109,Oakland,1,True,True,B,SIDE SWIPE,,Tuesday,,,,,False,False,False,,C,OTHER MOTOR VEHICLE,,0,0,C,DARK-STREET LIGHTS,,,,,,,A,NO PEDESTRIANS INVOLVED,,A,22107,,1,INTERNATIONAL BL,2,,,B,W,5.0,103RD AV,F,,A,7/23/2024 9:18:36 AM,1/28/2025 2:00:52 PM,,,2,,,,,,,
2527941,23-014089,2,False,0109,3/22/2023 1:45:00 PM,1345,17Y,14,109,Oakland,1,True,True,C,REAR END,,Wednesday,,,,,False,False,True,,E,PARKED MOTOR VEHICLE,,0,0,A,DAYLIGHT,,,,,,,A,NO PEDESTRIANS INVOLVED,,A,23152A,,1,13TH AV,1,,,A,S,50.0,BELLA VISTA AV,F,,A,7/23/2024 9:18:35 AM,1/28/2025 2:00:52 PM,,,2,,,,,,,
2527940,23-015600,2,False,0109,3/31/2023 12:00:00 PM,1200,34X,14,109,Oakland,1,True,True,B,SIDE SWIPE,,Friday,,,,,False,False,False,,C,OTHER MOTOR VEHICLE,,0,0,A,DAYLIGHT,,,,,,,A,NO PEDESTRIANS INVOLVED,,A,21453A,,1,90TH AV,2,,,A,,,INTERNATIONAL BL,,,A,7/23/2024 9:18:35 AM,1/28/2025 2:00:52 PM,,,2,,,,,,,
2527939,23-015340,2,False,0109,3/30/2023 4:16:00 AM,416,17X,14,109,Oakland,1,True,True,B,SIDE SWIPE,,Thursday,,,M,,False,False,True,,E,PARKED MOTOR VEHICLE,,0,0,C,DARK-STREET LIGHTS,,,,,,,A,NO PEDESTRIANS INVOLVED,,A,22107,,1,13TH AV,1,,,A,N,15.0,E 23RD ST,F,,D,7/23/2024 9:18:35 AM,1/28/2025 2:00:52 PM,,,2,,,,,,,
2527938,23-015240,2,False,0109,3/29/2023 1:39:00 PM,1339,33X,14,109,Oakland,1,True,True,H,OTHER,,Wednesday,,,,,False,False,True,,E,PARKED MOTOR VEHICLE,,0,0,A,DAYLIGHT,,,,,,,A,NO PEDESTRIANS INVOLVED,,A,22107,,1,INTERNATIONAL BL,2,,,B,E,15.0,84TH AV,F,,D,7/23/2024 9:18:35 AM,1/28/2025 2:00:52 PM,,,2,,,,,,,
2527937,23-01450,2,False,0109,3/25/2023 3:48:00 PM,1548,26X,14,109,Oakland,1,True,True,B,SIDE SWIPE,,Saturday,,,M,,False,False,False,,E,PARKED MOTOR VEHICLE,,0,0,A,DAYLIGHT,,,,,,,A,NO PEDESTRIANS INVOLVED,,A,22107,,1,52ND AV,2,,,A,S,100.0,INTERNATIONAL BL,F,,D,7/23/2024 9:18:35 AM,1/28/2025 2:00:52 PM,,,2,,,,,,,
2527936,23-014813,2,False,0109,3/26/2023 7:29:00 PM,1929,14X,14,109,Oakland,1,True,True,D,BROADSIDE,,Sunday,,,,,False,False,True,,C,OTHER MOTOR VEHICLE,,0,0,C,DARK-STREET LIGHTS,,,,,,,A,NO PEDESTRIANS INVOLVED,,A,21453A,,1,GRAND AV,1,,,A,,,LAKE PARK AV,,,A,7/23/2024 9:18:35 AM,1/28/2025 2:00:52 PM,,,2,,,,,,,
2527935,23-013984,2,False,0109,3/22/2023 10:48:00 PM,2248,20X,14,109,Oakland,1,True,True,B,SIDE SWIPE,,Wednesday,,,M,,False,False,True,,E,PARKED MOTOR VEHICLE,,0,0,C,DARK-STREET LIGHTS,,,,,,,A,NO PEDESTRIANS INVOLVED,,A,22107,,1,FOOTHILL BL,2,,,A,E,50.0,MITCHELL ST,F,,C,7/23/2024 9:18:35 AM,1/28/2025 2:00:51 PM,,,2,,,,,,,
2527934,23-014294,2,False,0109,3/23/2023 7:52:00 PM,1952,27X,14,109,Oakland,1,True,True,A,HEAD-ON,,Thursday,,,,,False,False,False,,C,OTHER MOTOR VEHICLE,,0,0,A,DAYLIGHT,,,,,,,A,NO PEDESTRIANS INVOLVED,,A,21802A,,1,46TH AV,2,,,B,,,BANCROFT AV,,,D,7/23/2024 9:18:35 AM,1/28/2025 2:00:51 PM,,,2,,,,,,,
2527933,23-012589,2,False,0109,3/13/2023 7:52:00 PM,1952,08X,14,109,Oakland,1,True,True,D,BROADSIDE,,Monday,,,,,False,False,False,,C,OTHER MOTOR VEHICLE,,0,0,C,DARK-STREET LIGHTS,,,,,,,A,NO PEDESTRIANS INVOLVED,,A,21453A,,,27TH ST,1,,,A,,,NORTHGATE AV,,,A,7/23/2024 9:18:35 AM,1/28/2025 2:00:51 PM,,,2,,,,,,,
2527921,23-022598,2,False,0109,5/7/2023 9:02:00 AM,902,31Y,14,109,Oakland,1,True,True,D,BROADSIDE,,Sunday,,,M,,False,False,False,,E,PARKED MOTOR VEHICLE,,0,0,A,DAYLIGHT,,,,,,,A,NO PEDESTRIANS INVOLVED,,A,22107,,1,EDES AV,2,,,A,N,50.0,CARY AV,F,,D,7/23/2024 9:18:34 AM,1/28/2025 2:00:51 PM,,,2,,,,,,,
2527919,23-024866,2,False,0109,5/18/2023 11:08:00 AM,1108,13Z,14,109,Oakland,1,True,True,B,SIDE SWIPE,,Thursday,,,M,,False,False,True,,E,PARKED MOTOR VEHICLE,,0,0,A,DAYLIGHT,,,,,,,A,NO PEDESTRIANS INVOLVED,,A,22350,,1,ASCOT DR,1,,,A,S,70.0,ASCOT PL,F,,D,7/23/2024 9:18:34 AM,1/28/2025 2:00:51 PM,,,2,,,,,,,
2527918,23-026058,2,False,0109,5/24/2023 5:52:00 PM,1752,07X,14,109,Oakland,1,True,True,D,BROADSIDE,,Wednesday,,,M,,False,False,False,,C,OTHER MOTOR VEHICLE,,0,0,A,DAYLIGHT,,,,,,,A,NO PEDESTRIANS INVOLVED,,A,21453A,,1,27TH ST,1,,,A,,,SAN PABLO AV,,,A,7/23/2024 9:18:34 AM,1/28/2025 2:00:50 PM,,,2,,,,,,,
2527917,23-025744,2,False,0109,5/23/2023 1:17:00 PM,1317,05Y,14,109,Oakland,1,True,True,E,HIT OBJECT,,Tuesday,,,M,,False,False,True,,I,FIXED OBJECT,,0,0,A,DAYLIGHT,,,,,,,A,NO PEDESTRIANS INVOLVED,,B,,,1,CAMPBELL ST,1,,,A,S,10.0,15TH ST,F,,A,7/23/2024 9:18:34 AM,1/28/2025 2:00:51 PM,,,2,,,,,,,
2527916,23-025977,2,False,0109,5/24/2023 10:19:00 AM,1019,26X,14,109,Oakland,1,True,True,D,BROADSIDE,,Wednesday,,,F,,False,False,False,,C,OTHER MOTOR VEHICLE,,0,0,A,DAYLIGHT,,,,,,,A,NO PEDESTRIANS INVOLVED,,A,21460A,,1,COLISEUM WY,2,,,A,E,10.0,50TH AV,F,,D,7/23/2024 9:18:34 AM,1/28/2025 2:00:50 PM,,,2,,,,,,,
2527908,23-022182,2,False,0109,5/5/2023 3:30:00 PM,1530,10X,14,109,Oakland,1,True,True,D,BROADSIDE,,Friday,,,,,False,False,False,,C,OTHER MOTOR VEHICLE,,0,0,A,DAYLIGHT,,,,,,,A,NO PEDESTRIANS INVOLVED,,A,21801A,,1,AILEEN ST,1,,,A,E,80.0,GASKILL,F,,D,7/23/2024 9:18:33 AM,1/28/2025 2:00:50 PM,,,2,,,,,,,
2527907,23-022494,2,False,0109,5/6/2023 8:02:00 PM,2002,10X,14,109,Oakland,1,True,True,D,BROADSIDE,,Saturday,,,M,,False,False,False,,C,OTHER MOTOR VEHICLE,,0,0,A,DAYLIGHT,,,,,,,A,NO PEDESTRIANS INVOLVED,,A,21801A,,1,MARTIN LUTHER KING JR WY,1,,,A,E,20.0,51ST ST,F,,A,7/23/2024 9:18:33 AM,1/28/2025 2:00:50 PM,,,2,,,,,,,
2527715,23-016894,2,False,0109,4/7/2023 4:40:00 PM,1640,30X,14,109,Oakland,1,True,True,D,BROADSIDE,,Friday,,,,,False,False,False,,C,OTHER MOTOR VEHICLE,,1,0,A,DAYLIGHT,,,,,,,A,NO PEDESTRIANS INVOLVED,,A,22350,,1,98TH AV,2,,,A,,,DENSLOWE,,,A,7/23/2024 9:18:21 AM,1/28/2025 2:00:37 PM,,,2,,,,,,,
2527714,23-021269,2,False,0109,4/30/2023 10:15:00 PM,2215,27Y,14,109,Oakland,1,True,True,B,SIDE SWIPE,,Sunday,,,M,,False,False,False,,C,OTHER MOTOR VEHICLE,,2,0,C,DARK-STREET LIGHTS,,,,,,,A,NO PEDESTRIANS INVOLVED,,A,22107,,1,INTERNATIONAL BL,2,,,A,,,54TH AV,,,A,7/23/2024 9:18:21 AM,1/28/2025 2:00:37 PM,,,2,,,,,,,
2527713,23-021212,2,False,0109,4/30/2023 2:58:00 PM,1458,23X,14,109,Oakland,1,True,True,G,VEHICLE/PEDESTRAIN,,Sunday,,,F,,False,False,False,,B,PEDESTRIAN,,1,0,A,DAYLIGHT,,,,,,,B,CROSSING IN CROSS WALK AT INTERSECTION,,A,21950A,,1,INTERNATIONAL BL,2,,,A,,,37TH AV,,,D,7/23/2024 9:18:21 AM,1/28/2025 2:00:36 PM,,,2,,,,,,,
2527712,23-021206,2,False,0109,4/30/2023 2:14:00 PM,1414,25X,14,109,Oakland,1,True,True,D,BROADSIDE,,Sunday,,,,,False,False,False,,C,OTHER MOTOR VEHICLE,,2,0,A,DAYLIGHT,,,,,,,A,NO PEDESTRIANS INVOLVED,,A,22450A,,1,HIGH ST,2,,,A,,,MASTERSON ST,,,A,7/23/2024 9:18:21 AM,1/28/2025 2:00:36 PM,,,2,,,,,,,
2527711,23-020491,2,False,0109,4/26/2023 5:56:00 PM,1756,03Y,14,109,Oakland,1,True,True,D,BROADSIDE,,Wednesday,,,,,False,False,False,,C,OTHER MOTOR VEHICLE,,1,0,A,DAYLIGHT,,,,,,,A,NO PEDESTRIANS INVOLVED,,A,21453A,,,HARRISON ST,1,,,A,,,12TH ST,,,A,7/23/2024 9:18:21 AM,1/28/2025 2:00:36 PM,,,2,,,,,,,
2527710,23-020656,2,False,0109,4/27/2023 12:49:00 PM,1249,25X,14,109,Oakland,1,True,True,F,OVERTURNED,,Thursday,,,,,False,False,False,,A,NON-COLLISION,,1,0,A,DAYLIGHT,,,,,,,A,NO PEDESTRIANS INVOLVED,,A,22107,,1,TOMPKINS AV,2,,,A,,,HUNTINGTON ST,,,D,7/23/2024 9:18:21 AM,1/28/2025 2:00:36 PM,,,2,,,,,,,
2527709,23-020901,2,False,0109,4/28/2023 7:44:00 PM,1944,33X,14,109,Oakland,1,True,True,B,SIDE SWIPE,,Friday,,,,,False,False,False,,C,OTHER MOTOR VEHICLE,,1,0,A,DAYLIGHT,,,,,,,A,NO PEDESTRIANS INVOLVED,,A,22350,,1,INTERNATIONAL BL,2,,,A,,,98TH AV,,,A,7/23/2024 9:18:21 AM,1/28/2025 2:00:37 PM,,,2,,,,,,,
2527708,23-019446,2,False,0109,4/20/2023 9:35:00 PM,2135,06X,14,109,Oakland,1,True,True,B,SIDE SWIPE,,Thursday,,,M,,False,False,False,,C,OTHER MOTOR VEHICLE,,1,0,C,DARK-STREET LIGHTS,,,,,,,A,NO PEDESTRIANS INVOLVED,,A,22107,,1,SAN PABLO AV,1,,,A,W,30.0,32ND ST,F,,D,7/23/2024 9:18:20 AM,1/28/2025 2:00:36 PM,,,2,,,,,,,
2527705,23-019897,2,False,0109,4/23/2023 12:24:00 PM,1224,26X,14,109,Oakland,1,True,True,D,BROADSIDE,,Sunday,,,,,False,False,False,,C,OTHER MOTOR VEHICLE,,1,0,A,DAYLIGHT,,,,,,,A,NO PEDESTRIANS INVOLVED,,A,21802A,,1,COLISEUM WY,2,,,A,,,JULIE ANN WY,,,A,7/23/2024 9:18:20 AM,1/28/2025 2:00:36 PM,,,2,,,,,,,
2527701,23-018309,2,False,0109,4/14/2023 6:29:00 PM,1829,06X,14,109,Oakland,1,True,True,B,SIDE SWIPE,,Friday,,,,,False,False,False,,C,OTHER MOTOR VEHICLE,,1,0,A,DAYLIGHT,,,,,,,A,NO PEDESTRIANS INVOLVED,,A,22450A,,1,31ST ST,1,,,A,,,MARKET ST,,,D,7/23/2024 9:18:20 AM,1/28/2025 2:00:36 PM,,,2,,,,,,,
2527460,23-014971,2,False,0109,3/27/2023 6:20:00 PM,1820,03X,14,109,Oakland,1,True,True,D,BROADSIDE,,Monday,,,,,False,False,False,,C,OTHER MOTOR VEHICLE,,2,0,A,DAYLIGHT,,,,,,,A,NO PEDESTRIANS INVOLVED,,A,21801A,,,BROADWAY,1,,,A,,,8TH ST,,,A,7/23/2024 9:18:04 AM,1/28/2025 2:00:23 PM,,,2,,,,,,,
2527459,23-014986,2,False,0109,3/27/2023 9:03:00 PM,2103,26X,14,109,Oakland,1,True,True,A,HEAD-ON,,Monday,,,,,False,False,False,,B,PEDESTRIAN,,1,0,C,DARK-STREET LIGHTS,,,,,,,D,CROSSING - NOT IN CROSSWALK,,A,21954A,,1,INTERNATIONAL BL,2,,,A,W,25.0,45TH AV,F,,A,7/23/2024 9:18:04 AM,1/28/2025 2:00:23 PM,,,2,,,,,,,
2527458,23-014756,2,False,0109,3/26/2023 1:14:00 PM,1314,16Y,14,109,Oakland,1,True,True,G,VEHICLE/PEDESTRAIN,,Sunday,,,,,False,False,False,,B,PEDESTRIAN,,1,0,A,DAYLIGHT,,,,,,,B,CROSSING IN CROSS WALK AT INTERSECTION,,A,21453A,,1,PARK BL,1,,,A,,,LEIMERT BL,,,A,7/23/2024 9:18:04 AM,1/28/2025 2:00:23 PM,,,2,,,,,,,
2527454,23-010700,2,False,0109,3/3/2023 3:11:00 PM,1511,34X,14,109,Oakland,1,True,True,D,BROADSIDE,,Friday,,,M,,False,False,False,,C,OTHER MOTOR VEHICLE,,2,0,A,DAYLIGHT,,,,,,,A,NO PEDESTRIANS INVOLVED,,A,22107,,1,90TH AV,2,,,A,S,100.0,SUNNYSIDE ST,F,,D,7/23/2024 9:18:03 AM,1/28/2025 2:00:22 PM,,,2,,,,,,,
2527453,23-011519,2,False,0109,3/7/2023 10:25:00 PM,2225,35X,14,109,Oakland,1,True,True,H,OTHER,,Tuesday,,,,,False,False,True,,I,FIXED OBJECT,,1,0,C,DARK-STREET LIGHTS,,,,,,,A,NO PEDESTRIANS INVOLVED,,A,22107,,1,MACARTHUR BL,2,,,A,W,200.0,88TH AV,F,,A,7/23/2024 9:18:03 AM,1/28/2025 2:00:23 PM,,,2,,,,,,,
2527447,23-014663,2,False,0109,3/25/2023 5:48:00 PM,1748,30Y,14,109,Oakland,1,True,True,A,HEAD-ON,,Saturday,,,,,False,False,False,,C,OTHER MOTOR VEHICLE,,1,0,A,DAYLIGHT,,,,,,,A,NO PEDESTRIANS INVOLVED,,A,21453A,,,68TH AV,2,,,A,,,FOOTHILL BL,,,A,7/23/2024 9:18:03 AM,1/28/2025 2:00:23 PM,,,2,,,,,,,
2527396,23-022241,2,False,0109,5/5/2023 8:57:00 PM,2057,34X,14,109,Oakland,1,True,True,C,REAR END,,Friday,,,M,,False,False,False,,C,OTHER MOTOR VEHICLE,,2,0,C,DARK-STREET LIGHTS,,,,,,,A,NO PEDESTRIANS INVOLVED,,A,22350,,1,BANCROFT AV,2,,,B,W,10.0,90TH AV,F,,A,7/23/2024 9:17:59 AM,1/28/2025 2:00:19 PM,,,2,,,,,,,
2527395,23-026002,2,False,0109,5/24/2023 12:18:00 PM,1218,33X,14,109,Oakland,1,True,True,C,REAR END,,Wednesday,,,M,,False,False,False,,C,OTHER MOTOR VEHICLE,,1,0,A,DAYLIGHT,,,,,,,A,NO PEDESTRIANS INVOLVED,,A,22350,,1,85TH AV,2,,,A,,,SAN LEANDRO ST,,,A,7/23/2024 9:17:58 AM,1/28/2025 2:00:19 PM,,,2,,,,,,,
2527394,23-025417,2,False,0109,5/21/2023 2:11:00 PM,1411,35X,14,109,Oakland,1,True,True,C,REAR END,,Sunday,,,,,False,False,False,,C,OTHER MOTOR VEHICLE,,1,0,A,DAYLIGHT,,,,,,,A,NO PEDESTRIANS INVOLVED,,A,22350,,1,MACARTHUR BL,2,,,A,E,5.0,82ND AV,F,,D,7/23/2024 9:17:58 AM,1/28/2025 2:00:20 PM,,,2,,,,,,,
2527393,23-025605,2,False,0109,5/22/2023 5:35:00 PM,1735,35Y,14,109,Oakland,1,True,True,E,HIT OBJECT,,Monday,,,,,False,False,False,,J,OTHER OBJECT,,1,0,A,DAYLIGHT,,,,,,,A,NO PEDESTRIANS INVOLVED,,A,22515A,,1,LOCHARD ST,2,,,A,W,40.0,MALCOLM AV,F,,D,7/23/2024 9:17:58 AM,1/28/2025 2:00:19 PM,,,2,,,,,,,
2527392,23-025437,2,False,0109,5/21/2023 5:48:00 PM,1748,03X,14,109,Oakland,1,True,True,D,BROADSIDE,,Sunday,,,,,False,False,False,,C,OTHER MOTOR VEHICLE,,2,0,A,DAYLIGHT,,,,,,,A,NO PEDESTRIANS INVOLVED,,A,21453A,,1,12TH ST,1,,,A,,,HARRISON ST,,,A,7/23/2024 9:17:58 AM,1/28/2025 2:00:19 PM,,,2,,,,,,,
2527391,23-025768,2,False,0109,5/23/2023 3:05:00 PM,1505,30X,14,109,Oakland,1,True,True,A,HEAD-ON,,Tuesday,,,,,False,False,False,,C,OTHER MOTOR VEHICLE,,1,0,A,DAYLIGHT,,,,,,,A,NO PEDESTRIANS INVOLVED,,A,21802A,,1,75TH AV,2,,,A,,,BANCROFT AV,,,A,7/23/2024 9:17:58 AM,1/28/2025 2:00:19 PM,,,2,,,,,,,
2527390,23-025465,2,False,0109,5/21/2023 10:32:00 PM,2232,34X,14,109,Oakland,1,True,True,D,BROADSIDE,,Sunday,,,M,,False,False,False,,C,OTHER MOTOR VEHICLE,,3,0,C,DARK-STREET LIGHTS,,,,,,,A,NO PEDESTRIANS INVOLVED,,A,21453A,,1,INTERNATIONAL BL,2,,,A,,,85TH AV,,,A,7/23/2024 9:17:58 AM,1/28/2025 2:00:19 PM,,,2,,,,,,,
2527332,23-011058,2,False,0109,3/5/2023 5:44:00 PM,1744,30X,14,109,Oakland,1,True,True,D,BROADSIDE,,Sunday,,,,,False,False,False,,C,OTHER MOTOR VEHICLE,,1,0,B,DUSK-DAWN,,,,,,,A,NO PEDESTRIANS INVOLVED,,A,21802A,,1,70TH AV,2,,,A,,,INTERNATIONAL BL,,,A,7/23/2024 9:17:51 AM,1/28/2025 2:00:16 PM,,,2,,,,,,,
2527330,23-010971,2,False,0109,3/5/2023 2:04:00 AM,204,27X,14,109,Oakland,1,True,True,G,VEHICLE/PEDESTRAIN,,Sunday,,,F,,False,False,False,,B,PEDESTRIAN,,1,0,C,DARK-STREET LIGHTS,,,,,,,B,CROSSING IN CROSS WALK AT INTERSECTION,,A,21950A,,1,INTERNATIONAL BL,2,,,B,,,45TH AV,,,D,7/23/2024 9:17:51 AM,1/28/2025 2:00:16 PM,,,2,,,,,,,
2527329,23-010403,2,False,0109,3/1/2023 10:45:00 PM,2245,13Y,14,109,Oakland,1,True,True,E,HIT OBJECT,,Wednesday,,,,,False,False,False,,I,FIXED OBJECT,,1,0,D,DARK-NO STREET LIGHTS,,,,,,,A,NO PEDESTRIANS INVOLVED,,A,22106,,1,GWIN RD,1,,,A,W,100.0,GWIN CT,F,,D,7/23/2024 9:17:51 AM,1/28/2025 2:00:16 PM,,,2,,,,,,,
2527303,23-015287,2,False,0109,3/29/2023 6:16:00 PM,1816,20X,14,109,Oakland,1,True,True,B,SIDE SWIPE,,Wednesday,,,,,False,False,False,,C,OTHER MOTOR VEHICLE,,0,0,A,DAYLIGHT,,,,,,,A,NO PEDESTRIANS INVOLVED,,A,22107,,1,INTERNATIONAL BL,2,,,B,E,30.0,23RD AV,F,,D,7/23/2024 9:17:46 AM,1/28/2025 2:00:14 PM,,,2,,,,,,,
2527301,23-014951,2,False,0109,3/27/2023 3:00:00 AM,300,03X,14,109,Oakland,1,True,True,B,SIDE SWIPE,,Monday,,,M,,False,False,False,,C,OTHER MOTOR VEHICLE,,0,0,C,DARK-STREET LIGHTS,,,,,,,A,NO PEDESTRIANS INVOLVED,,A,22107,,1,7TH ST,1,,,A,E,100.0,OAK ST,F,,A,7/23/2024 9:17:46 AM,1/28/2025 2:00:14 PM,,,2,,,,,,,
2527300,23-014998,2,False,0109,3/27/2023 10:20:00 PM,2220,34X,14,109,Oakland,1,True,True,E,HIT OBJECT,,Monday,,,,,False,False,False,,I,FIXED OBJECT,,0,0,D,DARK-NO STREET LIGHTS,,,,,,,A,NO PEDESTRIANS INVOLVED,,A,22107,,1,98TH AV,2,,,A,S,15.0,BANCROFT AV,F,,A,7/23/2024 9:17:46 AM,1/28/2025 2:00:14 PM,,,2,,,,,,,
2527299,23-014980,2,False,0109,3/27/2023 7:49:00 PM,1949,26X,14,109,Oakland,1,True,True,D,BROADSIDE,,Monday,,,,,False,False,False,,C,OTHER MOTOR VEHICLE,,0,0,B,DUSK-DAWN,,,,,,,A,NO PEDESTRIANS INVOLVED,,A,22107,,2,62ND AV,2,,,A,,,INTERNATIONAL BL,,,A,7/23/2024 9:17:46 AM,1/28/2025 2:00:14 PM,,,2,,,,,,,
2527298,23-012131,2,False,0109,3/10/2023 9:45:00 PM,2145,14X,14,109,Oakland,1,True,True,C,REAR END,,Friday,,,M,,False,False,False,,C,OTHER MOTOR VEHICLE,,0,0,C,DARK-STREET LIGHTS,,,,,,,A,NO PEDESTRIANS INVOLVED,,A,22107,,1,MACARTHUR BL,1,,,A,,,CHETWOOD ST,,,D,7/23/2024 9:17:46 AM,1/28/2025 2:00:14 PM,,,2,,,,,,,
2527296,23-012179,2,False,0109,3/11/2023 2:59:00 PM,1459,32X,14,109,Oakland,1,True,True,A,HEAD-ON,,Saturday,,,M,,False,False,False,,I,FIXED OBJECT,,0,0,A,DAYLIGHT,,,,,,,A,NO PEDESTRIANS INVOLVED,,A,21658A,,1,98TH AV,2,,,B,,,STANLEY AV,,,A,7/23/2024 9:17:46 AM,1/28/2025 2:00:14 PM,,,2,,,,,,,
2527295,23-012075,2,False,0109,3/10/2023 10:06:00 PM,2206,27X,14,109,Oakland,1,True,True,A,HEAD-ON,,Friday,,,,,False,False,False,,E,PARKED MOTOR VEHICLE,,0,0,C,DARK-STREET LIGHTS,,,,,,,A,NO PEDESTRIANS INVOLVED,,A,22107,,1,E 16TH ST,2,,,A,W,20.0,62ND AV,F,,D,7/23/2024 9:17:46 AM,1/28/2025 2:00:14 PM,,,2,,,,,,,
2527294,23-011989,2,False,0109,3/10/2023 12:18:00 PM,1218,23X,14,109,Oakland,1,True,True,D,BROADSIDE,,Friday,,,,,False,False,False,,C,OTHER MOTOR VEHICLE,,0,0,A,DAYLIGHT,,,,,,,A,NO PEDESTRIANS INVOLVED,,A,21802A,,1,35TH AV,2,,,A,,,E 18TH ST,,,A,7/23/2024 9:17:46 AM,1/28/2025 2:00:14 PM,,,2,,,,,,,
2526815,23020080,2,False,0109,4/24/2023 1:26:00 PM,1326,06X,14,109,Oakland,1,True,True,D,BROADSIDE,,Monday,,,,,False,False,False,,C,OTHER MOTOR VEHICLE,,1,0,A,DAYLIGHT,,,,,,,A,NO PEDESTRIANS INVOLVED,,A,21453A,,1,7TH ST,1,,,A,,,FRONTAGE RD,,,A,7/23/2024 9:17:15 AM,1/28/2025 1:59:45 PM,,,2,,,,,,,
2526814,23003413,2,False,0109,1/20/2023 2:56:00 PM,1456,03Y,14,109,Oakland,1,True,True,D,BROADSIDE,,Friday,,,,,False,False,False,,C,OTHER MOTOR VEHICLE,,1,0,A,DAYLIGHT,,,,,,,A,NO PEDESTRIANS INVOLVED,,A,22101D,,1,12TH ST,1,,,A,,,CASTRO ST,,,A,7/23/2024 9:17:15 AM,1/28/2025 1:59:45 PM,,,2,,,,,,,
2526813,23003729,2,False,0109,1/22/2023 3:08:00 PM,1508,09X,14,109,Oakland,1,True,True,D,BROADSIDE,,Sunday,,,,,False,False,True,,C,OTHER MOTOR VEHICLE,,3,0,A,DAYLIGHT,,,,,,,A,NO PEDESTRIANS INVOLVED,,A,21453A,,1,OAKLAND AV,1,,,A,,,SANTA CLARA AV,,,A,7/23/2024 9:17:15 AM,1/28/2025 1:59:45 PM,,,2,,,,,,,
2526811,23015174,2,False,0109,3/29/2023 5:25:00 AM,525,19X,14,109,Oakland,1,True,True,D,BROADSIDE,,Wednesday,,,,,False,False,False,,C,OTHER MOTOR VEHICLE,,1,0,D,DARK-NO STREET LIGHTS,,,,,,,A,NO PEDESTRIANS INVOLVED,,A,21453A,,1,INTERNATIONAL BL,1,,,B,,,13TH AV,,,A,7/23/2024 9:17:15 AM,1/28/2025 1:59:45 PM,,,2,,,,,,,
2526787,23-019449,2,False,0109,4/20/2023 9:11:00 PM,2111,20X,14,109,Oakland,1,True,True,D,BROADSIDE,,Thursday,,,M,,False,False,False,,C,OTHER MOTOR VEHICLE,,1,0,C,DARK-STREET LIGHTS,,,,,,,A,NO PEDESTRIANS INVOLVED,,A,22103,,1,23RD AV,2,,,A,S,75.0,E 19TH ST,F,,D,7/23/2024 9:17:13 AM,1/28/2025 1:59:44 PM,,,2,,,,,,,
2526786,23-019326,2,False,0109,4/20/2023 9:22:00 AM,922,17X,14,109,Oakland,1,True,True,D,BROADSIDE,,Thursday,,,,,False,False,False,,C,OTHER MOTOR VEHICLE,,1,0,A,DAYLIGHT,,,,,,,A,NO PEDESTRIANS INVOLVED,,A,21663,,1,14TH AV,1,,,A,,,E 18TH ST,,,A,7/23/2024 9:17:13 AM,1/28/2025 1:59:43 PM,,,2,,,,,,,
2526785,23-019794,2,False,0109,4/22/2023 7:23:00 PM,1923,10X,14,109,Oakland,1,True,True,A,HEAD-ON,,Saturday,,,,,False,False,False,,C,OTHER MOTOR VEHICLE,,1,0,A,DAYLIGHT,,,,,,,A,NO PEDESTRIANS INVOLVED,,A,21802A,,1,SAN PABLO AV,1,,,A,N,30.0,56TH ST,F,,D,7/23/2024 9:17:13 AM,1/28/2025 1:59:43 PM,,,2,,,,,,,
2526783,23-018584,2,False,0109,4/16/2023 5:49:00 PM,1749,27X,14,109,Oakland,1,True,True,G,VEHICLE/PEDESTRAIN,,Sunday,,,M,,False,False,False,,B,PEDESTRIAN,,1,0,A,DAYLIGHT,,,,,,,C,CROSSING IN CROSS WALK - NOT AT INTERSECTION,,A,216551,,1,INTERNATIONAL BL,2,,,A,,,47TH AV,,,A,7/23/2024 9:17:13 AM,1/28/2025 1:59:43 PM,,,2,,,,,,,
2526782,23-019611,2,False,0109,4/21/2023 6:10:00 PM,1810,09X,14,109,Oakland,1,True,True,G,VEHICLE/PEDESTRAIN,,Friday,,,,,False,False,False,,B,PEDESTRIAN,,1,0,A,DAYLIGHT,,,,,,,B,CROSSING IN CROSS WALK AT INTERSECTION,,A,21950B,,1,PIEDMONT AV,1,,,A,,,PLEASANT VALLEY AV,,,A,7/23/2024 9:17:13 AM,1/28/2025 1:59:43 PM,,,2,,,,,,,
2526548,23-024269,2,False,0109,5/15/2023 4:22:00 PM,1622,((X,14,109,Oakland,1,True,True,B,SIDE SWIPE,,Monday,,,M,,False,True,False,,C,OTHER MOTOR VEHICLE,,0,0,A,DAYLIGHT,,,,,,,A,NO PEDESTRIANS INVOLVED,,A,22107,,1,RT 238,2,,,A,,,RT 580,,,D,7/23/2024 9:16:58 AM,1/28/2025 1:59:31 PM,,,2,,,,,,,