collision-id,report-number,report-version,is-preliminary,ncic-code,crash-date-time,crash-time-description,beat,city-id,city-code,city-name,county-code,city-is-active,city-is-incorporated,collision-type-code,collision-type-description,collision-type-other-desc,day-of-week,dispatch-notified,has-photographs,hit-run,is-attachments-mailed,is-deleted,is-highway-related,is-tow-away,judicial-district,motor-vehicle-involved-with-code,motor-vehicle-involved-with-desc,motor-vehicle-involved-with-other-desc,number-injured,number-killed,lighting-code,lighting-description,latitude,longitude,milepost-direction,milepost-distance,milepost-marker,milepost-unit-of-measure,pedestrian-action-code,pedestrian-action-desc,prepared-date,primary-collision-factor-code,primary-collision-factor-description,primary-collision-factor-is-cited,primary-collision-party-number,primary-road,reporting-district,reporting-district-code,reviewed-date,roadway-surface-code,secondary-direction,secondary-distance,secondary-road,secondary-unit-of-measure,sketch-desc,traffic-control-device-code,created-date,modified-date,is-county-road,is-freeway,chp-555-version,is-additonal-object-struck,notification-date,notification-time-description,has-digital-media-files,evidence-number,is-location-refer-to-narrative,is-aoi-one-same-as-location
2520401,23-009892,2,False,0109,2/27/2023 8:18:00 AM,818,03X,14,109,Oakland,1,True,True,B,SIDE SWIPE,,Monday,,,,,False,False,False,,C,OTHER MOTOR VEHICLE,,0,0,A,DAYLIGHT,,,,,,,A,NO PEDESTRIANS INVOLVED,,D,,,,7TH ST,1,,,B,E,5.0,JACKSON ST,F,,B,7/23/2024 9:10:57 AM,1/28/2025 1:53:48 PM,,,2,,,,,,,
2520388,23-016488,2,False,0109,4/5/2023 12:39:00 PM,1239,26Y,14,109,Oakland,1,True,True,D,BROADSIDE,,Wednesday,,,,,False,False,False,,,,,1,0,A,DAYLIGHT,,,,,,,F,NOT IN ROAD,,A,216501,,1,HAVENSCOURT BL,1,,,A,N,300.0,INTERNATIONAL BL,F,,D,7/23/2024 9:10:57 AM,1/28/2025 1:53:47 PM,,,2,,,,,,,
2520387,23-016548,2,False,0109,4/5/2023 6:33:00 PM,1833,02X,14,109,Oakland,1,True,True,D,BROADSIDE,,Wednesday,,,,,False,False,False,,G,BICYCLE,,1,0,A,DAYLIGHT,,,,,,,A,NO PEDESTRIANS INVOLVED,,A,21202A,,1,PERALTA ST,1,,,A,,,14TH ST,,,A,7/23/2024 9:10:57 AM,1/28/2025 1:53:47 PM,,,2,,,,,,,
2520384,23-019392,2,False,0109,4/20/2023 3:08:00 PM,1508,03X,14,109,Oakland,1,True,True,B,SIDE SWIPE,,Thursday,,,M,,False,False,False,,E,PARKED MOTOR VEHICLE,,0,0,A,DAYLIGHT,,,,,,,A,NO PEDESTRIANS INVOLVED,,A,22107,,1,FRANKLIN ST,1,,,A,N,37.0,8TH ST,F,,A,7/23/2024 9:10:56 AM,1/28/2025 1:53:47 PM,,,2,,,,,,,
2520383,23-018668,2,False,0109,4/16/2023 6:27:00 PM,1827,31Y,14,109,Oakland,1,True,True,D,BROADSIDE,,Sunday,,,M,,False,False,True,,E,PARKED MOTOR VEHICLE,,0,0,A,DAYLIGHT,,,,,,,A,NO PEDESTRIANS INVOLVED,,A,22350,,1,EMPIRE RD,2,,,A,W,75.0,GIRALTAR RD,F,,C,7/23/2024 9:10:56 AM,1/28/2025 1:53:47 PM,,,2,,,,,,,
2520382,23-020854,2,False,0109,4/28/2023 2:00:00 PM,1400,20X,14,109,Oakland,1,True,True,B,SIDE SWIPE,,Friday,,,M,,False,False,False,,E,PARKED MOTOR VEHICLE,,0,0,A,DAYLIGHT,,,,,,,A,NO PEDESTRIANS INVOLVED,,A,22107,,1,MILLER AV,1,,,A,S,20.0,E 16TH ST,F,,D,7/23/2024 9:10:56 AM,1/28/2025 1:53:47 PM,,,2,,,,,,,
2520381,23-020923,2,False,0109,4/28/2023 11:04:00 PM,2304,24X,14,109,Oakland,1,True,True,B,SIDE SWIPE,,Friday,,,M,,False,False,True,,E,PARKED MOTOR VEHICLE,,0,0,C,DARK-STREET LIGHTS,,,,,,,A,NO PEDESTRIANS INVOLVED,,A,22107,,1,HARRINGTON AV,2,,,A,N,30.0,MEADOW ST,F,,A,7/23/2024 9:10:56 AM,1/28/2025 1:53:47 PM,,,2,,,,,,,
2520380,23-015791,2,False,0109,4/1/2023 3:17:00 PM,1517,12X,14,109,Oakland,1,True,True,B,SIDE SWIPE,,Saturday,,,M,,False,False,False,,D,MOTOR VEHICLE ON OTHER ROADWAY,,0,0,A,DAYLIGHT,,,,,,,A,NO PEDESTRIANS INVOLVED,,A,22107,,1,40TH ST,1,,,A,,,CLARKE ST,,,A,7/23/2024 9:10:56 AM,1/28/2025 1:53:47 PM,,,2,,,,,,,
2520379,23-021089,2,False,0109,4/29/2023 8:22:00 PM,2022,19X,14,109,Oakland,1,True,True,D,BROADSIDE,,Saturday,,,M,,False,False,False,,C,OTHER MOTOR VEHICLE,,0,0,C,DARK-STREET LIGHTS,,,,,,,A,NO PEDESTRIANS INVOLVED,,A,21453A,,1,INTERNATIONAL BL,1,,,A,,,22ND AV,,,A,7/23/2024 9:10:56 AM,1/28/2025 1:53:47 PM,,,2,,,,,,,
2520378,23-016040,2,False,0109,4/3/2023 6:47:00 AM,647,10Y,14,109,Oakland,1,True,True,A,HEAD-ON,,Monday,,,M,,False,False,False,,C,OTHER MOTOR VEHICLE,,0,0,C,DARK-STREET LIGHTS,,,,,,,A,NO PEDESTRIANS INVOLVED,,A,21658A,,1,41ST ST,1,,,A,W,60.0,MARTIN LUTHER KING JR WY,F,,D,7/23/2024 9:10:56 AM,1/28/2025 1:53:47 PM,,,2,,,,,,,
2520372,23-016745,2,False,0109,4/6/2023 4:00:00 PM,1600,22Y,14,109,Oakland,1,True,True,D,BROADSIDE,,Thursday,,,M,,False,False,True,,C,OTHER MOTOR VEHICLE,,0,0,C,DARK-STREET LIGHTS,,,,,,,A,NO PEDESTRIANS INVOLVED,,A,21453A,,1,MACARTHUR BL,2,,,A,,,35TH ST,,,A,7/23/2024 9:10:56 AM,1/28/2025 1:53:46 PM,,,2,,,,,,,
2520352,23-014504,2,False,0109,3/24/2023 5:53:00 PM,1753,04X,14,109,Oakland,1,True,True,B,SIDE SWIPE,,Friday,,,M,,False,False,False,,C,OTHER MOTOR VEHICLE,,0,0,A,DAYLIGHT,,,,,,,A,NO PEDESTRIANS INVOLVED,,A,21801A,,1,WEBSTER ST,1,,,A,,,14TH ST,,,A,7/23/2024 9:10:55 AM,1/28/2025 1:53:45 PM,,,2,,,,,,,
2520334,23-016984,2,False,0109,4/7/2023 8:22:00 PM,2022,18X,14,109,Oakland,1,True,True,D,BROADSIDE,,Friday,,,M,,False,False,False,,E,PARKED MOTOR VEHICLE,,0,0,C,DARK-STREET LIGHTS,,,,,,,A,NO PEDESTRIANS INVOLVED,,A,22106,,1,E 28TH ST,1,,,A,E,383.0,19TH AV,F,,A,7/23/2024 9:10:54 AM,1/28/2025 1:53:45 PM,,,2,,,,,,,
2520333,23-020558,2,False,0109,4/27/2023 8:25:00 AM,825,14X,14,109,Oakland,1,True,True,H,OTHER,,Thursday,,,,,False,False,False,,G,BICYCLE,,0,0,A,DAYLIGHT,,,,,,,B,CROSSING IN CROSS WALK AT INTERSECTION,,A,22106,,1,WALKER AV,1,,,A,N,10.0,LAKE PARK AV,F,,C,7/23/2024 9:10:54 AM,1/28/2025 1:53:44 PM,,,2,,,,,,,
2520332,23-016797,2,False,0109,4/6/2023 5:03:00 PM,1703,27X,14,109,Oakland,1,True,True,B,SIDE SWIPE,,Thursday,,,M,,False,False,False,,E,PARKED MOTOR VEHICLE,,0,0,B,DUSK-DAWN,,,,,,,A,NO PEDESTRIANS INVOLVED,,A,22107,,1,E 17TH ST,2,,,A,E,100.0,55TH AV,F,,D,7/23/2024 9:10:54 AM,1/28/2025 1:53:44 PM,,,2,,,,,,,
2520331,23-017267,2,False,0109,4/9/2023 7:12:00 PM,1912,27Y,14,109,Oakland,1,True,True,H,OTHER,,Sunday,,,M,,False,False,False,,E,PARKED MOTOR VEHICLE,,0,0,A,DAYLIGHT,,,,,,,,,,A,22107,,1,64TH AV,2,,,A,,,E 17TH ST,,,D,7/23/2024 9:10:54 AM,1/28/2025 1:53:44 PM,,,2,,,,,,,
2520330,23-018058,2,False,0109,4/14/2023 12:48:00 AM,48,08X,14,109,Oakland,1,True,True,C,REAR END,,Friday,,,M,,False,False,False,,C,OTHER MOTOR VEHICLE,,0,0,C,DARK-STREET LIGHTS,,,,,,,A,NO PEDESTRIANS INVOLVED,,A,22107,,1,30TH ST,1,,,A,W,450.0,TELEGRAPH AV,F,,D,7/23/2024 9:10:54 AM,1/28/2025 1:53:44 PM,,,2,,,,,,,
2520329,23-015963,2,False,0109,4/2/2023 4:26:00 PM,1626,02X,14,109,Oakland,1,True,True,H,OTHER,,Sunday,,,,,False,False,False,,A,NON-COLLISION,,0,0,A,DAYLIGHT,,,,,,,A,NO PEDESTRIANS INVOLVED,,D,,,,BRUSH ST,1,,,A,S,30.0,10TH ST,F,,A,7/23/2024 9:10:54 AM,1/28/2025 1:53:44 PM,,,2,,,,,,,
2520328,23-016580,2,False,0109,4/5/2023 10:24:00 PM,2224,04X,14,109,Oakland,1,True,True,E,HIT OBJECT,,Wednesday,,,M,,False,False,True,,I,FIXED OBJECT,,0,0,C,DARK-STREET LIGHTS,,,,,,,A,NO PEDESTRIANS INVOLVED,,A,22107,,1,WILLIAMS ST,1,,,A,W,200.0,TELEGRAPH AV,F,,D,7/23/2024 9:10:54 AM,1/28/2025 1:53:44 PM,,,2,,,,,,,
2520327,23-017832,2,False,0109,4/12/2023 5:49:00 PM,1749,10X,14,109,Oakland,1,True,True,B,SIDE SWIPE,,Wednesday,,,M,,False,False,False,,E,PARKED MOTOR VEHICLE,,0,0,A,DAYLIGHT,,,,,,,A,NO PEDESTRIANS INVOLVED,,A,22107,,1,MARSHALL ST,1,,,A,S,25.0,63RD ST,F,,D,7/23/2024 9:10:54 AM,1/28/2025 1:53:44 PM,,,2,,,,,,,
2520326,23-017493,2,False,0109,4/11/2023 12:23:00 AM,23,19X,14,109,Oakland,1,True,True,E,HIT OBJECT,,Tuesday,,,,,False,False,True,,I,FIXED OBJECT,,0,0,C,DARK-STREET LIGHTS,,,,,,,A,NO PEDESTRIANS INVOLVED,,A,22350,,1,INTERNATIONAL BL,1,,,B,E,3.0,21ST AV,F,,A,7/23/2024 9:10:54 AM,1/28/2025 1:53:44 PM,,,2,,,,,,,
2520325,23-020212,2,False,0109,4/25/2023 9:14:00 AM,914,20X,14,109,Oakland,1,True,True,D,BROADSIDE,,Tuesday,,,M,,False,False,True,,C,OTHER MOTOR VEHICLE,,0,0,A,DAYLIGHT,,,,,,,A,NO PEDESTRIANS INVOLVED,,A,22107,,1,INTERNATIONAL BL,2,,,A,W,100.0,28TH AV,F,,D,7/23/2024 9:10:54 AM,1/28/2025 1:53:44 PM,,,2,,,,,,,
2520239,23-018467,2,False,0109,4/15/2023 5:46:00 PM,1746,08X,14,109,Oakland,1,True,True,D,BROADSIDE,,Saturday,,,,,False,False,True,,C,OTHER MOTOR VEHICLE,,2,0,A,DAYLIGHT,,,,,,,A,NO PEDESTRIANS INVOLVED,,A,21801A,,1,GRAND AV,1,,,A,,,BROADWAY,,,A,7/23/2024 9:10:48 AM,1/28/2025 1:53:40 PM,,,2,,,,,,,
2520238,23-018640,2,False,0109,4/16/2023 3:58:00 PM,1558,06X,14,109,Oakland,1,True,True,C,REAR END,,Sunday,,,,,False,False,False,,G,BICYCLE,,2,0,A,DAYLIGHT,,,,,,,E,IN ROAD - INCLUDES SHOULDER,,A,22107,,,33RD ST,1,,,A,,,SAN PABLO AV,,,A,7/23/2024 9:10:48 AM,1/28/2025 1:53:39 PM,,,2,,,,,,,
2520237,23-017161,2,False,0109,4/9/2023 3:49:00 AM,349,26Y,14,109,Oakland,1,True,True,E,HIT OBJECT,,Sunday,,,M,,False,False,False,,I,FIXED OBJECT,,3,0,C,DARK-STREET LIGHTS,,,,,,,A,NO PEDESTRIANS INVOLVED,,A,22107,,1,73RD AV,2,,,A,S,200.0,HAMILTON,F,,A,7/23/2024 9:10:48 AM,1/28/2025 1:53:39 PM,,,2,,,,,,,
2520236,23-018466,2,False,0109,4/15/2023 5:41:00 PM,1741,23X,14,109,Oakland,1,True,True,C,REAR END,,Saturday,,,M,,False,False,False,,C,OTHER MOTOR VEHICLE,,1,0,A,DAYLIGHT,,,,,,,A,NO PEDESTRIANS INVOLVED,,A,22350,,1,FOOTHILL BL,2,,,A,W,75.0,41ST AV,F,,A,7/23/2024 9:10:48 AM,1/28/2025 1:53:39 PM,,,2,,,,,,,
2520235,23-016129,2,False,0109,4/3/2023 3:00:00 PM,1500,10X,14,109,Oakland,1,True,True,G,VEHICLE/PEDESTRAIN,,Monday,,,,,False,False,False,,G,BICYCLE,,1,0,A,DAYLIGHT,,,,,,,B,CROSSING IN CROSS WALK AT INTERSECTION,,A,21802A,,1,54TH ST,1,,,A,,,SAN PABLO AV,,,A,7/23/2024 9:10:48 AM,1/28/2025 1:53:39 PM,,,2,,,,,,,
2520234,23-016265,2,False,0109,4/4/2023 10:31:00 AM,1031,31X,14,109,Oakland,1,True,True,D,BROADSIDE,,Tuesday,,,,,False,False,False,,C,OTHER MOTOR VEHICLE,,1,0,A,DAYLIGHT,,,,,,,A,NO PEDESTRIANS INVOLVED,,A,21453A,,1,SAN LEANDRO ST,2,,,A,,,66TH AV,,,A,7/23/2024 9:10:48 AM,1/28/2025 1:53:39 PM,,,2,,,,,,,
2520233,23-020069,2,False,0109,4/24/2023 12:23:00 PM,1223,30X,14,109,Oakland,1,True,True,D,BROADSIDE,,Monday,,,,,False,False,False,,C,OTHER MOTOR VEHICLE,,1,0,A,DAYLIGHT,,,,,,,A,NO PEDESTRIANS INVOLVED,,A,21801A,,1,INTERNATIONAL BL,2,,,A,,,67TH AV,,,A,7/23/2024 9:10:48 AM,1/28/2025 1:53:39 PM,,,2,,,,,,,
2520185,23-019678,2,False,0109,4/22/2023 3:53:00 AM,353,34X,14,109,Oakland,1,True,True,D,BROADSIDE,,Saturday,,,M,,False,False,False,,C,OTHER MOTOR VEHICLE,,0,0,C,DARK-STREET LIGHTS,,,,,,,A,NO PEDESTRIANS INVOLVED,,A,22450A,,1,83RD AV,2,,,A,,,HOLLY ST,,,A,7/23/2024 9:10:45 AM,1/28/2025 1:53:36 PM,,,2,,,,,,,
2520181,23-016901,2,False,0109,4/7/2023 5:15:00 PM,1715,22X,14,109,Oakland,1,True,True,D,BROADSIDE,,Friday,,,M,,False,False,False,,C,OTHER MOTOR VEHICLE,,0,0,A,DAYLIGHT,,,,,,,A,NO PEDESTRIANS INVOLVED,,A,22106,,1,MACARTHUR BL,2,,,A,E,140.0,CANON AV,F,,D,7/23/2024 9:10:45 AM,1/28/2025 1:53:36 PM,,,2,,,,,,,
2520177,23-016645,2,False,0109,4/3/2023 9:00:00 AM,900,30X,14,109,Oakland,1,True,True,E,HIT OBJECT,,Monday,,,M,,False,False,False,,J,OTHER OBJECT,,0,0,A,DAYLIGHT,,,,,,,A,NO PEDESTRIANS INVOLVED,,A,23127,,1,KRAUSE AV,2,,,B,,,KRAUSE AV 7701,,,D,7/23/2024 9:10:45 AM,1/28/2025 1:53:36 PM,,,2,,,,,,,
2520171,23-019528,2,False,0109,4/21/2023 9:40:00 AM,940,10X,14,109,Oakland,1,True,True,C,REAR END,,Friday,,,,,False,False,True,,C,OTHER MOTOR VEHICLE,,1,0,A,DAYLIGHT,,,,,,,A,NO PEDESTRIANS INVOLVED,,A,22350,,1,52ND ST,1,,,A,N,100.0,MARTIN LUTHER KING JR WY,F,,A,7/23/2024 9:10:45 AM,1/28/2025 1:53:36 PM,,,2,,,,,,,
2520165,23-015787,2,False,0109,4/1/2023 1:40:00 PM,1340,27X,14,109,Oakland,1,True,True,D,BROADSIDE,,Saturday,,,,,False,False,False,,C,OTHER MOTOR VEHICLE,,0,0,A,DAYLIGHT,,,,,,,A,NO PEDESTRIANS INVOLVED,,A,21453A,,1,BANCROFT AV,2,,,A,,,FAIRFAX AV,,,A,7/23/2024 9:10:44 AM,1/28/2025 1:53:35 PM,,,2,,,,,,,
2518856,23-009399,2,False,0109,2/24/2023 9:33:00 AM,933,15X,14,109,Oakland,1,True,True,E,HIT OBJECT,,Friday,,,,,False,False,False,,I,FIXED OBJECT,,0,0,A,DAYLIGHT,,,,,,,A,NO PEDESTRIANS INVOLVED,,A,22350,,1,LAKESHORE AV,1,,,B,N,50.0,E 18TH ST,F,,A,7/23/2024 9:09:35 AM,1/28/2025 1:52:25 PM,,,2,,,,,,,
2518855,23-009818,2,False,0109,2/26/2023 5:33:00 PM,1733,19X,14,109,Oakland,1,True,True,A,HEAD-ON,,Sunday,,,M,,False,False,False,,C,OTHER MOTOR VEHICLE,,0,0,A,DAYLIGHT,,,,,,,A,NO PEDESTRIANS INVOLVED,,A,21802A,,2,E 15TH ST,1,,,B,,,3RD AV,,,D,7/23/2024 9:09:35 AM,1/28/2025 1:52:25 PM,,,2,,,,,,,
2518854,23-010145,2,False,0109,2/28/2023 4:17:00 PM,1617,02X,14,109,Oakland,1,True,True,E,HIT OBJECT,,Tuesday,,,,,False,False,False,,I,FIXED OBJECT,,0,0,A,DAYLIGHT,,,,,,,A,NO PEDESTRIANS INVOLVED,,A,22107,,1,MIDDLE HARBOR RD,1,,,B,S,0.5,3RD ST,M,,D,7/23/2024 9:09:35 AM,1/28/2025 1:52:25 PM,,,2,,,,,,,
2518853,23-008585,2,False,0109,2/19/2023 8:17:00 PM,2017,33X,14,109,Oakland,1,True,True,A,HEAD-ON,,Sunday,,,,,False,False,True,,E,PARKED MOTOR VEHICLE,,0,0,D,DARK-NO STREET LIGHTS,,,,,,,A,NO PEDESTRIANS INVOLVED,,A,23152A,,1,92ND AV,2,,,A,N,50.0,D ST,F,,D,7/23/2024 9:09:35 AM,1/28/2025 1:52:25 PM,,,2,,,,,,,
2518852,23-023592,2,False,0109,2/20/2023 12:32:00 AM,32,31X,14,109,Oakland,1,True,True,B,SIDE SWIPE,,Monday,,,M,,False,False,True,,C,OTHER MOTOR VEHICLE,,0,0,C,DARK-STREET LIGHTS,,,,,,,A,NO PEDESTRIANS INVOLVED,,A,22107,,1,EDES AV,2,,,A,E,100.0,TYLER ST,F,,D,7/23/2024 9:09:35 AM,1/28/2025 1:52:25 PM,,,2,,,,,,,
2518841,23-007560,2,False,0109,2/11/2023 2:04:00 PM,1404,14X,14,109,Oakland,1,True,True,B,SIDE SWIPE,,Saturday,,,,,False,False,False,,C,OTHER MOTOR VEHICLE,,2,0,A,DAYLIGHT,,,,,,,A,NO PEDESTRIANS INVOLVED,,A,22107,,1,PERKINS ST,1,,,A,W,20.0,BELLEVUE BL,F,,D,7/23/2024 9:09:34 AM,1/28/2025 1:52:24 PM,,,2,,,,,,,
2536901,23-0006752,2,False,0109,4/30/2023 11:16:00 PM,2316,2X,14,109,Oakland,1,True,True,B,SIDE SWIPE,,Sunday,,,,,False,False,False,,E,PARKED MOTOR VEHICLE,,0,0,C,DARK-STREET LIGHTS,,,,,,,A,NO PEDESTRIANS INVOLVED,,A,00901A,,1,8TH ST,1,,,A,,,8TH ST 1321,,,D,7/23/2024 9:29:24 AM,1/28/2025 2:09:06 PM,,,2,,,,,,,
2536900,23-016830,2,False,0109,4/7/2023 10:05:00 AM,1005,19X,14,109,Oakland,1,True,True,B,SIDE SWIPE,,Friday,,,M,,False,False,False,,I,FIXED OBJECT,,0,0,A,DAYLIGHT,,,,,,,A,NO PEDESTRIANS INVOLVED,,A,22107,,1,E 15TH ST,3,,,A,E,50.0,17TH AV,F,,A,7/23/2024 9:29:23 AM,1/28/2025 2:09:06 PM,,,2,,,,,,,
2536544,23-023765,2,False,0109,5/12/2023 8:49:00 PM,2049,30Y,14,109,Oakland,1,True,True,B,SIDE SWIPE,,Friday,,,M,,False,False,True,,C,OTHER MOTOR VEHICLE,,1,0,B,DUSK-DAWN,,,,,,,A,NO PEDESTRIANS INVOLVED,,A,22350,,1,85TH AV,2,,,A,S,200.0,SAN LEANDRO ST,F,,D,7/23/2024 9:28:56 AM,1/28/2025 2:08:46 PM,,,2,,,,,,,
2536536,23-028013,2,False,0109,6/4/2023 2:50:00 PM,1450,32X,14,109,Oakland,1,True,True,A,HEAD-ON,,Sunday,,,M,,False,False,False,,C,OTHER MOTOR VEHICLE,,0,0,A,DAYLIGHT,,,,,,,A,NO PEDESTRIANS INVOLVED,,A,22107,,1,PONTIAC ST,2,,,A,W,100.0,106TH AV,F,,A,7/23/2024 9:28:55 AM,1/28/2025 2:08:45 PM,,,2,,,,,,,
2536528,23-026471,2,False,0109,5/27/2023 1:54:00 AM,154,17X,14,109,Oakland,1,True,True,C,REAR END,,Saturday,,,M,,False,False,True,,E,PARKED MOTOR VEHICLE,,0,0,C,DARK-STREET LIGHTS,,,,,,,A,NO PEDESTRIANS INVOLVED,,A,22107,,1,5TH AV,1,,,A,S,50.0,E 21ST ST,F,,D,7/23/2024 9:28:54 AM,1/28/2025 2:08:45 PM,,,2,,,,,,,
2536502,23-031772,2,False,0109,6/23/2023 2:15:00 AM,215,05Y,14,109,Oakland,1,True,True,D,BROADSIDE,,Friday,,,M,,False,False,False,,C,OTHER MOTOR VEHICLE,,0,0,C,DARK-STREET LIGHTS,,,,,,,A,NO PEDESTRIANS INVOLVED,,A,22107,,1,FRONTAGE RD,1,,,A,,,14TH AV,,,D,7/23/2024 9:28:52 AM,1/28/2025 2:08:43 PM,,,2,,,,,,,
2536499,23-030815,2,False,0109,6/18/2023 8:34:00 PM,2034,32X,14,109,Oakland,1,True,True,D,BROADSIDE,,Sunday,,,M,,False,False,True,,E,PARKED MOTOR VEHICLE,,0,0,A,DAYLIGHT,,,,,,,A,NO PEDESTRIANS INVOLVED,,A,22107,,1,WALNUT ST,2,,,A,W,60.0,100TH AV,F,,A,7/23/2024 9:28:52 AM,1/28/2025 2:08:43 PM,,,2,,,,,,,
2536465,23-031579,2,False,0109,6/22/2023 7:47:00 AM,747,31X,14,109,Oakland,1,True,True,D,BROADSIDE,,Thursday,,,,,False,False,False,,D,MOTOR VEHICLE ON OTHER ROADWAY,,2,0,A,DAYLIGHT,,,,,,,A,NO PEDESTRIANS INVOLVED,,A,21802A,,1,98TH AV,2,,,A,,,RAILROAD AV,,,A,7/23/2024 9:28:50 AM,1/28/2025 2:08:41 PM,,,2,,,,,,,
2536447,23-031565,2,False,0109,6/22/2023 5:27:00 AM,527,05X,14,109,Oakland,1,True,True,C,REAR END,,Thursday,,,M,,False,False,False,,E,PARKED MOTOR VEHICLE,,0,0,B,DUSK-DAWN,,,,,,,A,NO PEDESTRIANS INVOLVED,,A,22107,,1,14TH ST,1,,,A,E,180.0,ADELINE ST,F,,A,7/23/2024 9:28:47 AM,1/28/2025 2:08:40 PM,,,2,,,,,,,
2536443,23-024048,2,False,0109,5/14/2023 10:48:00 AM,1048,23X,14,109,Oakland,1,True,True,C,REAR END,,Sunday,,,F,,False,False,False,,C,OTHER MOTOR VEHICLE,,0,0,A,DAYLIGHT,,,,,,,A,NO PEDESTRIANS INVOLVED,,A,22350,,1,INTERNATIONAL BL,2,,,A,S,50.0,39TH AV,F,,D,7/23/2024 9:28:47 AM,1/28/2025 2:08:40 PM,,,2,,,,,,,
2536431,23-020031,2,False,0109,4/24/2023 9:00:00 AM,900,26X,14,109,Oakland,1,True,True,B,SIDE SWIPE,,Monday,,,,,False,False,False,,C,OTHER MOTOR VEHICLE,,0,0,A,DAYLIGHT,,,,,,,A,NO PEDESTRIANS INVOLVED,,A,22107,,1,HIGH ST,2,,,A,S,200.0,SAN LEANDRO ST,F,,D,7/23/2024 9:28:46 AM,1/28/2025 2:08:39 PM,,,2,,,,,,,
2536428,23-026722,2,False,0109,5/28/2023 10:32:00 PM,2232,27X,14,109,Oakland,1,True,True,D,BROADSIDE,,Sunday,,,,,False,False,True,,C,OTHER MOTOR VEHICLE,,2,0,C,DARK-STREET LIGHTS,,,,,,,A,NO PEDESTRIANS INVOLVED,,A,21801A,,1,HIGH ST,2,,,A,,,FOOTHILL BL,,,A,7/23/2024 9:28:46 AM,1/28/2025 2:08:39 PM,,,2,,,,,,,
2536412,23-028107,2,False,0109,6/5/2023 3:30:00 AM,330,34X,14,109,Oakland,1,True,True,B,SIDE SWIPE,,Monday,,,M,,False,False,False,,E,PARKED MOTOR VEHICLE,,0,0,C,DARK-STREET LIGHTS,,,,,,,A,NO PEDESTRIANS INVOLVED,,A,22107,,1,BANCROFT AV,2,,,A,E,12.0,88TH AV,F,,A,7/23/2024 9:28:45 AM,1/28/2025 2:08:38 PM,,,2,,,,,,,
2535359,23-050457,2,False,0109,9/23/2023 6:55:00 PM,1855,26X,14,109,Oakland,1,True,True,C,REAR END,,Saturday,,,,,False,False,False,,C,OTHER MOTOR VEHICLE,,1,0,A,DAYLIGHT,,,,,,,A,NO PEDESTRIANS INVOLVED,,A,22107,,1,COLISEUM WY,2,,,A,E,100.0,HIGH ST,F,,D,7/23/2024 9:27:22 AM,1/28/2025 2:07:37 PM,,,2,,,,,,,
2535358,23-050203,2,False,0109,9/22/2023 12:55:00 PM,1255,27X,14,109,Oakland,1,True,True,A,HEAD-ON,,Friday,,,,,False,False,False,,C,OTHER MOTOR VEHICLE,,2,0,A,DAYLIGHT,,,,,,,A,NO PEDESTRIANS INVOLVED,,A,22350,,1,SEMINARY AVE,2,,,A,E,5.0,HOLWAY ST,F,,D,7/23/2024 9:27:22 AM,1/28/2025 2:07:37 PM,,,2,,,,,,,
2535357,23-045915,2,False,0109,9/2/2023 11:18:00 AM,1118,11X,14,109,Oakland,1,True,True,D,BROADSIDE,,Saturday,,,,,False,False,False,,G,BICYCLE,,1,0,A,DAYLIGHT,,,,,,,A,NO PEDESTRIANS INVOLVED,,A,21801A,,1,51ST ST,1,,,A,,,TELEGRAPH AV,,,A,7/23/2024 9:27:22 AM,1/28/2025 2:07:37 PM,,,2,,,,,,,
2535356,23-051909,2,False,0109,9/30/2023 5:30:00 PM,1730,21X,14,109,Oakland,1,True,True,D,BROADSIDE,,Saturday,,,,,False,False,False,,C,OTHER MOTOR VEHICLE,,1,0,B,DUSK-DAWN,,,,,,,A,NO PEDESTRIANS INVOLVED,,A,22450A,,1,23RD ST,2,,,A,,,27TH AV,,,A,7/23/2024 9:27:22 AM,1/28/2025 2:07:37 PM,,,2,,,,,,,
2535354,23-049821,2,False,0109,9/20/2023 2:05:00 PM,1405,20X,14,109,Oakland,1,True,True,B,SIDE SWIPE,,Wednesday,,,,,False,False,False,,C,OTHER MOTOR VEHICLE,,1,0,A,DAYLIGHT,,,,,,,A,NO PEDESTRIANS INVOLVED,,A,21801A,,1,12TH ST,2,,,A,N,5.0,25TH ST,F,,D,7/23/2024 9:27:22 AM,1/28/2025 2:07:37 PM,,,2,,,,,,,
2535353,23-046467,2,False,0109,9/5/2023 11:57:00 AM,1157,20X,14,109,Oakland,1,True,True,G,VEHICLE/PEDESTRAIN,,Tuesday,,,,,False,False,False,,B,PEDESTRIAN,,1,0,A,DAYLIGHT,,,,,,,B,CROSSING IN CROSS WALK AT INTERSECTION,,D,,,,FRUITVALE AVE,2,,,A,,,10TH ST,,,A,7/23/2024 9:27:21 AM,1/28/2025 2:07:37 PM,,,2,,,,,,,
2535033,23-030387,2,False,0109,6/16/2023 12:35:00 PM,1235,34X,14,109,Oakland,1,True,True,C,REAR END,,Friday,,,,,False,False,False,,E,PARKED MOTOR VEHICLE,,0,0,A,DAYLIGHT,,,,,,,F,NOT IN ROAD,,A,22106,,1,89TH AV,2,,,A,N,264.0,BIRCH ST,F,,D,7/23/2024 9:26:57 AM,1/28/2025 2:07:19 PM,,,2,,,,,,,
2535031,23-028040,2,False,0109,6/4/2023 6:27:00 PM,1827,23X,14,109,Oakland,1,True,True,B,SIDE SWIPE,,Sunday,,,,,False,False,False,,C,OTHER MOTOR VEHICLE,,0,0,A,DAYLIGHT,,,,,,,A,NO PEDESTRIANS INVOLVED,,A,21453A,,1,38TH AV,2,,,A,,,INTERNATIONAL BL,,,A,7/23/2024 9:26:57 AM,1/28/2025 2:07:19 PM,,,2,,,,,,,
2535030,23-028033,2,False,0109,6/4/2023 3:13:00 PM,1513,32X,14,109,Oakland,1,True,True,A,HEAD-ON,,Sunday,,,M,,False,False,False,,C,OTHER MOTOR VEHICLE,,0,0,A,DAYLIGHT,,,,,,,A,NO PEDESTRIANS INVOLVED,,A,22107,,1,COOLIDGE AV,2,,,A,E,170.0,BROOKDALE AV,F,,A,7/23/2024 9:26:57 AM,1/28/2025 2:07:19 PM,,,2,,,,,,,