collision-id,report-number,report-version,is-preliminary,ncic-code,crash-date-time,crash-time-description,beat,city-id,city-code,city-name,county-code,city-is-active,city-is-incorporated,collision-type-code,collision-type-description,collision-type-other-desc,day-of-week,dispatch-notified,has-photographs,hit-run,is-attachments-mailed,is-deleted,is-highway-related,is-tow-away,judicial-district,motor-vehicle-involved-with-code,motor-vehicle-involved-with-desc,motor-vehicle-involved-with-other-desc,number-injured,number-killed,lighting-code,lighting-description,latitude,longitude,milepost-direction,milepost-distance,milepost-marker,milepost-unit-of-measure,pedestrian-action-code,pedestrian-action-desc,prepared-date,primary-collision-factor-code,primary-collision-factor-description,primary-collision-factor-is-cited,primary-collision-party-number,primary-road,reporting-district,reporting-district-code,reviewed-date,roadway-surface-code,secondary-direction,secondary-distance,secondary-road,secondary-unit-of-measure,sketch-desc,traffic-control-device-code,created-date,modified-date,is-county-road,is-freeway,chp-555-version,is-additonal-object-struck,notification-date,notification-time-description,has-digital-media-files,evidence-number,is-location-refer-to-narrative,is-aoi-one-same-as-location
2539342,23-011042,2,False,0109,3/5/2023 4:21:00 PM,1621,24X,14,109,Oakland,1,True,True,D,BROADSIDE,,Sunday,,,M,,False,False,False,,C,OTHER MOTOR VEHICLE,,0,0,A,DAYLIGHT,,,,,,,A,NO PEDESTRIANS INVOLVED,,A,22107,,1,FOOTHILL BL,2,,,A,,,HARRINGTON AV,,,A,7/23/2024 9:32:49 AM,1/28/2025 2:11:35 PM,,,2,,,,,,,
2539341,23-015372,2,False,0109,3/30/2023 9:45:00 AM,945,33X,14,109,Oakland,1,True,True,D,BROADSIDE,,Thursday,,,M,,False,False,False,,C,OTHER MOTOR VEHICLE,,0,0,A,DAYLIGHT,,,,,,,A,NO PEDESTRIANS INVOLVED,,A,22106,,1,82ND AV,2,,,A,N,30.0,D ST,F,,D,7/23/2024 9:32:49 AM,1/28/2025 2:11:35 PM,,,2,,,,,,,
2539339,23-014094,2,False,0109,3/22/2023 5:06:00 PM,1706,20X,14,109,Oakland,1,True,True,E,HIT OBJECT,,Wednesday,,,M,,False,False,False,,I,FIXED OBJECT,,0,0,A,DAYLIGHT,,,,,,,A,NO PEDESTRIANS INVOLVED,,A,22107,,1,7TH ST,1,,,A,W,500.0,UNION ST,F,,D,7/23/2024 9:32:49 AM,1/28/2025 2:11:35 PM,,,2,,,,,,,
2539321,23-029916,2,False,0109,6/14/2023 12:20:00 AM,20,26X,14,109,Oakland,1,True,True,D,BROADSIDE,,Wednesday,,,,,False,False,False,,C,OTHER MOTOR VEHICLE,,2,0,C,DARK-STREET LIGHTS,,,,,,,A,NO PEDESTRIANS INVOLVED,,A,23152A,,1,73RD AV,2,,,A,,,HAMILTON ST,,,A,7/23/2024 9:32:47 AM,1/28/2025 2:11:34 PM,,,2,,,,,,,
2539286,23-027438,2,False,0109,6/1/2023 10:47:00 AM,1047,27X,14,109,Oakland,1,True,True,D,BROADSIDE,,Thursday,,,,,False,False,False,,C,OTHER MOTOR VEHICLE,,2,0,A,DAYLIGHT,,,,,,,A,NO PEDESTRIANS INVOLVED,,A,21804A,,1,48TH AV,2,,,A,S,200.0,BANCROFT AV,F,,D,7/23/2024 9:32:44 AM,1/28/2025 2:11:32 PM,,,2,,,,,,,
2539283,23-027706,2,False,0109,6/2/2023 7:46:00 PM,1946,23X,14,109,Oakland,1,True,True,G,VEHICLE/PEDESTRAIN,,Friday,,,M,,False,False,False,,B,PEDESTRIAN,,1,0,C,DARK-STREET LIGHTS,,,,,,,B,CROSSING IN CROSS WALK AT INTERSECTION,,A,216551,,1,INTERNATIONAL BL,2,,,A,N,15.0,33RD ST,F,,D,7/23/2024 9:32:44 AM,1/28/2025 2:11:32 PM,,,2,,,,,,,
2554691,23-049875,2,False,0109,9/20/2023 9:52:00 PM,2152,33X,14,109,Oakland,1,True,True,B,SIDE SWIPE,,Wednesday,,,M,,False,False,False,,C,OTHER MOTOR VEHICLE,,0,0,A,DAYLIGHT,,,,,,,A,NO PEDESTRIANS INVOLVED,,A,22107,,1,INTERNATIONAL BL,2,,,A,E,25.0,86TH AV,F,,A,7/23/2024 9:57:36 AM,1/28/2025 2:27:00 PM,,,2,,,,,,,
2554690,23-048384,2,False,0109,9/14/2023 7:35:00 AM,735,26X,14,109,Oakland,1,True,True,B,SIDE SWIPE,,Thursday,,,M,,False,False,False,,C,OTHER MOTOR VEHICLE,,0,0,,,,,,,,,A,NO PEDESTRIANS INVOLVED,,A,21750A,,1,SEMINARY AV,2,,,A,N,100.0,EASLAWN ST,F,,A,7/23/2024 9:57:36 AM,1/28/2025 2:27:00 PM,,,2,,,,,,,
2554689,23-046352,2,False,0109,9/4/2023 7:45:00 PM,1945,05X,14,109,Oakland,1,True,True,B,SIDE SWIPE,,Monday,,,M,,False,False,True,,E,PARKED MOTOR VEHICLE,,0,0,B,DUSK-DAWN,,,,,,,A,NO PEDESTRIANS INVOLVED,,A,23152A,,1,W GRAND AV,1,,,A,E,15.0,LINDEN ST,F,,D,7/23/2024 9:57:36 AM,1/28/2025 2:27:00 PM,,,2,,,,,,,
2554668,23-048909,2,False,0109,9/16/2023 8:10:00 PM,2010,32X,14,109,Oakland,1,True,True,A,HEAD-ON,,Saturday,,,M,,False,False,False,,I,FIXED OBJECT,,0,0,C,DARK-STREET LIGHTS,,,,,,,A,NO PEDESTRIANS INVOLVED,,A,22107,,1,98TH AV,2,,,A,N,50.0,INTERNATIONAL,F,,D,7/23/2024 9:57:34 AM,1/28/2025 2:26:58 PM,,,2,,,,,,,
2554667,23-042945,2,False,0109,8/18/2023 1:20:00 PM,1320,31X,14,109,Oakland,1,True,True,C,REAR END,,Friday,,,,,False,False,False,,C,OTHER MOTOR VEHICLE,,0,0,A,DAYLIGHT,,,,,,,A,NO PEDESTRIANS INVOLVED,,A,22350,,1,EDGEWATER DR,2,,,A,W,10.0,HEGENBERGER RD,F,,A,7/23/2024 9:57:33 AM,1/28/2025 2:26:58 PM,,,2,,,,,,,
2554654,23-040507,2,False,0109,8/6/2023 10:50:00 AM,1050,06X,14,109,Oakland,1,True,True,C,REAR END,,Sunday,,,,,False,False,False,,E,PARKED MOTOR VEHICLE,,0,0,A,DAYLIGHT,,,,,,,A,NO PEDESTRIANS INVOLVED,,A,22106,,1,MACARTHUR BL,1,,,A,,,MARKET ST,,,D,7/23/2024 9:57:32 AM,1/28/2025 2:26:57 PM,,,2,,,,,,,
2554651,23-020463,2,False,0109,4/26/2023 2:41:00 PM,1441,08X,14,109,Oakland,1,True,True,C,REAR END,,Wednesday,,,M,,False,False,False,,E,PARKED MOTOR VEHICLE,,0,0,A,DAYLIGHT,,,,,,,A,NO PEDESTRIANS INVOLVED,,A,22107,,1,27TH ST,1,,,A,,,TELEGRAPH AV,,,D,7/23/2024 9:57:32 AM,1/28/2025 2:26:57 PM,,,2,,,,,,,
2554648,23-025477,2,False,0109,5/22/2023 12:15:00 AM,15,19X,14,109,Oakland,1,True,True,B,SIDE SWIPE,,Monday,,,M,,False,False,False,,C,OTHER MOTOR VEHICLE,,0,0,C,DARK-STREET LIGHTS,,,,,,,A,NO PEDESTRIANS INVOLVED,,A,22107,,1,INTERNATIONAL BL,1,,,A,,,13TH AV,,,A,7/23/2024 9:57:32 AM,1/28/2025 2:26:57 PM,,,2,,,,,,,
2554647,23-016623,2,False,0109,6/26/2023 6:19:00 AM,619,23X,14,109,Oakland,1,True,True,D,BROADSIDE,,Monday,,,M,,False,False,False,,C,OTHER MOTOR VEHICLE,,0,0,A,DAYLIGHT,,,,,,,A,NO PEDESTRIANS INVOLVED,,A,21453A,,1,INTERNATIONAL BL,2,,,A,,,39TH AV,,,A,7/23/2024 9:57:32 AM,1/28/2025 2:26:57 PM,,,2,,,,,,,
2554644,23-038587,2,False,0109,7/27/2023 5:49:00 PM,1749,30X,14,109,Oakland,1,True,True,B,SIDE SWIPE,,Thursday,,,,,False,False,False,,E,PARKED MOTOR VEHICLE,,0,0,A,DAYLIGHT,,,,,,,A,NO PEDESTRIANS INVOLVED,,A,22107,,1,BANCROFT AV,2,,,A,W,100.0,HAVENSCOURT BL,F,,D,7/23/2024 9:57:31 AM,1/28/2025 2:26:57 PM,,,2,,,,,,,
2554637,23-012079,2,False,0109,3/10/2023 9:50:00 PM,2150,35X,14,109,Oakland,1,True,True,G,VEHICLE/PEDESTRAIN,,Friday,,,F,,False,False,False,,B,PEDESTRIAN,,1,0,D,DARK-NO STREET LIGHTS,,,,,,,D,CROSSING - NOT IN CROSSWALK,,A,22106,,1,HILLSIDE ST,2,,,A,W,200.0,88TH AV,F,,D,7/23/2024 9:57:31 AM,1/28/2025 2:26:56 PM,,,2,,,,,,,
2554634,23-035536,2,False,0109,7/12/2023 1:31:00 PM,1331,23X,14,109,Oakland,1,True,True,G,VEHICLE/PEDESTRAIN,,Wednesday,,,,,False,False,False,,B,PEDESTRIAN,,1,0,A,DAYLIGHT,,,,,,,D,CROSSING - NOT IN CROSSWALK,,A,21954A,,1,HIGH ST,2,,,A,S,40.0,SAN LEANDRO BL,F,,A,7/23/2024 9:57:31 AM,1/28/2025 2:26:56 PM,,,2,,,,,,,
2554633,23-034021,2,False,0109,7/4/2023 6:10:00 PM,1810,05X,14,109,Oakland,1,True,True,D,BROADSIDE,,Tuesday,,,,,False,False,False,,G,BICYCLE,,1,0,A,DAYLIGHT,,,,,,,A,NO PEDESTRIANS INVOLVED,,A,21453A,,1,W GRAND AV,1,,,A,,,MARKET ST,,,A,7/23/2024 9:57:30 AM,1/28/2025 2:26:56 PM,,,2,,,,,,,
2554621,23-048493,2,False,0109,9/14/2023 5:38:00 PM,1738,02X,14,109,Oakland,1,True,True,D,BROADSIDE,,Thursday,,,,,False,False,False,,C,OTHER MOTOR VEHICLE,,1,0,A,DAYLIGHT,,,,,,,A,NO PEDESTRIANS INVOLVED,,A,21453A,,,5TH ST,1,,,A,,,BRUSH ST,,,A,7/23/2024 9:57:29 AM,1/28/2025 2:26:55 PM,,,2,,,,,,,
2554620,23-046020,2,False,0109,9/2/2023 10:10:00 PM,2210,30X,14,109,Oakland,1,True,True,D,BROADSIDE,,Saturday,,,M,,False,False,True,,C,OTHER MOTOR VEHICLE,,2,0,C,DARK-STREET LIGHTS,,,,,,,A,NO PEDESTRIANS INVOLVED,,A,21453A,,1,BANCROFT AV,2,,,A,,,HAVENSCOURT BL,,,A,7/23/2024 9:57:29 AM,1/28/2025 2:26:55 PM,,,2,,,,,,,
2554619,23-048258,2,False,0109,9/13/2023 3:07:00 PM,1507,09X,14,109,Oakland,1,True,True,A,HEAD-ON,,Wednesday,,,,,False,False,False,,G,BICYCLE,,1,0,A,DAYLIGHT,,,,,,,B,CROSSING IN CROSS WALK AT INTERSECTION,,A,21453A,,1,BROADWAY,1,,,A,,,PLEASANT VALLEY AV,,,A,7/23/2024 9:57:28 AM,1/28/2025 2:26:55 PM,,,2,,,,,,,
2554590,23-061892,2,False,0109,11/22/2023 10:35:00 AM,1035,26X,14,109,Oakland,1,True,True,B,SIDE SWIPE,,Wednesday,,,M,,False,False,False,,C,OTHER MOTOR VEHICLE,,1,0,A,DAYLIGHT,,,,,,,A,NO PEDESTRIANS INVOLVED,,A,22350,,1,OAKPORT ST,2,,,A,W,50.0,ZHONE WY,F,,D,7/23/2024 9:57:25 AM,1/28/2025 2:26:53 PM,,,2,,,,,,,
2554589,23-063032,2,False,0109,11/28/2023 5:47:00 PM,1747,27X,14,109,Oakland,1,True,True,G,VEHICLE/PEDESTRAIN,,Tuesday,,,,,False,False,False,,B,PEDESTRIAN,,1,0,C,DARK-STREET LIGHTS,,,,,,,B,CROSSING IN CROSS WALK AT INTERSECTION,,A,21950A,,1,HIGH ST,2,,,A,N,5.0,BANCROFT AV,F,,A,7/23/2024 9:57:25 AM,1/28/2025 2:26:53 PM,,,2,,,,,,,
2554588,23-063461,2,False,0109,11/30/2023 11:15:00 PM,2315,03X,14,109,Oakland,1,True,True,D,BROADSIDE,,Thursday,,,,,False,False,True,,E,PARKED MOTOR VEHICLE,,1,0,C,DARK-STREET LIGHTS,,,,,,,A,NO PEDESTRIANS INVOLVED,,A,22350,,1,FALLON ST,1,,,A,N,50.0,7TH ST,F,,A,7/23/2024 9:57:25 AM,1/28/2025 2:26:53 PM,,,2,,,,,,,
2554587,23-061394,2,False,0109,11/19/2023 3:30:00 PM,1530,19X,14,109,Oakland,1,True,True,D,BROADSIDE,,Sunday,,,,,False,False,False,,B,PEDESTRIAN,,1,0,A,DAYLIGHT,,,,,,,B,CROSSING IN CROSS WALK AT INTERSECTION,,A,21950A,,1,8TH AV,1,,,A,,,INTERNATIONAL BL,,,A,7/23/2024 9:57:25 AM,1/28/2025 2:26:53 PM,,,2,,,,,,,
2554586,23-059022,2,False,0109,11/6/2023 1:25:00 PM,1325,16Y,14,109,Oakland,1,True,True,D,BROADSIDE,,Monday,,,,,False,False,True,,C,OTHER MOTOR VEHICLE,,1,0,A,DAYLIGHT,,,,,,,A,NO PEDESTRIANS INVOLVED,,A,21453A,,,PARK BL,1,,,A,,,CHATHAM RD,,,A,7/23/2024 9:57:25 AM,1/28/2025 2:26:53 PM,,,2,,,,,,,
2554585,23-062087,2,False,0109,11/23/2023 11:40:00 AM,1140,03X,14,109,Oakland,1,True,True,D,BROADSIDE,,Thursday,,,,,False,False,False,,C,OTHER MOTOR VEHICLE,,1,0,A,DAYLIGHT,,,,,,,A,NO PEDESTRIANS INVOLVED,,A,21453A,,,12TH ST,1,,,A,,,JACKSON ST,,,A,7/23/2024 9:57:24 AM,1/28/2025 2:26:53 PM,,,2,,,,,,,
2554584,23-059982,2,False,0109,11/11/2023 10:53:00 PM,2253,23X,14,109,Oakland,1,True,True,D,BROADSIDE,,Saturday,,,,,False,False,False,,C,OTHER MOTOR VEHICLE,,3,0,C,DARK-STREET LIGHTS,,,,,,,A,NO PEDESTRIANS INVOLVED,,A,21453,,,42ND ST,2,,,A,,,COLISEUM WY,,,A,7/23/2024 9:57:24 AM,1/28/2025 2:26:53 PM,,,2,,,,,,,
2554552,23-063252,2,False,0109,11/29/2023 8:01:00 PM,2001,18X,14,109,Oakland,1,True,True,B,SIDE SWIPE,,Wednesday,,,,,False,False,True,,E,PARKED MOTOR VEHICLE,,0,0,C,DARK-STREET LIGHTS,,,,,,,A,NO PEDESTRIANS INVOLVED,,A,22350,,1,23RD AV,1,,,A,S,120.0,E 21ST ST,F,,A,7/23/2024 9:57:21 AM,1/28/2025 2:26:52 PM,,,2,,,,,,,
2554551,23-063111,2,False,0109,11/29/2023 8:27:00 AM,827,30X,14,109,Oakland,1,True,True,C,REAR END,,Wednesday,,,,,False,False,False,,C,OTHER MOTOR VEHICLE,,0,0,A,DAYLIGHT,,,,,,,A,NO PEDESTRIANS INVOLVED,,A,22350,,1,73RD AV,2,,,B,N,50.0,LOCKWOOD ST,F,,A,7/23/2024 9:57:21 AM,1/28/2025 2:26:51 PM,,,2,,,,,,,
2554550,23-061810,2,False,0109,11/21/2023 9:00:00 PM,2100,06X,14,109,Oakland,1,True,True,B,SIDE SWIPE,,Tuesday,,,,,False,False,True,,C,OTHER MOTOR VEHICLE,,0,0,C,DARK-STREET LIGHTS,,,,,,,A,NO PEDESTRIANS INVOLVED,,A,21802A,,1,SAN PABLO AV,1,,,A,,,32ND ST,,,A,7/23/2024 9:57:21 AM,1/28/2025 2:26:52 PM,,,2,,,,,,,
2554549,23-061037,2,False,0109,11/17/2023 1:48:00 PM,1348,23X,14,109,Oakland,1,True,True,B,SIDE SWIPE,,Friday,,,,,False,False,False,,C,OTHER MOTOR VEHICLE,,0,0,A,DAYLIGHT,,,,,,,A,NO PEDESTRIANS INVOLVED,,A,22106,,1,FRUITVALE AV,2,,,B,S,50.0,E 16TH ST,F,,D,7/23/2024 9:57:21 AM,1/28/2025 2:26:51 PM,,,2,,,,,,,
2554539,23-056967,2,False,0109,10/26/2023 6:41:00 PM,1841,20X,14,109,Oakland,1,True,True,C,REAR END,,Thursday,,,M,,False,False,False,,C,OTHER MOTOR VEHICLE,,0,0,A,DAYLIGHT,,,,,,,A,NO PEDESTRIANS INVOLVED,,A,22350,,1,29TH AV,2,,,A,S,75.0,GLASCOCK ST,F,,D,7/23/2024 9:57:20 AM,1/28/2025 2:26:51 PM,,,2,,,,,,,
2554536,23-063201,2,False,0109,11/29/2023 3:35:00 PM,1535,23X,14,109,Oakland,1,True,True,B,SIDE SWIPE,,Wednesday,,,,,False,False,False,,E,PARKED MOTOR VEHICLE,,0,0,A,DAYLIGHT,,,,,,,A,NO PEDESTRIANS INVOLVED,,A,22107,,1,38TH AV,2,,,A,N,40.0,INTERNATIONAL,F,,A,7/23/2024 9:57:20 AM,1/28/2025 2:26:50 PM,,,2,,,,,,,
2554535,23-061527,2,False,0109,11/20/2023 12:26:00 PM,1226,30X,14,109,Oakland,1,True,True,D,BROADSIDE,,Monday,,,,,False,False,False,,C,OTHER MOTOR VEHICLE,,0,0,A,DAYLIGHT,,,,,,,A,NO PEDESTRIANS INVOLVED,,A,21802A,,1,HILLSIDE ST,2,,,A,,,80TH AV,,,A,7/23/2024 9:57:20 AM,1/28/2025 2:26:51 PM,,,2,,,,,,,
2554534,23-064783,2,False,0109,12/8/2023 3:59:00 AM,359,18X,14,109,Oakland,1,True,True,A,HEAD-ON,,Friday,,,M,,False,False,True,,E,PARKED MOTOR VEHICLE,,0,0,C,DARK-STREET LIGHTS,,,,,,,A,NO PEDESTRIANS INVOLVED,,A,22107,,1,22ND AV,1,,,A,E,30.0,20TH ST,F,,D,7/23/2024 9:57:19 AM,1/28/2025 2:26:50 PM,,,2,,,,,,,
2554533,23-034064,2,False,0109,7/4/2023 11:08:00 PM,2308,19X,14,109,Oakland,1,True,True,C,REAR END,,Tuesday,,,M,,False,False,False,,C,OTHER MOTOR VEHICLE,,0,0,C,DARK-STREET LIGHTS,,,,,,,A,NO PEDESTRIANS INVOLVED,,A,22350,,1,INTERNATIONAL BL,1,,,A,E,20.0,14TH AV,F,,A,7/23/2024 9:57:19 AM,1/28/2025 2:26:50 PM,,,2,,,,,,,
2554399,23-059693,2,False,0109,11/10/2023 11:34:00 AM,1134,02X,14,109,Oakland,1,True,True,D,BROADSIDE,,Friday,,,,,False,False,False,,C,OTHER MOTOR VEHICLE,,0,0,A,DAYLIGHT,,,,,,,A,NO PEDESTRIANS INVOLVED,,A,22450A,,1,3RD ST,1,,,A,,,MARKET ST,,,A,7/23/2024 9:57:04 AM,1/28/2025 2:26:42 PM,,,2,,,,,,,
2554396,23-061474,2,False,0109,11/20/2023 7:19:00 AM,719,21X,14,109,Oakland,1,True,True,G,VEHICLE/PEDESTRAIN,,Monday,,,,,False,False,False,,B,PEDESTRIAN,,1,0,A,DAYLIGHT,,,,,,,D,CROSSING - NOT IN CROSSWALK,,A,22350,,1,SCHOOL ST,2,,,A,,,BERLIN WY,,,D,7/23/2024 9:57:04 AM,1/28/2025 2:26:42 PM,,,2,,,,,,,
2554296,23-061587,2,False,0109,11/20/2023 5:48:00 PM,1748,25X,14,109,Oakland,1,True,True,F,OVERTURNED,,Monday,,,,,False,False,True,,E,PARKED MOTOR VEHICLE,,0,0,C,DARK-STREET LIGHTS,,,,,,,A,NO PEDESTRIANS INVOLVED,,A,22107,,1,RUSTING AV,2,,,A,N,150.0,MOUNTAIN BL,F,,D,7/23/2024 9:56:54 AM,1/28/2025 2:26:36 PM,,,2,,,,,,,
2554295,23-052224,2,False,0109,10/2/2023 9:07:00 PM,2107,20X,14,109,Oakland,1,True,True,D,BROADSIDE,,Monday,,,M,,False,False,True,,C,OTHER MOTOR VEHICLE,,0,0,C,DARK-STREET LIGHTS,,,,,,,A,NO PEDESTRIANS INVOLVED,,A,21453A,,1,29TH AV,2,,,A,,,INTERNATIONAL BL,,,A,7/23/2024 9:56:54 AM,1/28/2025 2:26:36 PM,,,2,,,,,,,
2554294,23-062164,2,False,0109,11/24/2023 12:13:00 AM,13,34X,14,109,Oakland,1,True,True,B,SIDE SWIPE,,Friday,,,M,,False,False,True,,E,PARKED MOTOR VEHICLE,,0,0,C,DARK-STREET LIGHTS,,,,,,,A,NO PEDESTRIANS INVOLVED,,A,22107,,1,92ND AV,2,,,A,S,20.0,SUNNYSIDE ST,F,,A,7/23/2024 9:56:54 AM,1/28/2025 2:26:36 PM,,,2,,,,,,,
2554293,23-059807,2,False,0109,11/11/2023 1:09:00 AM,109,23X,14,109,Oakland,1,True,True,B,SIDE SWIPE,,Saturday,,,M,,False,False,True,,C,OTHER MOTOR VEHICLE,,0,0,C,DARK-STREET LIGHTS,,,,,,,A,NO PEDESTRIANS INVOLVED,,A,22107,,1,SAN LEANDRO ST,2,,,A,W,10.0,35TH AV,F,,A,7/23/2024 9:56:54 AM,1/28/2025 2:26:36 PM,,,2,,,,,,,
2554292,23-052954,2,False,0109,10/6/2023 1:15:00 PM,1315,34X,14,109,Oakland,1,True,True,H,OTHER,,Friday,,,M,,False,False,True,,C,OTHER MOTOR VEHICLE,,0,0,A,DAYLIGHT,,,,,,,A,NO PEDESTRIANS INVOLVED,,D,,,,INTERNATIONAL BL,2,,,A,E,20.0,92ND AV,F,,A,7/23/2024 9:56:53 AM,1/28/2025 2:26:36 PM,,,2,,,,,,,
2554286,23-057641,2,False,0109,10/30/2023 3:12:00 PM,1512,31X,14,109,Oakland,1,True,True,D,BROADSIDE,,Monday,,,,,False,False,False,,C,OTHER MOTOR VEHICLE,,1,0,A,DAYLIGHT,,,,,,,A,NO PEDESTRIANS INVOLVED,,A,21453A,,1,98TH AV,2,,,A,,,AIRPORT ACCESS RD,,,A,7/23/2024 9:56:53 AM,1/28/2025 2:26:36 PM,,,2,,,,,,,
2554285,23-052237,2,False,0109,10/3/2023 11:07:00 PM,2307,22X,14,109,Oakland,1,True,True,E,HIT OBJECT,,Tuesday,,,,,False,False,True,,I,FIXED OBJECT,,1,0,C,DARK-STREET LIGHTS,,,,,,,A,NO PEDESTRIANS INVOLVED,,A,22107,,1,WATERHOUSE RD,2,,,A,S,140.0,CASTERLINE RD,F,,D,7/23/2024 9:56:53 AM,1/28/2025 2:26:36 PM,,,2,,,,,,,
2554284,23-052734,2,False,0109,10/5/2023 10:45:00 AM,1045,04X,14,109,Oakland,1,True,True,D,BROADSIDE,,Thursday,,,,,False,False,False,,C,OTHER MOTOR VEHICLE,,1,0,A,DAYLIGHT,,,,,,,A,NO PEDESTRIANS INVOLVED,,A,21453A,,1,17TH ST,1,,,A,,,MARTIN LUTHER KING JR WY,,,A,7/23/2024 9:56:53 AM,1/28/2025 2:26:36 PM,,,2,,,,,,,
2554282,23-053163,2,False,0109,10/7/2023 1:23:00 PM,1323,26X,14,109,Oakland,1,True,True,D,BROADSIDE,,Saturday,,,,,False,False,False,,C,OTHER MOTOR VEHICLE,,1,0,A,DAYLIGHT,,,,,,,A,NO PEDESTRIANS INVOLVED,,A,21453A,,1,SAN LEANDRO ST,2,,,A,,,HIGH ST,,,A,7/23/2024 9:56:53 AM,1/28/2025 2:26:36 PM,,,2,,,,,,,
2553986,21-024908,2,False,0109,5/31/2023 1:06:00 PM,1306,35X,14,109,Oakland,1,True,True,B,SIDE SWIPE,,Wednesday,,,,,False,False,False,,E,PARKED MOTOR VEHICLE,,0,0,A,DAYLIGHT,,,,,,,A,NO PEDESTRIANS INVOLVED,,A,22107,,1,88TH AV,2,,,A,N,50.0,DOWLING ST,F,,D,7/23/2024 9:56:20 AM,1/28/2025 2:26:17 PM,,,2,,,,,,,
2553985,23-061685,2,False,0109,5/20/2023 2:31:00 AM,231,,14,109,Oakland,1,True,True,B,SIDE SWIPE,,Saturday,,,,,False,False,False,,C,OTHER MOTOR VEHICLE,,0,0,C,DARK-STREET LIGHTS,,,,,,,A,NO PEDESTRIANS INVOLVED,,A,23152A,,1,INTERNATIONAL BL,2,,,B,,,61ST AV,,,A,7/23/2024 9:56:20 AM,1/28/2025 2:26:17 PM,,,2,,,,,,,
2553970,23-039000,2,False,0109,7/30/2023 2:08:00 AM,208,21Y,14,109,Oakland,1,True,True,C,REAR END,,Sunday,,,M,,False,False,True,,E,PARKED MOTOR VEHICLE,,0,0,C,DARK-STREET LIGHTS,,,,,,,A,NO PEDESTRIANS INVOLVED,,A,22107,,1,FRUITVALE AV,2,,,A,S,10.0,E 22ND ST,F,,D,7/23/2024 9:56:19 AM,1/28/2025 2:26:16 PM,,,2,,,,,,,
2553963,23-045237,2,False,0109,8/30/2023 7:41:00 AM,741,04X,14,109,Oakland,1,True,True,D,BROADSIDE,,Wednesday,,,,,False,False,False,,C,OTHER MOTOR VEHICLE,,0,0,A,DAYLIGHT,,,,,,,A,NO PEDESTRIANS INVOLVED,,D,,,,SAN PABLO AV,1,,,A,,,MARTIN LUTHER KING JR WY,,,A,7/23/2024 9:56:18 AM,1/28/2025 2:26:16 PM,,,2,,,,,,,
2553962,23-045368,2,False,0109,8/30/2023 2:10:00 PM,1410,03X,14,109,Oakland,1,True,True,D,BROADSIDE,,Wednesday,,,,,False,False,False,,C,OTHER MOTOR VEHICLE,,0,0,A,DAYLIGHT,,,,,,,A,NO PEDESTRIANS INVOLVED,,A,21453A,,1,8TH ST,1,,,A,,,HARRISON ST,,,A,7/23/2024 9:56:18 AM,1/28/2025 2:26:16 PM,,,2,,,,,,,
2553950,23-051863,2,False,0109,9/30/2023 2:35:00 PM,1435,18X,14,109,Oakland,1,True,True,D,BROADSIDE,,Saturday,,,M,,False,False,False,,C,OTHER MOTOR VEHICLE,,0,0,A,DAYLIGHT,,,,,,,A,NO PEDESTRIANS INVOLVED,,A,22450A,,1,FOOTHILL,1,,,A,,,19TH AV,,,A,7/23/2024 9:56:17 AM,1/28/2025 2:26:15 PM,,,2,,,,,,,
2553949,23-050869,2,False,0109,9/26/2023 1:25:00 AM,125,20X,14,109,Oakland,1,True,True,C,REAR END,,Tuesday,,,,,False,False,True,,C,OTHER MOTOR VEHICLE,,0,0,C,DARK-STREET LIGHTS,,,,,,,A,NO PEDESTRIANS INVOLVED,,A,22350,,1,INTERNATIONAL BL,2,,,A,E,10.0,29TH AV,F,,A,7/23/2024 9:56:17 AM,1/28/2025 2:26:15 PM,,,2,,,,,,,
2553943,23-009485,2,False,0109,2/24/2023 8:23:00 PM,2023,04X,14,109,Oakland,1,True,True,G,VEHICLE/PEDESTRAIN,,Friday,,,,,False,False,False,,B,PEDESTRIAN,,1,0,C,DARK-STREET LIGHTS,,,,,,,D,CROSSING - NOT IN CROSSWALK,,A,21954A,,1,W GRAND AV,1,,,A,E,12.0,SAN PABLO AV,F,,A,7/23/2024 9:56:16 AM,1/28/2025 2:26:15 PM,,,2,,,,,,,
2553922,23-022532,2,False,0109,5/6/2023 11:53:00 PM,2353,26X,14,109,Oakland,1,True,True,D,BROADSIDE,,Saturday,,,,,False,False,True,,C,OTHER MOTOR VEHICLE,,1,0,B,DUSK-DAWN,,,,,,,A,NO PEDESTRIANS INVOLVED,,A,21453A,,1,66TH AV,2,,,A,,,SOLISEUM WY,,,A,7/23/2024 9:56:14 AM,1/28/2025 2:26:13 PM,,,2,,,,,,,
2553914,23-031216,2,False,0109,6/20/2023 3:44:00 PM,1544,03X,14,109,Oakland,1,True,True,D,BROADSIDE,,Tuesday,,,,,False,False,False,,C,OTHER MOTOR VEHICLE,,1,0,A,DAYLIGHT,,,,,,,A,NO PEDESTRIANS INVOLVED,,A,21453A,,1,7TH ST,1,,,A,,,MARTIN LUTHER KING JR WY,,,A,7/23/2024 9:56:13 AM,1/28/2025 2:26:13 PM,,,2,,,,,,,
2553900,23-041966,2,False,0109,8/13/2023 7:55:00 PM,1955,25X,14,109,Oakland,1,True,True,B,SIDE SWIPE,,Sunday,,,M,,False,False,True,,C,OTHER MOTOR VEHICLE,,1,0,B,DUSK-DAWN,,,,,,,A,NO PEDESTRIANS INVOLVED,,A,22107,,1,CAMPUS DR,2,,,A,E,200.0,ACCESS RD,F,,D,7/23/2024 9:56:11 AM,1/28/2025 2:26:12 PM,,,2,,,,,,,
2553886,23-047740,2,False,0109,9/11/2023 7:21:00 AM,721,03Y,14,109,Oakland,1,True,True,D,BROADSIDE,,Monday,,,,,False,False,False,,C,OTHER MOTOR VEHICLE,,1,0,A,DAYLIGHT,,,,,,,A,NO PEDESTRIANS INVOLVED,,A,21453A,,1,7TH ST,1,,,A,,,JEFFERSON ST,,,A,7/23/2024 9:56:10 AM,1/28/2025 2:26:11 PM,,,2,,,,,,,