collision-id,report-number,report-version,is-preliminary,ncic-code,crash-date-time,crash-time-description,beat,city-id,city-code,city-name,county-code,city-is-active,city-is-incorporated,collision-type-code,collision-type-description,collision-type-other-desc,day-of-week,dispatch-notified,has-photographs,hit-run,is-attachments-mailed,is-deleted,is-highway-related,is-tow-away,judicial-district,motor-vehicle-involved-with-code,motor-vehicle-involved-with-desc,motor-vehicle-involved-with-other-desc,number-injured,number-killed,lighting-code,lighting-description,latitude,longitude,milepost-direction,milepost-distance,milepost-marker,milepost-unit-of-measure,pedestrian-action-code,pedestrian-action-desc,prepared-date,primary-collision-factor-code,primary-collision-factor-description,primary-collision-factor-is-cited,primary-collision-party-number,primary-road,reporting-district,reporting-district-code,reviewed-date,roadway-surface-code,secondary-direction,secondary-distance,secondary-road,secondary-unit-of-measure,sketch-desc,traffic-control-device-code,created-date,modified-date,is-county-road,is-freeway,chp-555-version,is-additonal-object-struck,notification-date,notification-time-description,has-digital-media-files,evidence-number,is-location-refer-to-narrative,is-aoi-one-same-as-location
2588099,23-061300,2,False,0109,11/19/2023 2:13:00 AM,213,26Y,14,109,Oakland,1,True,True,A,HEAD-ON,,Sunday,,,M,,False,False,False,,C,OTHER MOTOR VEHICLE,,0,0,C,DARK-STREET LIGHTS,,,,,,,A,NO PEDESTRIANS INVOLVED,,A,21460A,,1,INTERNATIONAL BL,2,,,B,,,63RD AV,,,D,7/23/2024 2:27:13 PM,1/28/2025 3:26:24 PM,,,2,,,,,,,
2588098,23-061117,2,False,0109,11/17/2023 11:06:00 PM,2306,24X,14,109,Oakland,1,True,True,D,BROADSIDE,,Friday,,,M,,False,False,False,,C,OTHER MOTOR VEHICLE,,0,0,C,DARK-STREET LIGHTS,,,,,,,A,NO PEDESTRIANS INVOLVED,,A,21453A,,1,PENNIMAN AV,2,,,B,,,35TH AV,,,A,7/23/2024 2:27:13 PM,1/28/2025 3:26:24 PM,,,2,,,,,,,
2588097,23-060036,2,False,0109,11/12/2023 7:51:00 AM,751,20X,14,109,Oakland,1,True,True,C,REAR END,,Sunday,,,M,,False,False,False,,E,PARKED MOTOR VEHICLE,,0,0,A,DAYLIGHT,,,,,,,A,NO PEDESTRIANS INVOLVED,,A,22107,,1,28TH AV,2,,,A,S,25.0,FOOTHILL BL,F,,D,7/23/2024 2:27:13 PM,1/28/2025 3:26:24 PM,,,2,,,,,,,
2588096,23-058919,2,False,0109,11/6/2023 12:47:00 AM,47,21X,14,109,Oakland,1,True,True,C,REAR END,,Monday,,,M,,False,False,False,,C,OTHER MOTOR VEHICLE,,0,0,C,DARK-STREET LIGHTS,,,,,,,A,NO PEDESTRIANS INVOLVED,,A,22350,,1,DAVIS ST,2,,,B,E,150.0,FRUITVALE AV,F,,D,7/23/2024 2:27:13 PM,1/28/2025 3:26:24 PM,,,2,,,,,,,
2588095,23-059479,2,False,0109,11/9/2023 6:15:00 AM,615,19X,14,109,Oakland,1,True,True,B,SIDE SWIPE,,Thursday,,,M,,False,False,False,,E,PARKED MOTOR VEHICLE,,0,0,C,DARK-STREET LIGHTS,,,,,,,A,NO PEDESTRIANS INVOLVED,,A,22107,,1,FOOTHILL BL,1,,,A,W,100.0,23RD AV,F,,A,7/23/2024 2:27:13 PM,1/28/2025 3:26:24 PM,,,2,,,,,,,
2588094,23-060968,2,False,0109,11/17/2023 7:28:00 AM,728,19X,14,109,Oakland,1,True,True,B,SIDE SWIPE,,Friday,,,,,False,False,False,,C,OTHER MOTOR VEHICLE,,0,0,A,DAYLIGHT,,,,,,,A,NO PEDESTRIANS INVOLVED,,A,21802A,,1,21ST AV,1,,,A,,,FOOTHILL BL,,,D,7/23/2024 2:27:12 PM,1/28/2025 3:26:24 PM,,,2,,,,,,,
2588093,23-060482,2,False,0109,11/14/2023 5:30:00 PM,1730,31X,14,109,Oakland,1,True,True,A,HEAD-ON,,Tuesday,,,,,False,False,False,,C,OTHER MOTOR VEHICLE,,0,0,C,DARK-STREET LIGHTS,,,,,,,A,NO PEDESTRIANS INVOLVED,,A,21801A,,1,98TH AV,2,,,A,,,BESSIE COLEMAN,,,A,7/23/2024 2:27:12 PM,1/28/2025 3:26:24 PM,,,2,,,,,,,
2588092,23-060435,2,False,0109,11/14/2023 1:47:00 PM,1347,24X,14,109,Oakland,1,True,True,H,OTHER,,Tuesday,,,,,False,False,False,,C,OTHER MOTOR VEHICLE,,0,0,A,DAYLIGHT,,,,,,,A,NO PEDESTRIANS INVOLVED,,A,22106,,1,40TH AV,2,,,A,N,150.0,MERA ST,F,,D,7/23/2024 2:27:12 PM,1/28/2025 3:26:24 PM,,,2,,,,,,,
2588091,23-059020,2,False,0109,11/6/2023 1:27:00 PM,1327,22X,14,109,Oakland,1,True,True,E,HIT OBJECT,,Monday,,,M,,False,False,False,,I,FIXED OBJECT,,0,0,A,DAYLIGHT,,,,,,,A,NO PEDESTRIANS INVOLVED,,A,22107,,1,COOLIDGE AV,2,,,A,,,MACARTHUR BL,,,A,7/23/2024 2:27:12 PM,1/28/2025 3:26:24 PM,,,2,,,,,,,
2588090,23-058202,2,False,0109,11/2/2023 12:01:00 PM,1201,11X,14,109,Oakland,1,True,True,D,BROADSIDE,,Thursday,,,,,False,False,False,,C,OTHER MOTOR VEHICLE,,0,0,A,DAYLIGHT,,,,,,,A,NO PEDESTRIANS INVOLVED,,A,22450A,,1,58TH ST,1,,,A,,,MARTIN LUTHER KING JR WY,,,A,7/23/2024 2:27:12 PM,1/28/2025 3:26:24 PM,,,2,,,,,,,
2588089,23-058641,2,False,0109,11/4/2023 11:40:00 AM,1140,03X,14,109,Oakland,1,True,True,D,BROADSIDE,,Saturday,,,,,False,False,False,,C,OTHER MOTOR VEHICLE,,0,0,A,DAYLIGHT,,,,,,,A,NO PEDESTRIANS INVOLVED,,A,21801A,,1,14TH ST,1,,,A,,,FRANKLIN ST,,,A,7/23/2024 2:27:12 PM,1/28/2025 3:26:24 PM,,,2,,,,,,,
2588067,23-057086,2,False,0109,10/27/2023 9:21:00 AM,921,32X,14,109,Oakland,1,True,True,D,BROADSIDE,,Friday,,,,,False,False,False,,C,OTHER MOTOR VEHICLE,,0,0,A,DAYLIGHT,,,,,,,A,NO PEDESTRIANS INVOLVED,,A,21802A,,1,BANCROFT AV,2,,,A,,,103RD AV,,,D,7/23/2024 2:27:11 PM,1/28/2025 3:26:24 PM,,,2,,,,,,,
2588065,23-047305,2,False,0109,9/8/2023 10:24:00 PM,2224,26Y,14,109,Oakland,1,True,True,C,REAR END,,Friday,,,M,,False,False,False,,C,OTHER MOTOR VEHICLE,,0,0,C,DARK-STREET LIGHTS,,,,,,,A,NO PEDESTRIANS INVOLVED,,A,21453A,,1,SAN LEANDRO ST,2,,,A,,,66TH AV,,,A,7/23/2024 2:27:11 PM,1/28/2025 3:26:24 PM,,,2,,,,,,,
2588064,23-057468,2,False,0109,10/29/2023 7:32:00 PM,1932,02X,14,109,Oakland,1,True,True,B,SIDE SWIPE,,Sunday,,,,,False,False,False,,E,PARKED MOTOR VEHICLE,,0,0,D,DARK-NO STREET LIGHTS,,,,,,,A,NO PEDESTRIANS INVOLVED,,A,22107,,1,8TH ST,1,,,A,E,500.0,ADELINE ST,F,,D,7/23/2024 2:27:11 PM,1/28/2025 3:26:23 PM,,,2,,,,,,,
2588063,23-045958,2,False,0109,9/2/2023 2:49:00 PM,1449,19X,14,109,Oakland,1,True,True,D,BROADSIDE,,Saturday,,,,,False,False,False,,C,OTHER MOTOR VEHICLE,,0,0,A,DAYLIGHT,,,,,,,A,NO PEDESTRIANS INVOLVED,,A,21802A,,1,FOOTHILL BL,1,,,A,,,3RD AV,,,B,7/23/2024 2:27:11 PM,1/28/2025 3:26:23 PM,,,2,,,,,,,
2588062,23-051866,2,False,0109,9/30/2023 4:04:00 PM,1604,19X,14,109,Oakland,1,True,True,D,BROADSIDE,,Saturday,,,M,,False,False,False,,C,OTHER MOTOR VEHICLE,,0,0,A,DAYLIGHT,,,,,,,A,NO PEDESTRIANS INVOLVED,,A,21453A,,1,INTERNATIONAL BL,1,,,A,,,4TH AV,,,A,7/23/2024 2:27:11 PM,1/28/2025 3:26:23 PM,,,2,,,,,,,
2587936,23010001,2,False,0109,2/27/2023 8:14:00 PM,2014,31X,14,109,Oakland,1,True,True,B,SIDE SWIPE,,Monday,,,M,,False,False,False,,C,OTHER MOTOR VEHICLE,,0,0,C,DARK-STREET LIGHTS,,,,,,,F,NOT IN ROAD,,A,21453A,,2,98TH AV,2,,,B,,,EDES AV,,,A,7/23/2024 2:27:03 PM,1/28/2025 3:26:20 PM,,,2,,,,,,,
2587899,23-041950,2,False,0109,8/13/2023 5:44:00 PM,1744,09X,14,109,Oakland,1,True,True,B,SIDE SWIPE,,Sunday,,,,,False,False,True,,E,PARKED MOTOR VEHICLE,,0,0,A,DAYLIGHT,,,,,,,A,NO PEDESTRIANS INVOLVED,,A,23152A,,1,MONTE VISTA AV,1,,,A,,,ROBLEY TER,,,D,7/23/2024 2:27:01 PM,1/28/2025 3:26:20 PM,,,2,,,,,,,
2587327,23-066431,2,False,0109,12/1/2023 1:36:00 PM,1336,27X,14,109,Oakland,1,True,True,A,HEAD-ON,,Friday,,,,,False,False,False,,C,OTHER MOTOR VEHICLE,,2,0,A,DAYLIGHT,,,,,,,A,NO PEDESTRIANS INVOLVED,,A,21802A,,1,50TH AV,2,,,B,,,BANCROFT AV,,,A,7/23/2024 2:26:26 PM,1/28/2025 3:26:08 PM,,,2,,,,,,,
2587326,23-065014,2,False,0109,12/9/2023 3:19:00 PM,1519,27X,14,109,Oakland,1,True,True,D,BROADSIDE,,Saturday,,,,,False,False,False,,C,OTHER MOTOR VEHICLE,,1,0,A,DAYLIGHT,,,,,,,A,NO PEDESTRIANS INVOLVED,,A,21453A,,1,HIGH ST,2,,,A,,,BOND ST,,,A,7/23/2024 2:26:26 PM,1/28/2025 3:26:08 PM,,,2,,,,,,,
2587325,23-065997,2,False,0109,12/14/2023 8:00:00 PM,2000,23X,14,109,Oakland,1,True,True,D,BROADSIDE,,Thursday,,,,,False,False,False,,C,OTHER MOTOR VEHICLE,,1,0,C,DARK-STREET LIGHTS,,,,,,,A,NO PEDESTRIANS INVOLVED,,A,21453A,,1,INTERNATIONAL BL,2,,,A,,,42ND AV,,,A,7/23/2024 2:26:26 PM,1/28/2025 3:26:08 PM,,,2,,,,,,,
2587324,23-063824,2,False,0109,12/2/2023 11:47:00 PM,2347,26X,14,109,Oakland,1,True,True,A,HEAD-ON,,Saturday,,,,,False,False,False,,,,,1,0,C,DARK-STREET LIGHTS,,,,,,,D,CROSSING - NOT IN CROSSWALK,,A,21954A,,1,SAN LEANDRO ST,2,,,B,W,20.0,47TH AV,F,,D,7/23/2024 2:26:26 PM,1/28/2025 3:26:08 PM,,,2,,,,,,,
2587323,23-067375,2,False,0109,12/22/2023 1:23:00 PM,1323,34X,14,109,Oakland,1,True,True,E,HIT OBJECT,,Friday,,,,,False,False,True,,I,FIXED OBJECT,,1,0,A,DAYLIGHT,,,,,,,F,NOT IN ROAD,,A,22107,,1,90TH AV,2,,,A,,,INTERNATIONAL BL,,,A,7/23/2024 2:26:26 PM,1/28/2025 3:26:08 PM,,,2,,,,,,,
2587321,23-064133,2,False,0109,12/4/2023 7:27:00 PM,1927,20X,14,109,Oakland,1,True,True,D,BROADSIDE,,Monday,,,M,,False,False,False,,C,OTHER MOTOR VEHICLE,,2,0,C,DARK-STREET LIGHTS,,,,,,,A,NO PEDESTRIANS INVOLVED,,A,21453A,,1,29TH AV,2,,,A,S,400.0,E 10TH ST,F,,A,7/23/2024 2:26:26 PM,1/28/2025 3:26:08 PM,,,2,,,,,,,
2587310,23-063967,2,False,0109,12/3/2023 11:38:00 PM,2338,27X,14,109,Oakland,1,True,True,H,OTHER,,Sunday,,,M,,False,False,False,,E,PARKED MOTOR VEHICLE,,0,0,C,DARK-STREET LIGHTS,,,,,,,A,NO PEDESTRIANS INVOLVED,,A,22107,,1,WENTWORTH AV,2,,,A,N,50.0,FAIRFAX AV,F,,D,7/23/2024 2:26:25 PM,1/28/2025 3:26:08 PM,,,2,,,,,,,
2587309,23-063983,2,False,0109,12/4/2023 2:26:00 AM,226,19X,14,109,Oakland,1,True,True,B,SIDE SWIPE,,Monday,,,M,,False,False,False,,C,OTHER MOTOR VEHICLE,,0,0,C,DARK-STREET LIGHTS,,,,,,,A,NO PEDESTRIANS INVOLVED,,A,21453A,,1,14TH AV,1,,,A,,,INTERNATIONAL BL,,,A,7/23/2024 2:26:25 PM,1/28/2025 3:26:08 PM,,,2,,,,,,,
2587308,23-064125,2,False,0109,12/4/2023 6:50:00 PM,1850,27X,14,109,Oakland,1,True,True,C,REAR END,,Monday,,,M,,False,False,False,,C,OTHER MOTOR VEHICLE,,0,0,C,DARK-STREET LIGHTS,,,,,,,A,NO PEDESTRIANS INVOLVED,,A,22350,,1,PRINCETON ST,2,,,A,W,400.0,VICKSBURG AV,F,,D,7/23/2024 2:26:25 PM,1/28/2025 3:26:08 PM,,,2,,,,,,,
2587307,23-065046,2,False,0109,12/9/2023 7:45:00 PM,1945,04X,14,109,Oakland,1,True,True,D,BROADSIDE,,Saturday,,,M,,False,False,False,,C,OTHER MOTOR VEHICLE,,0,0,C,DARK-STREET LIGHTS,,,,,,,A,NO PEDESTRIANS INVOLVED,,A,21453A,,1,TELEGRAPH AV,1,,,A,,,17TH ST,,,A,7/23/2024 2:26:25 PM,1/28/2025 3:26:08 PM,,,2,,,,,,,
2587306,23-064102,2,False,0109,12/4/2023 3:45:00 PM,1545,31X,14,109,Oakland,1,True,True,H,OTHER,,Monday,,,M,,False,False,False,,I,FIXED OBJECT,,0,0,A,DAYLIGHT,,,,,,,A,NO PEDESTRIANS INVOLVED,,A,22106,,1,JONES AV,2,,,A,S,170.0,EDES AV,F,,D,7/23/2024 2:26:25 PM,1/28/2025 3:26:08 PM,,,2,,,,,,,
2587305,23-064107,2,False,0109,12/4/2023 4:07:00 PM,1607,35X,14,109,Oakland,1,True,True,D,BROADSIDE,,Monday,,,,,False,False,False,,C,OTHER MOTOR VEHICLE,,0,0,A,DAYLIGHT,,,,,,,A,NO PEDESTRIANS INVOLVED,,A,21802A,,1,KELLER AV,2,,,A,,,SKYLINE BL,,,A,7/23/2024 2:26:25 PM,1/28/2025 3:26:08 PM,,,2,,,,,,,
2587304,23-064112,2,False,0109,12/4/2023 4:50:00 PM,1650,27X,14,109,Oakland,1,True,True,B,SIDE SWIPE,,Monday,,,M,,False,False,False,,C,OTHER MOTOR VEHICLE,,0,0,A,DAYLIGHT,,,,,,,A,NO PEDESTRIANS INVOLVED,,A,22107,,1,50TH AV,2,,,A,,,BANCROFT AV,,,D,7/23/2024 2:26:25 PM,1/28/2025 3:26:08 PM,,,2,,,,,,,
2587303,23-066535,2,False,0109,12/18/2023 9:12:00 AM,912,33X,14,109,Oakland,1,True,True,D,BROADSIDE,,Monday,,,M,,False,False,False,,C,OTHER MOTOR VEHICLE,,0,0,A,DAYLIGHT,,,,,,,A,NO PEDESTRIANS INVOLVED,,A,21453A,,1,85TH AV,2,,,B,,,INTERNATIONAL BL,,,A,7/23/2024 2:26:25 PM,1/28/2025 3:26:08 PM,,,2,,,,,,,
2587302,23-064342,2,False,0109,12/5/2023 8:33:00 PM,2033,29X,14,109,Oakland,1,True,True,B,SIDE SWIPE,,Tuesday,,,M,,False,False,False,,C,OTHER MOTOR VEHICLE,,0,0,C,DARK-STREET LIGHTS,,,,,,,A,NO PEDESTRIANS INVOLVED,,A,21453A,,1,FOOTHILL BL,2,,,A,,,HEAVENSCOURT BL,,,A,7/23/2024 2:26:25 PM,1/28/2025 3:26:08 PM,,,2,,,,,,,
2587301,23-064629,2,False,0109,12/7/2023 10:17:00 AM,1017,26X,14,109,Oakland,1,True,True,A,HEAD-ON,,Thursday,,,,,False,False,False,,I,FIXED OBJECT,,0,0,A,DAYLIGHT,,,,,,,A,NO PEDESTRIANS INVOLVED,,A,22107,,1,66TH AV,2,,,A,N,20.0,SAN LEANDRO ST,F,,A,7/23/2024 2:26:25 PM,1/28/2025 3:26:08 PM,,,2,,,,,,,
2587300,23-064936,2,False,0109,12/9/2023 2:25:00 AM,225,04X,14,109,Oakland,1,True,True,E,HIT OBJECT,,Saturday,,,,,False,False,False,,I,FIXED OBJECT,,0,0,C,DARK-STREET LIGHTS,,,,,,,A,NO PEDESTRIANS INVOLVED,,A,22107,,1,19TH ST,1,,,A,,,FRANKLIN ST,,,A,7/23/2024 2:26:25 PM,1/28/2025 3:26:08 PM,,,2,,,,,,,
2587299,23-067537,2,False,0109,12/23/2023 12:23:00 PM,1223,32X,14,109,Oakland,1,True,True,B,SIDE SWIPE,,Saturday,,,M,,False,False,False,,E,PARKED MOTOR VEHICLE,,0,0,A,DAYLIGHT,,,,,,,A,NO PEDESTRIANS INVOLVED,,A,22107,,1,101ST AV,2,,,A,,,WALNUT ST,,,D,7/23/2024 2:26:24 PM,1/28/2025 3:26:08 PM,,,2,,,,,,,
2587298,23-064622,2,False,0109,12/8/2023 9:05:00 AM,905,08X,14,109,Oakland,1,True,True,C,REAR END,,Friday,,,,,False,False,False,,C,OTHER MOTOR VEHICLE,,0,0,A,DAYLIGHT,,,,,,,A,NO PEDESTRIANS INVOLVED,,C,,,,GRAND AV,1,,,A,E,30.0,BROADWAY,F,,A,7/23/2024 2:26:24 PM,1/28/2025 3:26:08 PM,,,2,,,,,,,
2587262,23-065740,2,False,0109,12/13/2023 6:46:00 AM,646,07X,14,109,Oakland,1,True,True,D,BROADSIDE,,Wednesday,,,,,False,False,True,,C,OTHER MOTOR VEHICLE,,1,0,A,DAYLIGHT,,,,,,,A,NO PEDESTRIANS INVOLVED,,A,21801A,,1,W GRAND AV,1,,,A,,,MANDELA PKWY,,,A,7/23/2024 2:26:22 PM,1/28/2025 3:26:07 PM,,,2,,,,,,,
2587260,23-067198,2,False,0109,12/21/2023 1:14:00 PM,1314,26X,14,109,Oakland,1,True,True,C,REAR END,,Thursday,,,M,,False,False,False,,C,OTHER MOTOR VEHICLE,,1,0,A,DAYLIGHT,,,,,,,A,NO PEDESTRIANS INVOLVED,,A,22350,,1,69TH AV,2,,,A,N,40.0,SAN LEANDRO ST,F,,A,7/23/2024 2:26:22 PM,1/28/2025 3:26:07 PM,,,2,,,,,,,
2587259,23-066333,2,False,0109,12/16/2023 11:11:00 PM,2311,29X,14,109,Oakland,1,True,True,G,VEHICLE/PEDESTRAIN,,Saturday,,,,,False,False,False,,B,PEDESTRIAN,,1,0,C,DARK-STREET LIGHTS,,,,,,,D,CROSSING - NOT IN CROSSWALK,,A,21954A,,1,BANCROFT AV,2,,,A,E,160.0,62ND AV,F,,D,7/23/2024 2:26:22 PM,1/28/2025 3:26:07 PM,,,2,,,,,,,
2587258,23-063767,2,False,0109,12/2/2023 4:09:00 PM,1609,10Y,14,109,Oakland,1,True,True,A,HEAD-ON,,Saturday,,,,,False,False,True,,C,OTHER MOTOR VEHICLE,,2,0,A,DAYLIGHT,,,,,,,A,NO PEDESTRIANS INVOLVED,,A,21802A,,1,MARTIN LUTHER KING JR WY,1,,,B,,,54TH ST,,,A,7/23/2024 2:26:22 PM,1/28/2025 3:26:07 PM,,,2,,,,,,,
2587257,23-068005,2,False,0109,12/26/2023 2:05:00 PM,1405,03Y,14,109,Oakland,1,True,True,A,HEAD-ON,,Tuesday,,,,,False,False,False,,B,PEDESTRIAN,,1,0,A,DAYLIGHT,,,,,,,B,CROSSING IN CROSS WALK AT INTERSECTION,,A,21456B,,1,CASTRO ST,1,,,A,,,11TH ST,,,A,7/23/2024 2:26:22 PM,1/28/2025 3:26:07 PM,,,2,,,,,,,
2587256,23-066519,2,False,0109,12/18/2023 7:09:00 AM,709,31X,14,109,Oakland,1,True,True,D,BROADSIDE,,Monday,,,,,False,False,False,,C,OTHER MOTOR VEHICLE,,2,0,B,DUSK-DAWN,,,,,,,A,NO PEDESTRIANS INVOLVED,,A,21801A,,1,98TH AV,2,,,B,,,AIRPORT ACCESS RD,,,A,7/23/2024 2:26:22 PM,1/28/2025 3:26:07 PM,,,2,,,,,,,
2587255,23-064611,2,False,0109,12/7/2023 8:29:00 AM,829,02Y,14,109,Oakland,1,True,True,D,BROADSIDE,,Thursday,,,,,False,False,False,,C,OTHER MOTOR VEHICLE,,2,0,A,DAYLIGHT,,,,,,,A,NO PEDESTRIANS INVOLVED,,A,22450A,,1,14TH ST,1,,,A,,,CAMPBELL ST,,,A,7/23/2024 2:26:22 PM,1/28/2025 3:26:07 PM,,,2,,,,,,,
2587254,23-063532,2,False,0109,12/1/2023 11:19:00 AM,1119,12X,14,109,Oakland,1,True,True,G,VEHICLE/PEDESTRAIN,,Friday,,,F,,False,False,False,,G,BICYCLE,,1,0,A,DAYLIGHT,,,,,,,A,NO PEDESTRIANS INVOLVED,,A,21801A,,1,CHABOT RD,1,,,A,,,COLLEGE AV,,,D,7/23/2024 2:26:22 PM,1/28/2025 3:26:07 PM,,,2,,,,,,,
2587223,23-030563,2,False,0109,6/17/2023 9:49:00 AM,949,06X,14,109,Oakland,1,True,True,D,BROADSIDE,,Saturday,,,,,False,False,False,,C,OTHER MOTOR VEHICLE,,1,0,A,DAYLIGHT,,,,,,,A,NO PEDESTRIANS INVOLVED,,A,21802A,,1,MARKET ST,1,,,A,,,32ND ST,,,D,7/23/2024 2:26:20 PM,1/28/2025 3:26:06 PM,,,2,,,,,,,
2587219,23-067821,2,False,0109,12/25/2023 3:45:00 AM,345,18Y,14,109,Oakland,1,True,True,A,HEAD-ON,,Monday,,,M,,False,False,False,,E,PARKED MOTOR VEHICLE,,0,0,C,DARK-STREET LIGHTS,,,,,,,A,NO PEDESTRIANS INVOLVED,,A,22106,,1,E 25TH ST,1,,,A,E,50.0,19TH AV,F,,D,7/23/2024 2:26:20 PM,1/28/2025 3:26:06 PM,,,2,,,,,,,
2587218,23-066087,2,False,0109,12/15/2023 10:00:00 AM,1000,31Z,14,109,Oakland,1,True,True,B,SIDE SWIPE,,Friday,,,M,,False,False,False,,C,OTHER MOTOR VEHICLE,,0,0,A,DAYLIGHT,,,,,,,A,NO PEDESTRIANS INVOLVED,,A,22107,,1,GHORMLEY AV,2,,,A,E,500.0,MADDUX DR,F,,D,7/23/2024 2:26:20 PM,1/28/2025 3:26:06 PM,,,2,,,,,,,
2587217,23-064413,2,False,0109,12/6/2023 8:16:00 AM,816,01X,14,109,Oakland,1,True,True,C,REAR END,,Wednesday,,,,,False,False,False,,C,OTHER MOTOR VEHICLE,,3,0,A,DAYLIGHT,,,,,,,A,NO PEDESTRIANS INVOLVED,,A,22350,,1,BANCROFT AV,2,,,A,,,79TH AV,,,A,7/23/2024 2:26:20 PM,1/28/2025 3:26:06 PM,,,2,,,,,,,
2587062,23-064571,2,False,0109,12/6/2023 9:33:00 PM,2133,35X,14,109,Oakland,1,True,True,E,HIT OBJECT,,Wednesday,,,,,False,False,True,,I,FIXED OBJECT,,0,0,C,DARK-STREET LIGHTS,,,,,,,A,NO PEDESTRIANS INVOLVED,,A,23152A,,1,AUSEON AV,2,,,A,S,168.0,DOWLING ST,F,,D,7/23/2024 2:26:11 PM,1/28/2025 3:26:02 PM,,,2,,,,,,,
2587061,23-067076,2,False,0109,12/20/2023 8:03:00 PM,2003,20X,14,109,Oakland,1,True,True,D,BROADSIDE,,Wednesday,,,M,,False,False,False,,C,OTHER MOTOR VEHICLE,,0,0,C,DARK-STREET LIGHTS,,,,,,,A,NO PEDESTRIANS INVOLVED,,A,22450A,,1,27TH AV,2,,,A,,,FOOTHILL BL,,,A,7/23/2024 2:26:11 PM,1/28/2025 3:26:02 PM,,,2,,,,,,,
2587060,23-067429,2,False,0109,12/22/2023 7:56:00 PM,1956,27X,14,109,Oakland,1,True,True,D,BROADSIDE,,Friday,,,M,,False,False,False,,C,OTHER MOTOR VEHICLE,,0,0,C,DARK-STREET LIGHTS,,,,,,,A,NO PEDESTRIANS INVOLVED,,A,21453A,,1,INTERNATIONAL BL,2,,,A,,,BANCROFT AV,,,A,7/23/2024 2:26:11 PM,1/28/2025 3:26:02 PM,,,2,,,,,,,
2587059,23-065087,2,False,0109,12/10/2023 4:50:00 AM,450,22X,14,109,Oakland,1,True,True,B,SIDE SWIPE,,Sunday,,,M,,False,False,True,,E,PARKED MOTOR VEHICLE,,0,0,C,DARK-STREET LIGHTS,,,,,,,A,NO PEDESTRIANS INVOLVED,,A,22107,,1,LINCOLN AV,2,,,A,N,100.0,MACARTHUR BL,F,,D,7/23/2024 2:26:11 PM,1/28/2025 3:26:02 PM,,,2,,,,,,,
2587058,23-065060,2,False,0109,12/9/2023 10:59:00 PM,2259,29X,14,109,Oakland,1,True,True,D,BROADSIDE,,Saturday,,,M,,False,False,True,,C,OTHER MOTOR VEHICLE,,0,0,D,DARK-NO STREET LIGHTS,,,,,,,A,NO PEDESTRIANS INVOLVED,,A,21453A,,1,BANCROFT AV,2,,,A,,,VICKSBURG AV,,,B,7/23/2024 2:26:11 PM,1/28/2025 3:26:02 PM,,,2,,,,,,,
2587057,23-065050,2,False,0109,12/9/2023 7:58:00 PM,1958,24X,14,109,Oakland,1,True,True,B,SIDE SWIPE,,Saturday,,,M,,False,False,False,,E,PARKED MOTOR VEHICLE,,0,0,C,DARK-STREET LIGHTS,,,,,,,A,NO PEDESTRIANS INVOLVED,,A,22107,,1,38TH AV,2,,,A,S,50.0,LYON AV,F,,B,7/23/2024 2:26:11 PM,1/28/2025 3:26:02 PM,,,2,,,,,,,
2587056,23-064931,2,False,0109,12/9/2023 2:13:00 AM,213,19X,14,109,Oakland,1,True,True,D,BROADSIDE,,Saturday,,,,,False,False,False,,C,OTHER MOTOR VEHICLE,,0,0,C,DARK-STREET LIGHTS,,,,,,,A,NO PEDESTRIANS INVOLVED,,A,21453A,,1,E 12TH ST,1,,,A,,,14TH AV,,,A,7/23/2024 2:26:11 PM,1/28/2025 3:26:02 PM,,,2,,,,,,,
2587055,23-065039,2,False,0109,12/9/2023 6:30:00 PM,1830,27Y,14,109,Oakland,1,True,True,C,REAR END,,Saturday,,,M,,False,False,False,,E,PARKED MOTOR VEHICLE,,0,0,C,DARK-STREET LIGHTS,,,,,,,A,NO PEDESTRIANS INVOLVED,,A,22107,,1,62ND AV,2,,,A,S,10.0,E 16TH ST,F,,A,7/23/2024 2:26:11 PM,1/28/2025 3:26:02 PM,,,2,,,,,,,
2587054,23-063943,2,False,0109,12/1/2023 6:06:00 PM,1806,27X,14,109,Oakland,1,True,True,B,SIDE SWIPE,,Friday,,,M,,False,False,False,,E,PARKED MOTOR VEHICLE,,0,0,C,DARK-STREET LIGHTS,,,,,,,A,NO PEDESTRIANS INVOLVED,,A,22107,,1,BELVEDERE ST,2,,,A,N,393.0,YGNACIO AV,F,,D,7/23/2024 2:26:11 PM,1/28/2025 3:26:02 PM,,,2,,,,,,,
2587053,23-064984,2,False,0109,12/9/2023 11:09:00 AM,1109,35Y,14,109,Oakland,1,True,True,B,SIDE SWIPE,,Saturday,,,,,False,False,False,,C,OTHER MOTOR VEHICLE,,0,0,A,DAYLIGHT,,,,,,,A,NO PEDESTRIANS INVOLVED,,A,21460A,,1,CAMPUS DR,2,,,A,W,501.0,KELLER AV,F,,D,7/23/2024 2:26:11 PM,1/28/2025 3:26:02 PM,,,2,,,,,,,
2587052,23-064390,2,False,0109,12/6/2023 4:21:00 AM,421,20X,14,109,Oakland,1,True,True,E,HIT OBJECT,,Wednesday,,,,,False,False,True,,I,FIXED OBJECT,,0,0,B,DUSK-DAWN,,,,,,,A,NO PEDESTRIANS INVOLVED,,A,22107,,1,DERBY AV,2,,,A,,,E10TH ST,,,D,7/23/2024 2:26:11 PM,1/28/2025 3:26:02 PM,,,2,,,,,,,
2587051,23-041660,2,False,0109,12/7/2023 5:02:00 PM,1702,26X,14,109,Oakland,1,True,True,D,BROADSIDE,,Thursday,,,,,False,False,False,,C,OTHER MOTOR VEHICLE,,0,0,A,DAYLIGHT,,,,,,,A,NO PEDESTRIANS INVOLVED,,A,21804A,,1,HIGH ST,2,,,A,N,25.0,COLISEUM WY,F,,D,7/23/2024 2:26:11 PM,1/28/2025 3:26:02 PM,,,2,,,,,,,