collision-id,report-number,report-version,is-preliminary,ncic-code,crash-date-time,crash-time-description,beat,city-id,city-code,city-name,county-code,city-is-active,city-is-incorporated,collision-type-code,collision-type-description,collision-type-other-desc,day-of-week,dispatch-notified,has-photographs,hit-run,is-attachments-mailed,is-deleted,is-highway-related,is-tow-away,judicial-district,motor-vehicle-involved-with-code,motor-vehicle-involved-with-desc,motor-vehicle-involved-with-other-desc,number-injured,number-killed,lighting-code,lighting-description,latitude,longitude,milepost-direction,milepost-distance,milepost-marker,milepost-unit-of-measure,pedestrian-action-code,pedestrian-action-desc,prepared-date,primary-collision-factor-code,primary-collision-factor-description,primary-collision-factor-is-cited,primary-collision-party-number,primary-road,reporting-district,reporting-district-code,reviewed-date,roadway-surface-code,secondary-direction,secondary-distance,secondary-road,secondary-unit-of-measure,sketch-desc,traffic-control-device-code,created-date,modified-date,is-county-road,is-freeway,chp-555-version,is-additonal-object-struck,notification-date,notification-time-description,has-digital-media-files,evidence-number,is-location-refer-to-narrative,is-aoi-one-same-as-location
4395832,23-019709,2,False,0109,4/22/2023 8:37:00 AM,837,22Y,14,109,Oakland,1,True,True,E,HIT OBJECT,,Saturday,,,,,False,False,True,,I,FIXED OBJECT,,0,1,A,DAYLIGHT,,,,,,,A,NO PEDESTRIANS INVOLVED,,A,23152G,,1,JOAQUIN MILLER RD,2,,,A,N,6.0,SKYLINE BL,F,,A,9/16/2024 1:30:59 PM,1/28/2025 3:21:06 PM,,,2,,,,,,,
4389008,23-059206,2,False,0109,11/7/2023 5:08:00 PM,1708,34X,14,109,Oakland,1,True,True,B,SIDE SWIPE,,Tuesday,,,,,False,False,False,,C,OTHER MOTOR VEHICLE,,0,0,A,DAYLIGHT,,,,,,,A,NO PEDESTRIANS INVOLVED,,A,22107,,1,AUSEON AV,2,,,A,N,30.0,INTERNATIONAL,F,,D,9/10/2024 1:58:46 PM,1/28/2025 3:29:10 PM,,,2,,,,,,,
4384126,23-051599,2,False,0109,9/29/2023 8:55:00 AM,855,21X,14,109,Oakland,1,True,True,C,REAR END,,Friday,,,M,,False,False,False,,C,OTHER MOTOR VEHICLE,,0,0,A,DAYLIGHT,,,,,,,A,NO PEDESTRIANS INVOLVED,,A,22107,,1,MITCHELL ST,2,,,A,E,0.3,E 16TH ST,M,,D,9/6/2024 10:23:16 AM,1/28/2025 3:28:45 PM,,,2,,,,,,,
4381161,23-063778,2,False,0109,12/2/2023 5:11:00 PM,1711,13Z,14,109,Oakland,1,True,True,G,VEHICLE/PEDESTRAIN,,Saturday,,,,,False,False,False,,B,PEDESTRIAN,,1,0,B,DUSK-DAWN,,,,,,,B,CROSSING IN CROSS WALK AT INTERSECTION,,A,12950A,,1,LA SALLE AV,1,,,B,E,45.0,MOUNTAIN BL,F,,A,9/4/2024 10:43:01 AM,1/28/2025 3:29:10 PM,,,2,,,,,,,
4381037,23-059473,2,False,0109,11/9/2023 8:15:00 AM,815,31X,14,109,Oakland,1,True,True,B,SIDE SWIPE,,Thursday,,,,,False,False,False,,C,OTHER MOTOR VEHICLE,,1,0,A,DAYLIGHT,,,,,,,A,NO PEDESTRIANS INVOLVED,,A,22107,,1,HEGENBERGER RD,2,,,A,N,200.0,PARDEE ST,F,,D,9/4/2024 9:43:01 AM,1/28/2025 3:28:54 PM,,,2,,,,,,,
4380771,23-046047,2,False,0109,9/3/2023 11:19:00 PM,2319,18X,14,109,Oakland,1,True,True,B,SIDE SWIPE,,Sunday,,,,,False,False,True,,C,OTHER MOTOR VEHICLE,,0,0,C,DARK-STREET LIGHTS,,,,,,,A,NO PEDESTRIANS INVOLVED,,D,,,,23RD AV,1,,,A,N,150.0,E 30TH ST,F,,D,9/4/2024 7:48:00 AM,1/28/2025 3:29:09 PM,,,2,,,,,,,
4380218,23-063809,2,False,0109,12/2/2023 10:08:00 PM,2208,31X,14,109,Oakland,1,True,True,D,BROADSIDE,,Saturday,,,,,False,False,False,,C,OTHER MOTOR VEHICLE,,2,0,C,DARK-STREET LIGHTS,,,,,,,A,NO PEDESTRIANS INVOLVED,,A,21453A,,,COLISEUM WY,2,,,A,,,HEGENBERGER RD,,,A,9/3/2024 4:27:58 PM,1/28/2025 3:26:08 PM,,,2,,,,,,,
4379781,23-012247,2,False,0109,3/11/2023 11:52:00 PM,2352,06X,14,109,Oakland,1,True,True,C,REAR END,,Saturday,,,,,False,False,True,,E,PARKED MOTOR VEHICLE,,0,0,C,DARK-STREET LIGHTS,,,,,,,A,NO PEDESTRIANS INVOLVED,,A,23152,,1,NORTHGATE AV,1,,,A,S,20.0,27TH ST,F,,A,9/3/2024 12:47:57 PM,1/28/2025 3:29:31 PM,,,2,,,,,,,
4379332,23-035354,2,False,0109,7/11/2023 3:10:00 PM,1510,31Y,14,109,Oakland,1,True,True,C,REAR END,,Tuesday,,,,,False,False,False,,C,OTHER MOTOR VEHICLE,,0,0,A,DAYLIGHT,,,,,,,A,NO PEDESTRIANS INVOLVED,,A,22350,,1,98TH AV,2,,,A,N,30.0,EMPIRE RD,F,,A,9/3/2024 10:12:56 AM,1/28/2025 3:29:28 PM,,,2,,,,,,,
4377274,23-020948,2,False,0109,4/29/2023 2:49:00 AM,249,22Y,14,109,Oakland,1,True,True,E,HIT OBJECT,,Saturday,,,,,False,False,True,,I,FIXED OBJECT,,0,0,C,DARK-STREET LIGHTS,,,,,,,A,NO PEDESTRIANS INVOLVED,,A,23152A,,1,MONTEREY BL,2,,,A,W,200.0,LINCOLN AV,F,,A,8/30/2024 12:52:40 PM,1/28/2025 3:29:31 PM,,,2,,,,,,,
4374672,23-054192,2,False,0109,10/12/2023 3:10:00 PM,1510,13Z,14,109,Oakland,1,True,True,C,REAR END,,Thursday,,,,,False,False,False,,C,OTHER MOTOR VEHICLE,,2,0,A,DAYLIGHT,,,,,,,A,NO PEDESTRIANS INVOLVED,,A,22350,,1,MORAGA AV,1,,,,,,MEDAU PL,,,A,8/29/2024 7:03:57 AM,1/28/2025 3:29:28 PM,,,2,,,,,,,
4369234,23-066166,2,False,0109,12/15/2023 10:36:00 PM,2236,26X,14,109,Oakland,1,True,True,A,HEAD-ON,,Friday,,,,,False,False,False,,E,PARKED MOTOR VEHICLE,,0,0,C,DARK-STREET LIGHTS,,,,,,,A,NO PEDESTRIANS INVOLVED,,A,23152A,,1,INTERNATIONAL BL,2,,,A,W,5.0,52ND AV,F,,A,8/26/2024 9:06:14 AM,1/28/2025 3:27:52 PM,,,2,,,,,,,
4369144,23-055694,2,False,0109,10/20/2023 9:50:00 AM,950,03X,14,109,Oakland,1,True,True,D,BROADSIDE,,Friday,,,,,False,False,False,,C,OTHER MOTOR VEHICLE,,0,0,A,DAYLIGHT,,,,,,,,,,A,21461A,,1,12TH ST,1,,,A,,,FRANKLIN ST,,,A,8/26/2024 8:36:10 AM,1/28/2025 3:29:20 PM,,,2,,,,,,,
4368275,23-064596,2,False,0109,12/7/2023 6:53:00 AM,653,05X,14,109,Oakland,1,True,True,D,BROADSIDE,,Thursday,,,,,False,False,False,,C,OTHER MOTOR VEHICLE,,0,0,A,DAYLIGHT,,,,,,,A,NO PEDESTRIANS INVOLVED,,D,21453A,,,BRUSH ST,1,,,A,,,18TH ST,,,A,8/23/2024 7:00:59 PM,1/28/2025 3:23:18 PM,,,2,,,,,,,
4360667,23-062345,2,False,0109,11/25/2023 8:34:00 AM,834,26X,14,109,Oakland,1,True,True,D,BROADSIDE,,Saturday,,,,,False,False,False,,C,OTHER MOTOR VEHICLE,,0,0,A,DAYLIGHT,,,,,,,A,NO PEDESTRIANS INVOLVED,,A,21804A,,1,COLISEUM WY,2,,,A,W,0.25,JULIE ANN WY,M,,D,8/19/2024 2:13:57 PM,1/28/2025 3:29:28 PM,,,2,,,,,,,
4360539,23-060653,2,False,0109,11/15/2023 1:40:00 PM,1340,07X,14,109,Oakland,1,True,True,B,SIDE SWIPE,,Wednesday,,,M,,False,False,False,,C,OTHER MOTOR VEHICLE,,0,0,A,DAYLIGHT,,,,,,,A,NO PEDESTRIANS INVOLVED,,A,22350,,1,ADELINE ST,1,,,A,N,10.0,30TH ST,F,,D,8/19/2024 1:28:56 PM,1/28/2025 3:29:25 PM,,,2,,,,,,,
4359793,23-055585,2,False,0109,10/19/2023 5:37:00 PM,1737,01X,14,109,Oakland,1,True,True,D,BROADSIDE,,Thursday,,,,,False,False,False,,C,OTHER MOTOR VEHICLE,,2,0,A,DAYLIGHT,,,,,,,A,NO PEDESTRIANS INVOLVED,,A,21800A,,1,EMBARCADERO,1,,,A,,,OAK ST,,,D,8/19/2024 9:13:42 AM,1/28/2025 3:29:25 PM,,,2,,,,,,,
4359736,23-056334,2,False,0109,10/23/2023 9:00:00 AM,900,31Y`,14,109,Oakland,1,True,True,B,SIDE SWIPE,,Monday,,,,,False,False,False,,C,OTHER MOTOR VEHICLE,,1,0,A,DAYLIGHT,,,,,,,A,NO PEDESTRIANS INVOLVED,,A,22107,,1,NEVADA ST,2,,,A,S,12.0,RAILROAD AV,F,,D,8/19/2024 8:58:39 AM,1/28/2025 3:29:25 PM,,,2,,,,,,,
4359673,23-051535,2,False,0109,9/28/2023 10:21:00 PM,2221,31Y,14,109,Oakland,1,True,True,G,VEHICLE/PEDESTRAIN,,Thursday,,,,,False,False,False,,B,PEDESTRIAN,,1,0,C,DARK-STREET LIGHTS,,,,,,,D,CROSSING - NOT IN CROSSWALK,,A,21950B,,1,HEGENBERGER RD,2,,,A,N,60.0,EDES AV,F,,D,8/19/2024 8:38:39 AM,1/28/2025 3:29:25 PM,,,2,,,,,,,
4359509,23-036298,2,False,0109,7/16/2023 12:33:00 AM,33,30X,14,109,Oakland,1,True,True,D,BROADSIDE,,Sunday,,,M,,False,False,False,,C,OTHER MOTOR VEHICLE,,0,0,C,DARK-STREET LIGHTS,,,,,,,A,NO PEDESTRIANS INVOLVED,,A,22450A,,1,78TH AV,2,,,A,,,MACARTHUR BL,,,A,8/19/2024 7:28:35 AM,1/28/2025 3:29:25 PM,,,2,,,,,,,
4359415,23-021399,2,False,0109,5/1/2023 4:23:00 PM,1623,08X,14,109,Oakland,1,True,True,A,HEAD-ON,,Monday,,,,,False,False,False,,C,OTHER MOTOR VEHICLE,,2,0,A,DAYLIGHT,,,,,,,A,NO PEDESTRIANS INVOLVED,,A,22107,,1,TELEGRAPH AV,1,,,A,S,20.0,WEST MACARTHUR BL,F,,A,8/19/2024 6:48:31 AM,1/28/2025 3:29:25 PM,,,2,,,,,,,
4359405,23-020967,2,False,0109,4/29/2023 7:47:00 AM,747,30X,14,109,Oakland,1,True,True,D,BROADSIDE,,Saturday,,,M,,False,False,False,,E,PARKED MOTOR VEHICLE,,0,0,B,DUSK-DAWN,,,,,,,A,NO PEDESTRIANS INVOLVED,,A,22107,,1,68TH AV,2,,,A,N,300.0,INTERNATIONAL BL,F,,A,8/19/2024 6:43:31 AM,1/28/2025 3:29:25 PM,,,2,,,,,,,
4359403,23-013497,2,False,0109,3/18/2023 8:00:00 PM,2000,02X,14,109,Oakland,1,True,True,A,HEAD-ON,,Saturday,,,,,False,False,False,,,,,1,0,B,DUSK-DAWN,,,,,,,A,NO PEDESTRIANS INVOLVED,,A,22450,,,34TH ST,1,,,A,W,30.0,MANDELA PKWY,F,,B,8/19/2024 6:43:31 AM,1/28/2025 3:29:25 PM,,,2,,,,,,,
4353818,23-039161,2,False,0109,7/31/2023 3:35:00 AM,335,32X,14,109,Oakland,1,True,True,A,HEAD-ON,,Monday,,,M,,False,False,False,,I,FIXED OBJECT,,0,0,C,DARK-STREET LIGHTS,,,,,,,A,NO PEDESTRIANS INVOLVED,,A,22350,,1,92ND AV,2,,,A,N,36.0,C ST,F,,A,8/14/2024 9:52:39 AM,1/28/2025 3:29:18 PM,,,2,,,,,,,
4352637,23-043317,2,False,0109,8/20/2023 11:23:00 AM,1123,03X,14,109,Oakland,1,True,True,D,BROADSIDE,,Sunday,,,,,False,False,False,,C,OTHER MOTOR VEHICLE,,0,0,A,DAYLIGHT,,,,,,,A,NO PEDESTRIANS INVOLVED,,A,22107,,1,14TH ST,1,,,A,,,OAK ST,,,A,8/13/2024 4:11:26 PM,1/28/2025 3:29:18 PM,,,2,,,,,,,
4352635,23-015698,2,False,0109,4/1/2023 1:40:00 AM,140,29X,14,109,Oakland,1,True,True,C,REAR END,,Saturday,,,M,,False,False,False,,E,PARKED MOTOR VEHICLE,,0,0,A,DAYLIGHT,,,,,,,A,NO PEDESTRIANS INVOLVED,,A,22107,,1,MACARTHUR BL,2,,,A,E,50.0,66TH AV,F,,D,8/13/2024 4:11:26 PM,1/28/2025 3:29:18 PM,,,2,,,,,,,
4352566,23-063469,2,False,0109,12/1/2023 11:23:00 PM,2323,33X,14,109,Oakland,1,True,True,B,SIDE SWIPE,,Friday,,,M,,False,False,False,,C,OTHER MOTOR VEHICLE,,0,0,C,DARK-STREET LIGHTS,,,,,,,A,NO PEDESTRIANS INVOLVED,,A,22102,,1,98TH AV,2,,,A,N,50.0,INTERNATIONAL BL,F,,A,8/13/2024 4:11:14 PM,1/28/2025 3:29:15 PM,,,2,,,,,,,
4020929,23-063491,2,False,0109,12/1/2023 7:14:00 AM,714,31Y,14,109,Oakland,1,True,True,A,HEAD-ON,,Friday,,,,,False,False,False,,C,OTHER MOTOR VEHICLE,,1,0,A,DAYLIGHT,,,,,,,A,NO PEDESTRIANS INVOLVED,,A,21453A,,,98TH AV,2,,,A,,,MADDUX DR,,,A,8/12/2024 8:25:51 AM,1/28/2025 3:29:24 PM,,,2,,,,,,,
4020712,23-053783,2,False,0109,10/11/2023 9:30:00 PM,2130,20X,14,109,Oakland,1,True,True,B,SIDE SWIPE,,Wednesday,,,M,,False,False,False,,E,PARKED MOTOR VEHICLE,,0,0,C,DARK-STREET LIGHTS,,,,,,,A,NO PEDESTRIANS INVOLVED,,A,22107,,1,SCHOOL ST,2,,,A,E,15.0,CURRAN AV,F,,A,8/12/2024 6:50:49 AM,1/28/2025 3:29:24 PM,,,2,,,,,,,
4020704,23-052010,2,False,0109,10/1/2023 1:05:00 PM,1305,26X,14,109,Oakland,1,True,True,A,HEAD-ON,,Sunday,,,,,False,False,False,,C,OTHER MOTOR VEHICLE,,0,0,A,DAYLIGHT,,,,,,,A,NO PEDESTRIANS INVOLVED,,A,21453A,,1,69TH AV,2,,,A,,,INTERNATIONAL BL,,,A,8/12/2024 6:45:49 AM,1/28/2025 3:29:24 PM,,,2,,,,,,,
4019334,23-055785,2,False,0109,10/20/2023 8:31:00 PM,2031,10Y,14,109,Oakland,1,True,True,C,REAR END,,Friday,,,,,False,False,False,,E,PARKED MOTOR VEHICLE,,1,0,C,DARK-STREET LIGHTS,,,,,,,A,NO PEDESTRIANS INVOLVED,,A,22107,,1,45TH ST,1,,,A,E,270.0,MARTIN LUTHER KING JR,F,,A,8/9/2024 12:40:36 PM,1/28/2025 3:29:22 PM,,,2,,,,,,,
4019313,23-051861,2,False,0109,10/1/2023 3:11:00 PM,1511,07X,14,109,Oakland,1,True,True,E,HIT OBJECT,,Sunday,,,,,False,False,False,,I,FIXED OBJECT,,0,0,A,DAYLIGHT,,,,,,,F,NOT IN ROAD,,A,22107,,1,PRESCOTT ST,1,,,A,N,10.0,MYRTLE,F,,D,8/9/2024 12:35:35 PM,1/28/2025 3:29:22 PM,,,2,,,,,,,
4019149,23-057954,2,False,0109,11/1/2023 8:45:00 AM,845,26X,14,109,Oakland,1,True,True,G,VEHICLE/PEDESTRAIN,,Wednesday,,,,,False,False,False,,B,PEDESTRIAN,,1,0,A,DAYLIGHT,,,,,,,B,CROSSING IN CROSS WALK AT INTERSECTION,,A,21950A,,1,81ST AV,2,,,A,,,RUDSDALE ST,,,C,8/9/2024 11:00:32 AM,1/28/2025 3:29:24 PM,,,2,,,,,,,
4019148,23-057135,2,False,0109,10/27/2023 2:09:00 PM,1409,03X,14,109,Oakland,1,True,True,E,HIT OBJECT,,Friday,,,M,,False,False,False,,A,NON-COLLISION,,0,0,A,DAYLIGHT,,,,,,,A,NO PEDESTRIANS INVOLVED,,A,21801A,,1,14TH ST,1,,,A,,,JACKSON ST,,,A,8/9/2024 11:00:32 AM,1/28/2025 3:29:22 PM,,,2,,,,,,,
4018980,23-025033,2,False,0109,5/19/2023 9:06:00 AM,906,31Y,14,109,Oakland,1,True,True,A,HEAD-ON,,Friday,,,M,,False,False,False,,J,OTHER OBJECT,,0,0,A,DAYLIGHT,,,,,,,A,NO PEDESTRIANS INVOLVED,,A,22107,,1,98TH AV,2,,,A,N,250.0,MADDUX DR,F,,D,8/9/2024 9:40:31 AM,1/28/2025 3:29:28 PM,,,2,,,,,,,
4018941,23-050749,2,False,0109,9/25/2023 11:00:00 AM,1100,21X,14,109,Oakland,1,True,True,B,SIDE SWIPE,,Monday,,,M,,False,False,False,,E,PARKED MOTOR VEHICLE,,0,0,C,DARK-STREET LIGHTS,,,,,,,A,NO PEDESTRIANS INVOLVED,,A,22107,,1,E 27TH ST,2,,,A,E,100.0,GRANDE VISTA AV,F,,D,8/9/2024 9:25:30 AM,1/28/2025 3:29:24 PM,,,2,,,,,,,
4018940,23-050278,2,False,0109,9/22/2023 8:55:00 PM,2055,04X,14,109,Oakland,1,True,True,D,BROADSIDE,,Friday,,,,,False,False,False,,C,OTHER MOTOR VEHICLE,,0,0,C,DARK-STREET LIGHTS,,,,,,,A,NO PEDESTRIANS INVOLVED,,A,22107,,1,11TH ST,1,,,A,,,HARRISON ST,,,A,8/9/2024 9:25:30 AM,1/28/2025 3:29:25 PM,,,2,,,,,,,
4018924,23-051448,2,False,0109,9/28/2023 1:35:00 PM,1335,31X,14,109,Oakland,1,True,True,C,REAR END,,Thursday,,,,,False,False,False,,C,OTHER MOTOR VEHICLE,,0,0,A,DAYLIGHT,,,,,,,A,NO PEDESTRIANS INVOLVED,,A,22350,,1,COLISEUM WY,2,,,A,,,66TH AV,,,A,8/9/2024 9:15:30 AM,1/28/2025 3:29:28 PM,,,2,,,,,,,
4018912,23-048896,2,False,0109,9/16/2023 6:21:00 PM,1821,21X,14,109,Oakland,1,True,True,D,BROADSIDE,,Saturday,,,,,False,False,False,,C,OTHER MOTOR VEHICLE,,1,0,A,DAYLIGHT,,,,,,,A,NO PEDESTRIANS INVOLVED,,A,21801A,,1,FRUITVALE AV,2,,,A,,,E 22ND ST,,,A,8/9/2024 9:10:30 AM,1/28/2025 3:29:28 PM,,,2,,,,,,,
4018884,23-046621,2,False,0109,9/5/2023 3:05:00 PM,1505,07X,14,109,Oakland,1,True,True,D,BROADSIDE,,Tuesday,,,,,False,False,False,,C,OTHER MOTOR VEHICLE,,1,0,A,DAYLIGHT,,,,,,,A,NO PEDESTRIANS INVOLVED,,A,21802A,,1,24TH ST,1,,,A,,,POPULAR ST,,,C,8/9/2024 8:55:29 AM,1/28/2025 3:29:08 PM,,,2,,,,,,,
4018878,23-051388,2,False,0109,9/28/2023 9:31:00 AM,931,09X,14,109,Oakland,1,True,True,D,BROADSIDE,,Thursday,,,,,False,False,False,,C,OTHER MOTOR VEHICLE,,0,0,A,DAYLIGHT,,,,,,,A,NO PEDESTRIANS INVOLVED,,A,21453A,,1,OAKLAND AV,1,,,A,,,SANTA CLARA AV,,,A,8/9/2024 8:55:29 AM,1/28/2025 3:29:25 PM,,,2,,,,,,,
4018873,23-050085,2,False,0109,9/21/2023 11:25:00 PM,2325,29X,14,109,Oakland,1,True,True,D,BROADSIDE,,Thursday,,,M,,False,False,False,,C,OTHER MOTOR VEHICLE,,0,0,C,DARK-STREET LIGHTS,,,,,,,A,NO PEDESTRIANS INVOLVED,,A,22350,,1,55TH AV,2,,,A,,,HILLEN DR,,,D,8/9/2024 8:55:28 AM,1/28/2025 3:29:24 PM,,,2,,,,,,,
4018858,23-050496,2,False,0109,9/24/2023 12:39:00 AM,39,04X,14,109,Oakland,1,True,True,D,BROADSIDE,,Sunday,,,M,,False,False,False,,C,OTHER MOTOR VEHICLE,,0,0,C,DARK-STREET LIGHTS,,,,,,,A,NO PEDESTRIANS INVOLVED,,A,21453A,,1,MARTIN LUTHER KING JR WY,1,,,A,,,18TH ST,,,A,8/9/2024 8:55:27 AM,1/28/2025 3:29:24 PM,,,2,,,,,,,
4018802,23-042572,2,False,0109,8/16/2023 11:14:00 PM,2314,33X,14,109,Oakland,1,True,True,C,REAR END,,Wednesday,,,,,False,False,True,,C,OTHER MOTOR VEHICLE,,0,0,C,DARK-STREET LIGHTS,,,,,,,A,NO PEDESTRIANS INVOLVED,,A,22107,,1,85TH AV,2,,,A,,,A ST,,,A,8/9/2024 8:55:23 AM,1/28/2025 3:29:23 PM,,,2,,,,,,,
4018493,23-039823,2,False,0109,8/2/2023 7:53:00 PM,1953,07X,14,109,Oakland,1,True,True,H,OTHER,,Wednesday,,,M,,False,False,False,,I,FIXED OBJECT,,0,0,A,DAYLIGHT,,,,,,,A,NO PEDESTRIANS INVOLVED,,A,22107,,1,24TH ST,1,,,A,E,50.0,MANDELA PKWY,F,,D,8/9/2024 8:54:58 AM,1/28/2025 3:29:23 PM,,,2,,,,,,,
4018486,23-044139,2,False,0109,8/24/2023 4:25:00 AM,425,27X,14,109,Oakland,1,True,True,E,HIT OBJECT,,Thursday,,,M,,False,False,False,,I,FIXED OBJECT,,0,0,C,DARK-STREET LIGHTS,,,,,,,A,NO PEDESTRIANS INVOLVED,,A,22107,,1,BROMLEY AV,2,,,A,W,20.0,64TH AV,F,,B,8/9/2024 8:54:58 AM,1/28/2025 3:29:23 PM,,,2,,,,,,,
4018465,23-015855,2,False,0109,4/1/2023 11:51:00 PM,2351,30X,14,109,Oakland,1,True,True,C,REAR END,,Saturday,,,M,,False,False,False,,C,OTHER MOTOR VEHICLE,,0,0,C,DARK-STREET LIGHTS,,,,,,,A,NO PEDESTRIANS INVOLVED,,A,23152A,,1,INTERNATIONAL BL,2,,,A,,,73RD AV,,,A,8/9/2024 8:54:56 AM,1/28/2025 3:29:23 PM,,,2,,,,,,,
4018426,23-002559,2,False,0109,1/15/2023 8:47:00 PM,2047,33X,14,109,Oakland,1,True,True,A,HEAD-ON,,Sunday,,,F,,False,False,True,,J,OTHER OBJECT,,2,0,C,DARK-STREET LIGHTS,,,,,,,A,NO PEDESTRIANS INVOLVED,,A,22107,,1,SAN LEANDRO ST,2,,,B,W,202.0,85TH AV,F,,D,8/9/2024 8:54:52 AM,1/28/2025 3:29:23 PM,,,2,,,,,,,
3769409,23-017250,2,False,0109,4/9/2023 4:55:00 PM,1655,02X,14,109,Oakland,1,True,True,F,OVERTURNED,,Sunday,,,,,False,False,False,,A,NON-COLLISION,,1,0,A,DAYLIGHT,,,,,,,A,NO PEDESTRIANS INVOLVED,,A,22350,,1,MARITIME ST,1,,,A,N,55.0,7TH ST,F,,A,8/8/2024 8:42:40 AM,1/28/2025 3:29:28 PM,,,2,,,,,,,
3768676,23-058249,2,False,0109,11/2/2023 3:12:00 PM,1512,06X,14,109,Oakland,1,True,True,B,SIDE SWIPE,,Thursday,,,,,False,False,False,,C,OTHER MOTOR VEHICLE,,0,0,A,DAYLIGHT,,,,,,,A,NO PEDESTRIANS INVOLVED,,A,21658A,,,12TH ST,1,,,A,,,CASTRO ST,,,A,8/7/2024 2:07:34 PM,1/28/2025 3:29:20 PM,,,2,,,,,,,
3767910,23-060928,2,False,0109,11/16/2023 9:24:00 PM,2124,07X,14,109,Oakland,1,True,True,C,REAR END,,Thursday,,,M,,False,False,False,,E,PARKED MOTOR VEHICLE,,0,0,B,DUSK-DAWN,,,,,,,A,NO PEDESTRIANS INVOLVED,,A,22350,,1,ADELINE ST,1,,,B,S,2.0,24TH ST,F,,D,8/7/2024 8:02:28 AM,1/28/2025 3:29:21 PM,,,2,,,,,,,
3767908,23-062215,2,False,0109,11/24/2023 10:00:00 AM,1000,07X,14,109,Oakland,1,True,True,D,BROADSIDE,,Friday,,,M,,False,False,False,,C,OTHER MOTOR VEHICLE,,0,0,A,DAYLIGHT,,,,,,,A,NO PEDESTRIANS INVOLVED,,A,22106,,1,21ST ST,1,,,A,W,5.0,CURTIS ST,F,,D,8/7/2024 8:02:28 AM,1/28/2025 3:29:21 PM,,,2,,,,,,,
3767851,23-063024,2,False,0109,11/22/2023 11:30:00 AM,1130,19X,14,109,Oakland,1,True,True,D,BROADSIDE,,Wednesday,,,,,False,False,False,,C,OTHER MOTOR VEHICLE,,0,0,A,DAYLIGHT,,,,,,,A,NO PEDESTRIANS INVOLVED,,A,21804A,,1,FOOTHILL BL,1,,,A,,,12TH AV,,,D,8/7/2024 7:37:28 AM,1/28/2025 3:29:21 PM,,,2,,,,,,,
3767830,23-059232,2,False,0109,11/7/2023 8:05:00 PM,2005,29X,14,109,Oakland,1,True,True,D,BROADSIDE,,Tuesday,,,,,False,False,False,,C,OTHER MOTOR VEHICLE,,0,0,C,DARK-STREET LIGHTS,,,,,,,A,NO PEDESTRIANS INVOLVED,,A,22450A,,1,OVERDALE AV,2,,,A,N,10.0,SEMINARY AV,F,,A,8/7/2024 7:27:28 AM,1/28/2025 3:29:21 PM,,,2,,,,,,,
3763331,24-029397,2,False,0109,6/13/2023 11:09:00 AM,1109,31Y,14,109,Oakland,1,True,True,A,HEAD-ON,,Tuesday,,,,,False,False,True,,C,OTHER MOTOR VEHICLE,,2,0,A,DAYLIGHT,,,,,,,A,NO PEDESTRIANS INVOLVED,,A,21801A,,1,BESSIE COLEMAN DR,2,,,A,,,98TH AV,,,A,8/6/2024 10:55:40 AM,1/28/2025 3:29:28 PM,,,2,,,,,,,
3521318,23-067742,2,False,0109,12/24/2023 4:39:00 PM,1639,20X,14,109,Oakland,1,True,True,B,SIDE SWIPE,,Sunday,,,,,False,False,False,,C,OTHER MOTOR VEHICLE,,0,0,B,DUSK-DAWN,,,,,,,A,NO PEDESTRIANS INVOLVED,,A,22107,,1,27TH AV,1,,,A,S,20.0,INTERNATIONAL BL,F,,A,8/5/2024 9:15:45 AM,1/28/2025 3:28:33 PM,,,2,,,,,,,
3050389,23-067442,2,False,0109,12/22/2023 7:57:00 PM,1957,04X,14,109,Oakland,1,True,True,A,HEAD-ON,,Friday,,,F,,False,False,False,,B,PEDESTRIAN,,1,0,C,DARK-STREET LIGHTS,,,,,,,D,CROSSING - NOT IN CROSSWALK,,D,,,,CASTRO ST,1,,,A,N,150.0,19TH ST,F,,D,7/31/2024 12:14:39 PM,1/28/2025 3:29:20 PM,,,2,,,,,,,
3050374,23-067725,2,False,0109,12/24/2023 2:07:00 PM,1407,26X,14,109,Oakland,1,True,True,D,BROADSIDE,,Sunday,,,,,False,False,False,,C,OTHER MOTOR VEHICLE,,0,0,A,DAYLIGHT,,,,,,,A,NO PEDESTRIANS INVOLVED,,A,21802A,,1,71ST AV,2,,,A,,,HAWLEY ST,,,D,7/31/2024 12:14:38 PM,1/28/2025 3:28:37 PM,,,2,,,,,,,
3050364,23-011258,2,False,0109,3/6/2023 3:10:00 PM,1510,18X,14,109,Oakland,1,True,True,D,BROADSIDE,,Monday,,,M,,False,False,False,,C,OTHER MOTOR VEHICLE,,1,0,A,DAYLIGHT,,,,,,,A,NO PEDESTRIANS INVOLVED,,A,21802A,,1,19TH AV,1,,,A,,,E 23RD ST,,,A,7/31/2024 12:14:37 PM,1/28/2025 3:29:29 PM,,,2,,,,,,,
3050363,23-066509,2,False,0109,12/17/2023 9:41:00 PM,2141,35X,14,109,Oakland,1,True,True,A,HEAD-ON,,Sunday,,,M,,False,False,True,,E,PARKED MOTOR VEHICLE,,0,0,C,DARK-STREET LIGHTS,,,,,,,A,NO PEDESTRIANS INVOLVED,,A,22107,,1,90TH AV,2,,,B,S,100.0,HILLSIDE ST,F,,D,7/31/2024 12:14:37 PM,1/28/2025 3:29:12 PM,,,2,,,,,,,
2726496,23-045819,2,False,0109,9/1/2023 10:15:00 PM,2215,02X,14,109,Oakland,1,True,True,C,REAR END,,Friday,,,M,,False,False,False,,,,,0,0,C,DARK-STREET LIGHTS,,,,,,,A,NO PEDESTRIANS INVOLVED,,A,22350,,1,FILBERT ST,1,,,A,W,50.0,8TH ST,F,,A,7/26/2024 10:28:01 AM,1/28/2025 3:29:20 PM,,,2,,,,,,,
2726408,23-068706,2,False,0109,12/30/2023 12:40:00 PM,1240,34X,14,109,Oakland,1,True,True,C,REAR END,,Saturday,,,,,False,False,False,,C,OTHER MOTOR VEHICLE,,0,0,A,DAYLIGHT,,,,,,,A,NO PEDESTRIANS INVOLVED,,A,22350,,1,BANCROFT AV,2,,,A,,,92ND AV,,,A,7/26/2024 9:38:01 AM,1/28/2025 3:29:20 PM,,,2,,,,,,,